{
"__comment": "Model generated using MrCrayfish's Model Creator (http://mrcrayfish.com/modelcreator/)",
"textures": {
    "0": "mcbt/coal_block",
    "1": "mcbt/shulker_top_gray",
    "2": "mcbt/anvil_base",
    "3": "mcbt/bed_feet_top",
    "4": "mcbt/modified_glass"
},
"display": {
    "thirdperson_righthand": {
        "rotation": [ 0, -20, 25 ],
        "translation": [ -1.5, 1.2, 0 ],
        "scale": [ 0.25, 0.25, 0.25 ]
    },
    "ground": {
        "rotation": [ 0, 100, 25 ],
        "translation": [ 0, 3, 0 ],
        "scale": [ 0.25, 0.25, 0.25 ]
    },
    "fixed": {
        "rotation": [ 0, 180, 0 ],
        "translation": [ 0, 0, -2 ],
        "scale": [ 0.5, 0.5, 0.5 ]
    },
    "gui": {
        "rotation": [ 0, -25, 25 ],
        "translation": [ 0, 1.4, 0 ],
        "scale": [ 0.85, 0.85, 0.85 ]
    },
    "firstperson_righthand": {
        "rotation": [ 0, -25, 0 ],
        "translation": [ 0, 2.5, 2 ],
        "scale": [ 0.25, 0.25, 0.25 ]
    }
},
"elements": [
    {
        "name": "Cube",
        "from": [ 1.0, 1.0, 1.0 ], 
        "to": [ 15.0, 15.0, 15.0 ], 
        "faces": {
            "north": { "texture": "#0", "uv": [ 0.0, 0.0, 14.0, 14.0 ] },
            "east": { "texture": "#0", "uv": [ 0.0, 0.0, 14.0, 14.0 ] },
            "south": { "texture": "#0", "uv": [ 0.0, 0.0, 14.0, 14.0 ] },
            "west": { "texture": "#0", "uv": [ 0.0, 0.0, 14.0, 14.0 ] },
            "up": { "texture": "#0", "uv": [ 0.0, 0.0, 14.0, 14.0 ] },
            "down": { "texture": "#0", "uv": [ 0.0, 0.0, 14.0, 14.0 ] }
        }
    },
    {
        "name": "Cube",
        "from": [ 1.9999999850988388, 1.4901161193847656E-8, 1.9999999850988388 ], 
        "to": [ 14.0, 1.0000000149011612, 13.999999985098839 ], 
        "faces": {
            "north": { "texture": "#1", "uv": [ 0.0, 0.0, 12.0, 1.0 ] },
            "east": { "texture": "#1", "uv": [ 0.0, 0.0, 12.0, 1.0 ] },
            "south": { "texture": "#1", "uv": [ 0.0, 0.0, 12.0, 1.0 ] },
            "west": { "texture": "#1", "uv": [ 0.0, 0.0, 12.0, 1.0 ] },
            "up": { "texture": "#1", "uv": [ 0.0, 0.0, 12.0, 12.0 ] },
            "down": { "texture": "#1", "uv": [ 0.0, 0.0, 12.0, 12.0 ] }
        }
    },
    {
        "name": "Cube",
        "from": [ 2.0, 2.0, 0.0 ], 
        "to": [ 14.0, 14.0, 1.0 ], 
        "faces": {
            "north": { "texture": "#2", "uv": [ 0.0, 0.0, 12.0, 12.0 ] },
            "east": { "texture": "#2", "uv": [ 0.0, 0.0, 1.0, 12.0 ] },
            "south": { "texture": "#2", "uv": [ 0.0, 0.0, 12.0, 12.0 ] },
            "west": { "texture": "#2", "uv": [ 0.0, 0.0, 1.0, 12.0 ] },
            "up": { "texture": "#2", "uv": [ 0.0, 0.0, 12.0, 1.0 ] },
            "down": { "texture": "#2", "uv": [ 0.0, 0.0, 12.0, 1.0 ] }
        }
    },
    {
        "name": "Cube",
        "from": [ 0.0, 2.0, 2.0 ], 
        "to": [ 1.0, 14.0, 14.0 ], 
        "faces": {
            "north": { "texture": "#2", "uv": [ 0.0, 0.0, 1.0, 12.0 ] },
            "east": { "texture": "#2", "uv": [ 0.0, 0.0, 12.0, 12.0 ] },
            "south": { "texture": "#2", "uv": [ 0.0, 0.0, 1.0, 12.0 ] },
            "west": { "texture": "#2", "uv": [ 0.0, 0.0, 12.0, 12.0 ] },
            "up": { "texture": "#2", "uv": [ 0.0, 0.0, 1.0, 12.0 ] },
            "down": { "texture": "#2", "uv": [ 0.0, 0.0, 1.0, 12.0 ] }
        }
    },
    {
        "name": "Cube",
        "from": [ 15.0, 2.0, 2.0 ], 
        "to": [ 16.0, 14.0, 14.0 ], 
        "faces": {
            "north": { "texture": "#2", "uv": [ 0.0, 0.0, 1.0, 12.0 ] },
            "east": { "texture": "#2", "uv": [ 0.0, 0.0, 12.0, 12.0 ] },
            "south": { "texture": "#2", "uv": [ 0.0, 0.0, 1.0, 12.0 ] },
            "west": { "texture": "#2", "uv": [ 0.0, 0.0, 12.0, 12.0 ] },
            "up": { "texture": "#2", "uv": [ 0.0, 0.0, 1.0, 12.0 ] },
            "down": { "texture": "#2", "uv": [ 0.0, 0.0, 1.0, 12.0 ] }
        }
    },
    {
        "name": "Cube",
        "from": [ 2.0, 15.0, 2.0 ], 
        "to": [ 14.0, 16.0, 14.0 ], 
        "faces": {
            "north": { "texture": "#2", "uv": [ 0.0, 0.0, 12.0, 1.0 ] },
            "east": { "texture": "#2", "uv": [ 0.0, 0.0, 12.0, 1.0 ] },
            "south": { "texture": "#2", "uv": [ 0.0, 0.0, 12.0, 1.0 ] },
            "west": { "texture": "#2", "uv": [ 0.0, 0.0, 12.0, 1.0 ] },
            "up": { "texture": "#2", "uv": [ 0.0, 0.0, 12.0, 12.0 ] },
            "down": { "texture": "#2", "uv": [ 0.0, 0.0, 12.0, 12.0 ] }
        }
    },
    {
        "name": "Cube",
        "from": [ 2.0, 13.0, 15.0 ], 
        "to": [ 14.0, 14.0, 16.0 ], 
        "faces": {
            "north": { "texture": "#2", "uv": [ 0.0, 0.0, 12.0, 1.0 ] },
            "east": { "texture": "#2", "uv": [ 0.0, 0.0, 1.0, 1.0 ] },
            "south": { "texture": "#2", "uv": [ 0.0, 0.0, 12.0, 1.0 ] },
            "west": { "texture": "#2", "uv": [ 0.0, 0.0, 1.0, 1.0 ] },
            "up": { "texture": "#2", "uv": [ 0.0, 1.0, 12.0, 2.0 ] },
            "down": { "texture": "#2", "uv": [ 0.0, 0.0, 12.0, 1.0 ] }
        }
    },
    {
        "name": "Cube",
        "from": [ 2.0, 2.0, 15.0 ], 
        "to": [ 14.0, 9.0, 16.0 ], 
        "faces": {
            "north": { "texture": "#2", "uv": [ 0.0, 0.0, 12.0, 7.0 ] },
            "east": { "texture": "#2", "uv": [ 0.0, 0.0, 1.0, 7.0 ] },
            "south": { "texture": "#2", "uv": [ 0.0, 0.0, 12.0, 7.0 ] },
            "west": { "texture": "#2", "uv": [ 0.0, 0.0, 1.0, 7.0 ] },
            "up": { "texture": "#2", "uv": [ 0.0, 0.0, 12.0, 1.0 ] },
            "down": { "texture": "#2", "uv": [ 0.0, 0.0, 12.0, 1.0 ] }
        }
    },
    {
        "name": "Cube",
        "from": [ 2.0, 9.0, 15.0 ], 
        "to": [ 3.0, 13.0, 16.0 ], 
        "faces": {
            "north": { "texture": "#2", "uv": [ 0.0, 0.0, 1.0, 4.0 ] },
            "east": { "texture": "#2", "uv": [ 0.0, 0.0, 1.0, 4.0 ] },
            "south": { "texture": "#2", "uv": [ 0.0, 0.0, 1.0, 4.0 ] },
            "west": { "texture": "#2", "uv": [ 0.0, 0.0, 1.0, 4.0 ] },
            "up": { "texture": "#2", "uv": [ 0.0, 0.0, 1.0, 1.0 ] },
            "down": { "texture": "#2", "uv": [ 0.0, 0.0, 1.0, 1.0 ] }
        }
    },
    {
        "name": "Cube",
        "from": [ 13.0, 9.0, 15.0 ], 
        "to": [ 14.0, 13.0, 16.0 ], 
        "faces": {
            "north": { "texture": "#2", "uv": [ 0.0, 0.0, 1.0, 4.0 ] },
            "east": { "texture": "#2", "uv": [ 0.0, 0.0, 1.0, 4.0 ] },
            "south": { "texture": "#2", "uv": [ 0.0, 0.0, 1.0, 4.0 ] },
            "west": { "texture": "#2", "uv": [ 0.0, 0.0, 1.0, 4.0 ] },
            "up": { "texture": "#2", "uv": [ 0.0, 0.0, 1.0, 1.0 ] },
            "down": { "texture": "#2", "uv": [ 0.0, 0.0, 1.0, 1.0 ] }
        }
    },
    {
        "name": "Cube",
        "from": [ 3.0, 9.0, 15.0 ], 
        "to": [ 13.0, 13.0, 15.099999986588955 ], 
        "faces": {
            "north": { "texture": "#3", "uv": [ 0.0, 0.0, 10.0, 4.0 ] },
            "east": { "texture": "#3", "uv": [ 0.0, 0.0, 0.09999998658895493, 4.0 ] },
            "south": { "texture": "#3", "uv": [ 2.0, 3.0, 7.0, 7.0 ] },
            "west": { "texture": "#3", "uv": [ 0.0, 0.0, 0.09999998658895493, 4.0 ] },
            "up": { "texture": "#3", "uv": [ 0.0, 0.0, 10.0, 0.09999998658895493 ] },
            "down": { "texture": "#3", "uv": [ 0.0, 0.0, 10.0, 0.09999998658895493 ] }
        }
    },
    {
        "name": "Cube",
        "from": [ 3.0, 9.0, 15.300000004470348 ], 
        "to": [ 13.0, 13.0, 15.399999991059303 ], 
        "faces": {
            "east": { "texture": "#4", "uv": [ 0.0, 0.0, 16, 4.0 ] },
            "south": { "texture": "#4", "uv": [ 0.0, 0.0, 16, 16.0 ] },
            "west": { "texture": "#4", "uv": [ 0.0, 0.0, 16, 4.0 ] },
            "up": { "texture": "#4", "uv": [ 0.0, 0.0, 16, 0.09999998658895493 ] },
            "down": { "texture": "#4", "uv": [ 0.0, 0.0, 16, 0.09999998658895493 ] }
        }
    }
]
}