{
"__comment": "Model generated using MrCrayfish's Model Creator (http://mrcrayfish.com/modelcreator/)",
"textures": {
    "0": "mcbt/anvil_base",
    "1": "mcbt/quartz_block_side",
    "2": "mcbt/wool_colored_yellow"
},
"display": {
    "thirdperson_righthand": {
        "rotation": [ 0, -20, 10 ],
        "translation": [ 0, 2, 0 ],
        "scale": [ 0.65, 0.65, 0.65 ]
    },
    "ground": {
        "rotation": [ 0, 100, 25 ],
        "translation": [ 0, 3, 0 ],
        "scale": [ 0.65, 0.65, 0.65 ]
    },
    "fixed": {
        "rotation": [ 0, 180, 0 ],
        "translation": [ 0, 0, -2 ],
        "scale": [ 1.3, 1.3, 1.3 ]
    },
    "gui": {
        "rotation": [ 0, -25, 25 ],
        "translation": [ 0, 2, 0 ],
        "scale": [ 8, 8, 8 ]
    },
    "firstperson_righthand": {
        "rotation": [ -30, -50, 0 ],
        "translation": [ 0, 3.3, 2 ],
        "scale": [ 0.65, 0.65, 0.65 ]
    }
},
"elements": [
    {
        "name": "principal",
        "from": [ 5.0, 6.0, 6.0 ], 
        "to": [ 10.0, 9.0, 9.0 ], 
        "faces": {
            "north": { "texture": "#0", "uv": [ 0.0, 0.0, 5.0, 3.0 ] },
            "east": { "texture": "#0", "uv": [ 0.0, 0.0, 3.0, 3.0 ] },
            "south": { "texture": "#0", "uv": [ 0.0, 0.0, 5.0, 3.0 ] },
            "west": { "texture": "#0", "uv": [ 0.0, 0.0, 3.0, 3.0 ] },
            "up": { "texture": "#0", "uv": [ 0.0, 0.0, 5.0, 3.0 ] },
            "down": { "texture": "#0", "uv": [ 0.0, 0.0, 5.0, 3.0 ] }
        }
    },
    {
        "name": "princpal",
        "from": [ 6.0, 6.0, 5.0 ], 
        "to": [ 9.0, 9.0, 10.0 ], 
        "faces": {
            "north": { "texture": "#0", "uv": [ 0.0, 0.0, 3.0, 3.0 ] },
            "east": { "texture": "#0", "uv": [ 0.0, 0.0, 5.0, 3.0 ] },
            "south": { "texture": "#0", "uv": [ 0.0, 0.0, 3.0, 3.0 ] },
            "west": { "texture": "#0", "uv": [ 0.0, 0.0, 5.0, 3.0 ] },
            "up": { "texture": "#0", "uv": [ 0.0, 0.0, 3.0, 5.0 ] },
            "down": { "texture": "#0", "uv": [ 0.0, 0.0, 3.0, 5.0 ] }
        }
    },
    {
        "name": "principal",
        "from": [ 6.0, 5.0, 6.0 ], 
        "to": [ 9.0, 10.0, 9.0 ], 
        "faces": {
            "north": { "texture": "#0", "uv": [ 0.0, 0.0, 3.0, 5.0 ] },
            "east": { "texture": "#0", "uv": [ 0.0, 0.0, 3.0, 5.0 ] },
            "south": { "texture": "#0", "uv": [ 0.0, 0.0, 3.0, 5.0 ] },
            "west": { "texture": "#0", "uv": [ 0.0, 0.0, 3.0, 5.0 ] },
            "up": { "texture": "#0", "uv": [ 0.0, 0.0, 3.0, 3.0 ] },
            "down": { "texture": "#0", "uv": [ 0.0, 0.0, 3.0, 3.0 ] }
        }
    },
    {
        "name": "vertical",
        "from": [ 7.0, 5.0, 5.0 ], 
        "to": [ 8.0, 10.0, 6.0 ], 
        "faces": {
            "north": { "texture": "#0", "uv": [ 0.0, 0.0, 1.0, 5.0 ] },
            "east": { "texture": "#0", "uv": [ 0.0, 0.0, 1.0, 5.0 ] },
            "south": { "texture": "#0", "uv": [ 0.0, 0.0, 1.0, 5.0 ] },
            "west": { "texture": "#0", "uv": [ 0.0, 0.0, 1.0, 5.0 ] },
            "up": { "texture": "#0", "uv": [ 0.0, 0.0, 1.0, 1.0 ] },
            "down": { "texture": "#0", "uv": [ 0.0, 0.0, 1.0, 1.0 ] }
        }
    },
    {
        "name": "vertical",
        "from": [ 7.0, 5.0, 9.0 ], 
        "to": [ 8.0, 10.0, 10.0 ], 
        "faces": {
            "north": { "texture": "#0", "uv": [ 0.0, 0.0, 1.0, 5.0 ] },
            "east": { "texture": "#0", "uv": [ 0.0, 0.0, 1.0, 5.0 ] },
            "south": { "texture": "#0", "uv": [ 0.0, 0.0, 1.0, 5.0 ] },
            "west": { "texture": "#0", "uv": [ 0.0, 0.0, 1.0, 5.0 ] },
            "up": { "texture": "#0", "uv": [ 0.0, 0.0, 1.0, 1.0 ] },
            "down": { "texture": "#0", "uv": [ 0.0, 0.0, 1.0, 1.0 ] }
        }
    },
    {
        "name": "Cube",
        "from": [ 9.0, 5.0, 7.0 ], 
        "to": [ 10.0, 10.0, 8.0 ], 
        "faces": {
            "north": { "texture": "#0", "uv": [ 0.0, 0.0, 1.0, 5.0 ] },
            "east": { "texture": "#0", "uv": [ 0.0, 0.0, 1.0, 5.0 ] },
            "south": { "texture": "#0", "uv": [ 0.0, 0.0, 1.0, 5.0 ] },
            "west": { "texture": "#0", "uv": [ 0.0, 0.0, 1.0, 5.0 ] },
            "up": { "texture": "#0", "uv": [ 0.0, 0.0, 1.0, 1.0 ] },
            "down": { "texture": "#0", "uv": [ 0.0, 0.0, 1.0, 1.0 ] }
        }
    },
    {
        "name": "Cube",
        "from": [ 5.0, 5.0, 7.0 ], 
        "to": [ 6.0, 10.0, 8.0 ], 
        "faces": {
            "north": { "texture": "#0", "uv": [ 0.0, 0.0, 1.0, 5.0 ] },
            "east": { "texture": "#0", "uv": [ 0.0, 0.0, 1.0, 5.0 ] },
            "south": { "texture": "#0", "uv": [ 0.0, 0.0, 1.0, 5.0 ] },
            "west": { "texture": "#0", "uv": [ 0.0, 0.0, 1.0, 5.0 ] },
            "up": { "texture": "#0", "uv": [ 0.0, 0.0, 1.0, 1.0 ] },
            "down": { "texture": "#0", "uv": [ 0.0, 0.0, 1.0, 1.0 ] }
        }
    },
    {
        "name": "Cube",
        "from": [ 5.0, 7.0, 5.0 ], 
        "to": [ 10.0, 8.0, 6.0 ], 
        "faces": {
            "north": { "texture": "#0", "uv": [ 0.0, 0.0, 5.0, 1.0 ] },
            "east": { "texture": "#0", "uv": [ 0.0, 0.0, 1.0, 1.0 ] },
            "south": { "texture": "#0", "uv": [ 0.0, 0.0, 5.0, 1.0 ] },
            "west": { "texture": "#0", "uv": [ 0.0, 0.0, 1.0, 1.0 ] },
            "up": { "texture": "#0", "uv": [ 0.0, 0.0, 5.0, 1.0 ] },
            "down": { "texture": "#0", "uv": [ 0.0, 0.0, 5.0, 1.0 ] }
        }
    },
    {
        "name": "Cube",
        "from": [ 5.0, 7.0, 9.0 ], 
        "to": [ 10.0, 8.0, 10.0 ], 
        "faces": {
            "north": { "texture": "#0", "uv": [ 0.0, 0.0, 5.0, 1.0 ] },
            "east": { "texture": "#0", "uv": [ 0.0, 0.0, 1.0, 1.0 ] },
            "south": { "texture": "#0", "uv": [ 0.0, 0.0, 5.0, 1.0 ] },
            "west": { "texture": "#0", "uv": [ 0.0, 0.0, 1.0, 1.0 ] },
            "up": { "texture": "#0", "uv": [ 0.0, 0.0, 5.0, 1.0 ] },
            "down": { "texture": "#0", "uv": [ 0.0, 0.0, 5.0, 1.0 ] }
        }
    },
    {
        "name": "Cube",
        "from": [ 8.49999999254942, 5.500000007450581, 5.500000007450581 ], 
        "to": [ 9.49999999254942, 6.500000007450581, 6.500000007450581 ], 
        "faces": {
            "north": { "texture": "#1", "uv": [ 0.0, 0.0, 1.0, 1.0 ] },
            "east": { "texture": "#1", "uv": [ 0.0, 0.0, 1.0, 1.0 ] },
            "south": { "texture": "#1", "uv": [ 0.0, 0.0, 1.0, 1.0 ] },
            "west": { "texture": "#1", "uv": [ 0.0, 0.0, 1.0, 1.0 ] },
            "up": { "texture": "#1", "uv": [ 0.0, 0.0, 1.0, 1.0 ] },
            "down": { "texture": "#1", "uv": [ 0.0, 0.0, 1.0, 1.0 ] }
        }
    },
    {
        "name": "Cube",
        "from": [ 8.49999999254942, 8.50000000745058, 5.500000007450581 ], 
        "to": [ 9.49999999254942, 9.50000000745058, 6.500000007450581 ], 
        "faces": {
            "north": { "texture": "#1", "uv": [ 0.0, 0.0, 1.0, 1.0 ] },
            "east": { "texture": "#1", "uv": [ 0.0, 0.0, 1.0, 1.0 ] },
            "south": { "texture": "#1", "uv": [ 0.0, 0.0, 1.0, 1.0 ] },
            "west": { "texture": "#1", "uv": [ 0.0, 0.0, 1.0, 1.0 ] },
            "up": { "texture": "#1", "uv": [ 0.0, 0.0, 1.0, 1.0 ] },
            "down": { "texture": "#1", "uv": [ 0.0, 0.0, 1.0, 1.0 ] }
        }
    },
    {
        "name": "Cube",
        "from": [ 8.49999999254942, 8.50000000745058, 8.50000000745058 ], 
        "to": [ 9.49999999254942, 9.50000000745058, 9.50000000745058 ], 
        "faces": {
            "north": { "texture": "#1", "uv": [ 0.0, 0.0, 1.0, 1.0 ] },
            "east": { "texture": "#1", "uv": [ 0.0, 0.0, 1.0, 1.0 ] },
            "south": { "texture": "#1", "uv": [ 0.0, 0.0, 1.0, 1.0 ] },
            "west": { "texture": "#1", "uv": [ 0.0, 0.0, 1.0, 1.0 ] },
            "up": { "texture": "#1", "uv": [ 0.0, 0.0, 1.0, 1.0 ] },
            "down": { "texture": "#1", "uv": [ 0.0, 0.0, 1.0, 1.0 ] }
        }
    },
    {
        "name": "Cube",
        "from": [ 8.49999999254942, 5.500000007450581, 8.50000000745058 ], 
        "to": [ 9.49999999254942, 6.500000007450581, 9.50000000745058 ], 
        "faces": {
            "north": { "texture": "#1", "uv": [ 0.0, 0.0, 1.0, 1.0 ] },
            "east": { "texture": "#1", "uv": [ 0.0, 0.0, 1.0, 1.0 ] },
            "south": { "texture": "#1", "uv": [ 0.0, 0.0, 1.0, 1.0 ] },
            "west": { "texture": "#1", "uv": [ 0.0, 0.0, 1.0, 1.0 ] },
            "up": { "texture": "#1", "uv": [ 0.0, 0.0, 1.0, 1.0 ] },
            "down": { "texture": "#1", "uv": [ 0.0, 0.0, 1.0, 1.0 ] }
        }
    },
    {
        "name": "Cube",
        "from": [ 5.499999992549419, 5.500000007450581, 8.50000000745058 ], 
        "to": [ 6.499999992549419, 6.500000007450581, 9.50000000745058 ], 
        "faces": {
            "north": { "texture": "#1", "uv": [ 0.0, 0.0, 1.0, 1.0 ] },
            "east": { "texture": "#1", "uv": [ 0.0, 0.0, 1.0, 1.0 ] },
            "south": { "texture": "#1", "uv": [ 0.0, 0.0, 1.0, 1.0 ] },
            "west": { "texture": "#1", "uv": [ 0.0, 0.0, 1.0, 1.0 ] },
            "up": { "texture": "#1", "uv": [ 0.0, 0.0, 1.0, 1.0 ] },
            "down": { "texture": "#1", "uv": [ 0.0, 0.0, 1.0, 1.0 ] }
        }
    },
    {
        "name": "Cube",
        "from": [ 5.499999992549419, 8.50000000745058, 8.50000000745058 ], 
        "to": [ 6.499999992549419, 9.50000000745058, 9.50000000745058 ], 
        "faces": {
            "north": { "texture": "#1", "uv": [ 0.0, 0.0, 1.0, 1.0 ] },
            "east": { "texture": "#1", "uv": [ 0.0, 0.0, 1.0, 1.0 ] },
            "south": { "texture": "#1", "uv": [ 0.0, 0.0, 1.0, 1.0 ] },
            "west": { "texture": "#1", "uv": [ 0.0, 0.0, 1.0, 1.0 ] },
            "up": { "texture": "#1", "uv": [ 0.0, 0.0, 1.0, 1.0 ] },
            "down": { "texture": "#1", "uv": [ 0.0, 0.0, 1.0, 1.0 ] }
        }
    },
    {
        "name": "Cube",
        "from": [ 5.499999992549419, 8.50000000745058, 5.500000007450581 ], 
        "to": [ 6.499999992549419, 9.50000000745058, 6.500000007450581 ], 
        "faces": {
            "north": { "texture": "#1", "uv": [ 0.0, 0.0, 1.0, 1.0 ] },
            "east": { "texture": "#1", "uv": [ 0.0, 0.0, 1.0, 1.0 ] },
            "south": { "texture": "#1", "uv": [ 0.0, 0.0, 1.0, 1.0 ] },
            "west": { "texture": "#1", "uv": [ 0.0, 0.0, 1.0, 1.0 ] },
            "up": { "texture": "#1", "uv": [ 0.0, 0.0, 1.0, 1.0 ] },
            "down": { "texture": "#1", "uv": [ 0.0, 0.0, 1.0, 1.0 ] }
        }
    },
    {
        "name": "Cube",
        "from": [ 5.499999992549419, 5.500000007450581, 5.500000007450581 ], 
        "to": [ 6.499999992549419, 6.500000007450581, 6.500000007450581 ], 
        "faces": {
            "north": { "texture": "#1", "uv": [ 0.0, 0.0, 1.0, 1.0 ] },
            "east": { "texture": "#1", "uv": [ 0.0, 0.0, 1.0, 1.0 ] },
            "south": { "texture": "#1", "uv": [ 0.0, 0.0, 1.0, 1.0 ] },
            "west": { "texture": "#1", "uv": [ 0.0, 0.0, 1.0, 1.0 ] },
            "up": { "texture": "#1", "uv": [ 0.0, 0.0, 1.0, 1.0 ] },
            "down": { "texture": "#1", "uv": [ 0.0, 0.0, 1.0, 1.0 ] }
        }
    },
    {
        "name": "Cube",
        "from": [ 7.0, 9.50000000745058, 7.000000014901161 ], 
        "to": [ 8.0, 10.50000000745058, 8.000000014901161 ], 
        "faces": {
            "north": { "texture": "#1", "uv": [ 0.0, 0.0, 1.0, 1.0 ] },
            "east": { "texture": "#1", "uv": [ 0.0, 0.0, 1.0, 1.0 ] },
            "south": { "texture": "#1", "uv": [ 0.0, 0.0, 1.0, 1.0 ] },
            "west": { "texture": "#1", "uv": [ 0.0, 0.0, 1.0, 1.0 ] },
            "up": { "texture": "#1", "uv": [ 0.0, 0.0, 1.0, 1.0 ] },
            "down": { "texture": "#1", "uv": [ 0.0, 0.0, 1.0, 1.0 ] }
        }
    },
    {
        "name": "Cube",
        "from": [ 7.0, 4.500000007450581, 7.000000014901161 ], 
        "to": [ 8.0, 5.500000007450581, 8.000000014901161 ], 
        "faces": {
            "north": { "texture": "#1", "uv": [ 0.0, 0.0, 1.0, 1.0 ] },
            "east": { "texture": "#1", "uv": [ 0.0, 0.0, 1.0, 1.0 ] },
            "south": { "texture": "#1", "uv": [ 0.0, 0.0, 1.0, 1.0 ] },
            "west": { "texture": "#1", "uv": [ 0.0, 0.0, 1.0, 1.0 ] },
            "up": { "texture": "#1", "uv": [ 0.0, 0.0, 1.0, 1.0 ] },
            "down": { "texture": "#1", "uv": [ 0.0, 0.0, 1.0, 1.0 ] }
        }
    },
    {
        "name": "Cube",
        "from": [ 9.49999999254942, 7.0, 7.000000014901161 ], 
        "to": [ 10.49999999254942, 8.0, 8.000000014901161 ], 
        "faces": {
            "north": { "texture": "#1", "uv": [ 0.0, 0.0, 1.0, 1.0 ] },
            "east": { "texture": "#1", "uv": [ 0.0, 0.0, 1.0, 1.0 ] },
            "south": { "texture": "#1", "uv": [ 0.0, 0.0, 1.0, 1.0 ] },
            "west": { "texture": "#1", "uv": [ 0.0, 0.0, 1.0, 1.0 ] },
            "up": { "texture": "#1", "uv": [ 0.0, 0.0, 1.0, 1.0 ] },
            "down": { "texture": "#1", "uv": [ 0.0, 0.0, 1.0, 1.0 ] }
        }
    },
    {
        "name": "Cube",
        "from": [ 4.499999992549419, 7.0, 7.000000014901161 ], 
        "to": [ 5.499999992549419, 8.0, 8.000000014901161 ], 
        "faces": {
            "north": { "texture": "#1", "uv": [ 0.0, 0.0, 1.0, 1.0 ] },
            "east": { "texture": "#1", "uv": [ 0.0, 0.0, 1.0, 1.0 ] },
            "south": { "texture": "#1", "uv": [ 0.0, 0.0, 1.0, 1.0 ] },
            "west": { "texture": "#1", "uv": [ 0.0, 0.0, 1.0, 1.0 ] },
            "up": { "texture": "#1", "uv": [ 0.0, 0.0, 1.0, 1.0 ] },
            "down": { "texture": "#1", "uv": [ 0.0, 0.0, 1.0, 1.0 ] }
        }
    },
    {
        "name": "Cube",
        "from": [ 7.0, 7.0, 4.500000007450581 ], 
        "to": [ 8.0, 8.0, 5.500000007450581 ], 
        "faces": {
            "north": { "texture": "#1", "uv": [ 0.0, 0.0, 1.0, 1.0 ] },
            "east": { "texture": "#1", "uv": [ 0.0, 0.0, 1.0, 1.0 ] },
            "south": { "texture": "#1", "uv": [ 0.0, 0.0, 1.0, 1.0 ] },
            "west": { "texture": "#1", "uv": [ 0.0, 0.0, 1.0, 1.0 ] },
            "up": { "texture": "#1", "uv": [ 0.0, 0.0, 1.0, 1.0 ] },
            "down": { "texture": "#1", "uv": [ 0.0, 0.0, 1.0, 1.0 ] }
        }
    },
    {
        "name": "Cube",
        "from": [ 7.0, 7.0, 9.50000000745058 ], 
        "to": [ 8.0, 8.0, 10.50000000745058 ], 
        "faces": {
            "north": { "texture": "#2", "uv": [ 0.0, 0.0, 1.0, 1.0 ] },
            "east": { "texture": "#2", "uv": [ 0.0, 0.0, 1.0, 1.0 ] },
            "south": { "texture": "#2", "uv": [ 0.0, 0.0, 1.0, 1.0 ] },
            "west": { "texture": "#2", "uv": [ 0.0, 0.0, 1.0, 1.0 ] },
            "up": { "texture": "#2", "uv": [ 0.0, 0.0, 1.0, 1.0 ] },
            "down": { "texture": "#2", "uv": [ 0.0, 0.0, 1.0, 1.0 ] }
        }
    }
]
}