{
"__comment": "Model generated using MrCrayfish's Model Creator (http://mrcrayfish.com/modelcreator/)",
"textures": {
    "0": "mcbt/anvil_base",
    "1": "mcbt/wool_colored_cyan"
},
"display": {
    "thirdperson_righthand": {
        "rotation": [ 0, 0, 0 ],
        "translation": [ -1, 0.2, 0 ],
        "scale": [ 0.27, 0.27, 0.27 ]
    },
    "ground": {
        "rotation": [ 0, 100, 25 ],
        "translation": [ 0, 3, 0 ],
        "scale": [ 0.3, 0.3, 0.3 ]
    },
    "fixed": {
        "rotation": [ 0, 180, 0 ],
        "translation": [ 0, 0, -2 ],
        "scale": [ 0.6, 0.6, 0.6 ]
    },
    "gui": {
        "rotation": [ 0, -25, 25 ],
        "translation": [ 0, 0, 0 ],
        "scale": [ 0.9, 0.9, 0.9 ]
    },
    "firstperson_righthand": {
        "rotation": [ -20, -25, 0 ],
        "translation": [ 0, 3.2, 2 ],
        "scale": [ 0.27, 0.27, 0.27 ]
    }
},
"elements": [
    {
        "name": "Cube",
        "from": [ 2.0, 2.0, 2.0 ], 
        "to": [ 14.0, 12.0, 14.0 ], 
        "faces": {
            "north": { "texture": "#0", "uv": [ 0.0, 0.0, 12.0, 10.0 ] },
            "east": { "texture": "#0", "uv": [ 0.0, 0.0, 12.0, 10.0 ] },
            "south": { "texture": "#0", "uv": [ 0.0, 0.0, 12.0, 10.0 ] },
            "west": { "texture": "#0", "uv": [ 0.0, 0.0, 12.0, 10.0 ] },
            "up": { "texture": "#0", "uv": [ 0.0, 0.0, 12.0, 12.0 ] },
            "down": { "texture": "#0", "uv": [ 0.0, 0.0, 12.0, 12.0 ] }
        }
    },
    {
        "name": "Cube",
        "from": [ 3.0, 12.0, 3.0 ], 
        "to": [ 13.0, 13.0, 13.0 ], 
        "faces": {
            "north": { "texture": "#1", "uv": [ 0.0, 0.0, 10.0, 1.0 ] },
            "east": { "texture": "#1", "uv": [ 0.0, 0.0, 10.0, 1.0 ] },
            "south": { "texture": "#1", "uv": [ 0.0, 0.0, 10.0, 1.0 ] },
            "west": { "texture": "#1", "uv": [ 0.0, 0.0, 10.0, 1.0 ] },
            "up": { "texture": "#1", "uv": [ 0.0, 0.0, 10.0, 10.0 ] },
            "down": { "texture": "#1", "uv": [ 0.0, 0.0, 10.0, 10.0 ] }
        }
    },
    {
        "name": "Cube",
        "from": [ 2.0, 13.0, 2.0 ], 
        "to": [ 14.0, 14.0, 14.0 ], 
        "faces": {
            "north": { "texture": "#0", "uv": [ 0.0, 0.0, 12.0, 1.0 ] },
            "east": { "texture": "#0", "uv": [ 0.0, 0.0, 12.0, 1.0 ] },
            "south": { "texture": "#0", "uv": [ 0.0, 0.0, 12.0, 1.0 ] },
            "west": { "texture": "#0", "uv": [ 0.0, 0.0, 12.0, 1.0 ] },
            "up": { "texture": "#0", "uv": [ 0.0, 0.0, 12.0, 12.0 ] },
            "down": { "texture": "#0", "uv": [ 0.0, 0.0, 12.0, 12.0 ] }
        }
    },
    {
        "name": "Cube",
        "from": [ 1.6000000089406967, 6.0, 7.0 ], 
        "to": [ 2.0, 8.0, 9.0 ], 
        "faces": {
            "north": { "texture": "#1", "uv": [ 0.0, 0.0, 0.3999999910593033, 2.0 ] },
            "east": { "texture": "#1", "uv": [ 0.0, 0.0, 2.0, 2.0 ] },
            "south": { "texture": "#1", "uv": [ 0.0, 0.0, 0.3999999910593033, 2.0 ] },
            "west": { "texture": "#1", "uv": [ 0.0, 0.0, 2.0, 2.0 ] },
            "up": { "texture": "#1", "uv": [ 0.0, 0.0, 0.3999999910593033, 2.0 ] },
            "down": { "texture": "#1", "uv": [ 0.0, 0.0, 0.3999999910593033, 2.0 ] }
        }
    },
    {
        "name": "Cube",
        "from": [ 14.0, 6.0, 7.0 ], 
        "to": [ 14.399999991059303, 8.0, 9.0 ], 
        "faces": {
            "north": { "texture": "#1", "uv": [ 0.0, 0.0, 0.3999999910593033, 2.0 ] },
            "east": { "texture": "#1", "uv": [ 0.0, 0.0, 2.0, 2.0 ] },
            "south": { "texture": "#1", "uv": [ 0.0, 0.0, 0.3999999910593033, 2.0 ] },
            "west": { "texture": "#1", "uv": [ 0.0, 0.0, 2.0, 2.0 ] },
            "up": { "texture": "#1", "uv": [ 0.0, 0.0, 0.3999999910593033, 2.0 ] },
            "down": { "texture": "#1", "uv": [ 0.0, 0.0, 0.3999999910593033, 2.0 ] }
        }
    },
    {
        "name": "Cube",
        "from": [ 7.0, 6.0, 14.0 ], 
        "to": [ 9.0, 8.0, 14.399999991059303 ], 
        "faces": {
            "north": { "texture": "#1", "uv": [ 0.0, 0.0, 2.0, 2.0 ] },
            "east": { "texture": "#1", "uv": [ 0.0, 0.0, 0.3999999910593033, 2.0 ] },
            "south": { "texture": "#1", "uv": [ 0.0, 0.0, 2.0, 2.0 ] },
            "west": { "texture": "#1", "uv": [ 0.0, 0.0, 0.3999999910593033, 2.0 ] },
            "up": { "texture": "#1", "uv": [ 0.0, 0.0, 2.0, 0.3999999910593033 ] },
            "down": { "texture": "#1", "uv": [ 0.0, 0.0, 2.0, 0.3999999910593033 ] }
        }
    },
    {
        "name": "Cube",
        "from": [ 7.0, 6.0, 1.6000000089406967 ], 
        "to": [ 9.0, 8.0, 2.0 ], 
        "faces": {
            "north": { "texture": "#1", "uv": [ 0.0, 0.0, 2.0, 2.0 ] },
            "east": { "texture": "#1", "uv": [ 0.0, 0.0, 0.3999999910593033, 2.0 ] },
            "south": { "texture": "#1", "uv": [ 0.0, 0.0, 2.0, 2.0 ] },
            "west": { "texture": "#1", "uv": [ 0.0, 0.0, 0.3999999910593033, 2.0 ] },
            "up": { "texture": "#1", "uv": [ 0.0, 0.0, 2.0, 0.3999999910593033 ] },
            "down": { "texture": "#1", "uv": [ 0.0, 0.0, 2.0, 0.3999999910593033 ] }
        }
    }
]
}