{
"__comment": "Model generated using MrCrayfish's Model Creator (http://mrcrayfish.com/modelcreator/)",
"textures": {
	"0": "mcbt/anvil_base",
	"1": "mcbt/green_portal",
	"2": "mcbt/modified_glass",
	"3": "mcbt/coal_block"
},
"display": {
    "thirdperson_righthand": {
        "rotation": [ 0, 100, 25 ],
        "translation": [ 0, 3, -0.2 ],
        "scale": [ 0.55, 0.55, 0.55 ]
    },
    "ground": {
        "rotation": [ 0, 100, 25 ],
        "translation": [ 0, 3, 0 ],
        "scale": [ 0.55, 0.55, 0.55 ]
    },
    "fixed": {
        "rotation": [ 0, 0, 0 ],
        "translation": [ 0, 4.5, -2 ],
        "scale": [ 1.15, 1.15, 1.15 ]
    },
    "gui": {
        "rotation": [ 0, -25, 25 ],
        "translation": [ -2.8, 6, 0 ],
        "scale": [ 1.6, 1.6, 1.6 ]
    },
    "firstperson_righthand": {
        "rotation": [ 0, -100, 0 ],
        "translation": [ 0, 4, 2 ],
        "scale": [ 0.55, 0.55, 0.55 ]
    }
},
"elements": [
{
    "name": "Cube",
    "from": [ 5.0, 0.0, 5.0 ], 
    "to": [ 11.0, 1.0, 6.0 ], 
    "faces": {
        "north": { "texture": "#0", "uv": [ 0.0, 0.0, 6.0, 1.0 ] },
        "east": { "texture": "#0", "uv": [ 0.0, 0.0, 1.0, 1.0 ] },
        "south": { "texture": "#0", "uv": [ 0.0, 0.0, 6.0, 1.0 ] },
        "west": { "texture": "#0", "uv": [ 0.0, 0.0, 1.0, 1.0 ] },
        "up": { "texture": "#0", "uv": [ 0.0, 0.0, 6.0, 1.0 ] },
        "down": { "texture": "#0", "uv": [ 0.0, 0.0, 6.0, 1.0 ] }
    }
},
{
    "name": "Cube",
    "from": [ 5.0, 0.0, 10.0 ], 
    "to": [ 11.0, 1.0, 11.0 ], 
    "faces": {
        "north": { "texture": "#0", "uv": [ 0.0, 0.0, 6.0, 1.0 ] },
        "east": { "texture": "#0", "uv": [ 0.0, 0.0, 1.0, 1.0 ] },
        "south": { "texture": "#0", "uv": [ 0.0, 0.0, 6.0, 1.0 ] },
        "west": { "texture": "#0", "uv": [ 0.0, 0.0, 1.0, 1.0 ] },
        "up": { "texture": "#0", "uv": [ 0.0, 0.0, 6.0, 1.0 ] },
        "down": { "texture": "#0", "uv": [ 0.0, 0.0, 6.0, 1.0 ] }
    }
},
{
    "name": "Cube",
    "from": [ 5.0, 0.0, 6.0 ], 
    "to": [ 6.0, 1.0, 10.0 ], 
    "faces": {
        "north": { "texture": "#0", "uv": [ 0.0, 0.0, 1.0, 1.0 ] },
        "east": { "texture": "#0", "uv": [ 0.0, 0.0, 4.0, 1.0 ] },
        "south": { "texture": "#0", "uv": [ 0.0, 0.0, 1.0, 1.0 ] },
        "west": { "texture": "#0", "uv": [ 0.0, 0.0, 4.0, 1.0 ] },
        "up": { "texture": "#0", "uv": [ 0.0, 0.0, 1.0, 4.0 ] },
        "down": { "texture": "#0", "uv": [ 0.0, 0.0, 1.0, 4.0 ] }
    }
},
{
    "name": "Cube",
    "from": [ 10.0, 0.0, 6.0 ], 
    "to": [ 11.0, 1.0, 10.0 ], 
    "faces": {
        "north": { "texture": "#0", "uv": [ 0.0, 0.0, 1.0, 1.0 ] },
        "east": { "texture": "#0", "uv": [ 0.0, 0.0, 4.0, 1.0 ] },
        "south": { "texture": "#0", "uv": [ 0.0, 0.0, 1.0, 1.0 ] },
        "west": { "texture": "#0", "uv": [ 0.0, 0.0, 4.0, 1.0 ] },
        "up": { "texture": "#0", "uv": [ 0.0, 0.0, 1.0, 4.0 ] },
        "down": { "texture": "#0", "uv": [ 0.0, 0.0, 1.0, 4.0 ] }
    }
},
{
    "name": "Cube",
    "from": [ 5.0, 1.0, 10.0 ], 
    "to": [ 6.0, 7.0, 11.0 ], 
    "faces": {
        "north": { "texture": "#0", "uv": [ 0.0, 0.0, 1.0, 6.0 ] },
        "east": { "texture": "#0", "uv": [ 0.0, 0.0, 1.0, 6.0 ] },
        "south": { "texture": "#0", "uv": [ 0.0, 0.0, 1.0, 6.0 ] },
        "west": { "texture": "#0", "uv": [ 0.0, 0.0, 1.0, 6.0 ] },
        "up": { "texture": "#0", "uv": [ 0.0, 0.0, 1.0, 1.0 ] },
        "down": { "texture": "#0", "uv": [ 0.0, 0.0, 1.0, 1.0 ] }
    }
},
{
    "name": "Cube",
    "from": [ 10.0, 1.0, 10.0 ], 
    "to": [ 11.0, 7.0, 11.0 ], 
    "faces": {
        "north": { "texture": "#0", "uv": [ 0.0, 0.0, 1.0, 6.0 ] },
        "east": { "texture": "#0", "uv": [ 0.0, 0.0, 1.0, 6.0 ] },
        "south": { "texture": "#0", "uv": [ 0.0, 0.0, 1.0, 6.0 ] },
        "west": { "texture": "#0", "uv": [ 0.0, 0.0, 1.0, 6.0 ] },
        "up": { "texture": "#0", "uv": [ 0.0, 0.0, 1.0, 1.0 ] },
        "down": { "texture": "#0", "uv": [ 0.0, 0.0, 1.0, 1.0 ] }
    }
},
{
    "name": "Cube",
    "from": [ 5.0, 7.0, 10.0 ], 
    "to": [ 11.0, 8.0, 11.0 ], 
    "faces": {
        "north": { "texture": "#0", "uv": [ 0.0, 0.0, 6.0, 1.0 ] },
        "east": { "texture": "#0", "uv": [ 0.0, 0.0, 1.0, 1.0 ] },
        "south": { "texture": "#0", "uv": [ 0.0, 0.0, 6.0, 1.0 ] },
        "west": { "texture": "#0", "uv": [ 0.0, 0.0, 1.0, 1.0 ] },
        "up": { "texture": "#0", "uv": [ 0.0, 0.0, 6.0, 1.0 ] },
        "down": { "texture": "#0", "uv": [ 0.0, 0.0, 6.0, 1.0 ] }
    }
},
{
    "name": "Cube",
    "from": [ 6.0, 0.0, 6.0 ], 
    "to": [ 10.0, 8.0, 10.0 ], 
    "faces": {
        "north": { "texture": "#1", "uv": [ 0.0, 0.0, 16.0, 16.0 ] },
        "east": { "texture": "#1", "uv": [ 0.0, 0.0, 16.0, 16.0 ] },
        "south": { "texture": "#1", "uv": [ 0.0, 0.0, 16.0, 16.0 ] },
        "west": { "texture": "#1", "uv": [ 0.0, 0.0, 16.0, 16.0 ] },
        "up": { "texture": "#1", "uv": [ 0.0, 0.0, 16.0, 16.0 ] },
        "down": { "texture": "#1", "uv": [ 0.0, 0.0, 16.0, 16.0 ] }
    }
},
{
    "name": "Cube",
    "from": [ 5.0, 1.0, 5.0 ], 
    "to": [ 6.0, 7.0, 6.0 ], 
    "faces": {
        "north": { "texture": "#0", "uv": [ 0.0, 0.0, 1.0, 6.0 ] },
        "east": { "texture": "#0", "uv": [ 0.0, 0.0, 1.0, 6.0 ] },
        "south": { "texture": "#0", "uv": [ 0.0, 0.0, 1.0, 6.0 ] },
        "west": { "texture": "#0", "uv": [ 0.0, 0.0, 1.0, 6.0 ] },
        "up": { "texture": "#0", "uv": [ 0.0, 0.0, 1.0, 1.0 ] },
        "down": { "texture": "#0", "uv": [ 0.0, 0.0, 1.0, 1.0 ] }
    }
},
{
    "name": "Cube",
    "from": [ 10.0, 1.0, 5.0 ], 
    "to": [ 11.0, 7.0, 6.0 ], 
    "faces": {
        "north": { "texture": "#0", "uv": [ 0.0, 0.0, 1.0, 6.0 ] },
        "east": { "texture": "#0", "uv": [ 0.0, 0.0, 1.0, 6.0 ] },
        "south": { "texture": "#0", "uv": [ 0.0, 0.0, 1.0, 6.0 ] },
        "west": { "texture": "#0", "uv": [ 0.0, 0.0, 1.0, 6.0 ] },
        "up": { "texture": "#0", "uv": [ 0.0, 0.0, 1.0, 1.0 ] },
        "down": { "texture": "#0", "uv": [ 0.0, 0.0, 1.0, 1.0 ] }
    }
},
{
    "name": "Cube",
    "from": [ 5.0, 7.0, 5.0 ], 
    "to": [ 11.0, 8.0, 6.0 ], 
    "faces": {
        "north": { "texture": "#0", "uv": [ 0.0, 0.0, 6.0, 1.0 ] },
        "east": { "texture": "#0", "uv": [ 0.0, 0.0, 1.0, 1.0 ] },
        "south": { "texture": "#0", "uv": [ 0.0, 0.0, 6.0, 1.0 ] },
        "west": { "texture": "#0", "uv": [ 0.0, 0.0, 1.0, 1.0 ] },
        "up": { "texture": "#0", "uv": [ 0.0, 0.0, 6.0, 1.0 ] },
        "down": { "texture": "#0", "uv": [ 0.0, 0.0, 6.0, 1.0 ] }
    }
},
{
    "name": "Cube",
    "from": [ 5.0, 7.0, 6.0 ], 
    "to": [ 6.0, 8.0, 10.0 ], 
    "faces": {
        "north": { "texture": "#0", "uv": [ 0.0, 0.0, 1.0, 1.0 ] },
        "east": { "texture": "#0", "uv": [ 0.0, 0.0, 4.0, 1.0 ] },
        "south": { "texture": "#0", "uv": [ 0.0, 0.0, 1.0, 1.0 ] },
        "west": { "texture": "#0", "uv": [ 0.0, 0.0, 4.0, 1.0 ] },
        "up": { "texture": "#0", "uv": [ 0.0, 0.0, 1.0, 4.0 ] },
        "down": { "texture": "#0", "uv": [ 0.0, 0.0, 1.0, 4.0 ] }
    }
},
{
    "name": "Cube",
    "from": [ 10.0, 7.0, 6.0 ], 
    "to": [ 11.0, 8.0, 10.0 ], 
    "faces": {
        "north": { "texture": "#0", "uv": [ 0.0, 0.0, 1.0, 1.0 ] },
        "east": { "texture": "#0", "uv": [ 0.0, 0.0, 4.0, 1.0 ] },
        "south": { "texture": "#0", "uv": [ 0.0, 0.0, 1.0, 1.0 ] },
        "west": { "texture": "#0", "uv": [ 0.0, 0.0, 4.0, 1.0 ] },
        "up": { "texture": "#0", "uv": [ 0.0, 0.0, 1.0, 4.0 ] },
        "down": { "texture": "#0", "uv": [ 0.0, 0.0, 1.0, 4.0 ] }
    }
},
{
    "name": "Cube",
    "from": [ 10.5, 1.0, 6.0 ], 
    "to": [ 10.5, 7.0, 10.0 ], 
    "faces": {
        "north": { "texture": "#2", "uv": [ 0.0, 0.0, 16.0, 16.0 ] },
        "east": { "texture": "#2", "uv": [ 0.0, 0.0, 16.0, 16.0 ] },
        "south": { "texture": "#2", "uv": [ 0.0, 0.0, 16.0, 16.0 ] },
        "west": { "texture": "#2", "uv": [ 0.0, 0.0, 16.0, 16.0 ] },
        "up": { "texture": "#2", "uv": [ 0.0, 0.0, 16.0, 16.0 ] },
        "down": { "texture": "#2", "uv": [ 0.0, 0.0, 16.0, 16.0 ] }
    }
},
{
    "name": "Cube",
    "from": [ 6.0, 1.0, 10.5 ], 
    "to": [ 10.0, 7.0, 10.5 ], 
    "faces": {
        "north": { "texture": "#2", "uv": [ 0.0, 0.0, 16.0, 16.0 ] },
        "east": { "texture": "#2", "uv": [ 0.0, 0.0, 16.0, 16.0 ] },
        "south": { "texture": "#2", "uv": [ 0.0, 0.0, 16.0, 16.0 ] },
        "west": { "texture": "#2", "uv": [ 0.0, 0.0, 16.0, 16.0 ] },
        "up": { "texture": "#2", "uv": [ 0.0, 0.0, 16.0, 16.0 ] },
        "down": { "texture": "#2", "uv": [ 0.0, 0.0, 16.0, 16.0 ] }
    }
},
{
    "name": "Cube",
    "from": [ 5.5, 1.0, 6.0 ], 
    "to": [ 5.5, 7.0, 10.0 ],
    "faces": {
        "north": { "texture": "#2", "uv": [ 0.0, 0.0, 16.0, 16.0 ] },
        "east": { "texture": "#2", "uv": [ 0.0, 0.0, 16.0, 16.0 ] },
        "south": { "texture": "#2", "uv": [ 0.0, 0.0, 16.0, 16.0 ] },
        "west": { "texture": "#2", "uv": [ 0.0, 0.0, 16.0, 16.0 ] },
        "up": { "texture": "#2", "uv": [ 0.0, 0.0, 16.0, 16.0 ] },
        "down": { "texture": "#2", "uv": [ 0.0, 0.0, 16.0, 16.0 ] }
    }
},
{
    "name": "Cube",
    "from": [ 6.0, 1.0, 5.5 ], 
    "to": [ 10.0, 7.0, 5.5 ], 
    "faces": {
        "north": { "texture": "#2", "uv": [ 0.0, 0.0, 16.0, 16.0 ] },
        "east": { "texture": "#2", "uv": [ 0.0, 0.0, 16.0, 16.0 ] },
        "south": { "texture": "#2", "uv": [ 0.0, 0.0, 16.0, 16.0 ] },
        "west": { "texture": "#2", "uv": [ 0.0, 0.0, 16.0, 16.0 ] },
        "up": { "texture": "#2", "uv": [ 0.0, 0.0, 16.0, 16.0 ] },
        "down": { "texture": "#2", "uv": [ 0.0, 0.0, 16.0, 16.0 ] }
    }
},
{
    "name": "Cube",
    "from": [ 6.0, 8.0, 6.0 ], 
    "to": [ 10.0, 9.0, 10.0 ], 
    "faces": {
        "north": { "texture": "#3", "uv": [ 0.0, 0.0, 4.0, 1.0 ] },
        "east": { "texture": "#3", "uv": [ 0.0, 0.0, 4.0, 1.0 ] },
        "south": { "texture": "#3", "uv": [ 0.0, 0.0, 4.0, 1.0 ] },
        "west": { "texture": "#3", "uv": [ 0.0, 0.0, 4.0, 1.0 ] },
        "up": { "texture": "#3", "uv": [ 0.0, 0.0, 4.0, 4.0 ] },
        "down": { "texture": "#3", "uv": [ 0.0, 0.0, 4.0, 4.0 ] }
    }
},
{
    "name": "Cube",
    "from": [ 6.0, -1.0, 6.0 ], 
    "to": [ 10.0, 0.0, 10.0 ], 
    "faces": {
        "north": { "texture": "#3", "uv": [ 0.0, 0.0, 4.0, 1.0 ] },
        "east": { "texture": "#3", "uv": [ 0.0, 0.0, 4.0, 1.0 ] },
        "south": { "texture": "#3", "uv": [ 0.0, 0.0, 4.0, 1.0 ] },
        "west": { "texture": "#3", "uv": [ 0.0, 0.0, 4.0, 1.0 ] },
        "up": { "texture": "#3", "uv": [ 0.0, 0.0, 4.0, 4.0 ] },
        "down": { "texture": "#3", "uv": [ 0.0, 0.0, 4.0, 4.0 ] }
    }
}
]
}