{
"gui_light": "front",
"textures": {
    "0": "mcbt/gui_background"
},
"display": {
    "thirdperson_righthand": {
        "rotation": [ 0, 100, 25 ],
        "translation": [ 0, 3, -0.2 ],
        "scale": [ 0.55, 0.55, 0.55 ]
    },
    "ground": {
        "rotation": [ 0, 100, 25 ],
        "translation": [ 0, 3, 0 ],
        "scale": [ 0.55, 0.55, 0.55 ]
    },
    "fixed": {
        "rotation": [ 0, 0, 0 ],
        "translation": [ 0, 4.5, -2 ],
        "scale": [ 1.15, 1.15, 1.15 ]
    },
    "gui": {
        "rotation": [ 0, 0, 0 ],
        "translation": [ -72, 0, 0 ],
        "scale": [ 3.5, 1.2, 1 ]
    },
    "firstperson_righthand": {
        "rotation": [ 0, -100, 0 ],
        "translation": [ 0, 4, 2 ],
        "scale": [ 0.55, 0.55, 0.55 ]
    }
},
"elements": [
{
    "name": "Cube",
    "from": [ -16.0, 0.0, 0.0 ], 
    "to": [ 32, 18, 0.0 ],
    "faces": {
        "south": { "texture": "#0", "uv": [ 0.0, 0.0, 16.0, 16.0 ] }
    }
}
]
}