{
"__comment": "Designed by Sager2210 with BDcraft Cubik PRO 0.93 Beta - http://bdcraft.net",
"textures": {
    "texture": "mcbt/alien_ears"
},
"elements": [ 
{
    "from": [ 13, 11.8125, 4.9375 ],
    "to": [ 14, 17.8125, 5.9375 ],
    "rotation": { "origin": [ 13, 17.8125, 4.9375 ], "axis": "z", "angle": -22.5 },
    "faces": {
        "down":  { "uv": [ 13, 7, 12, 6 ], "texture": "#texture" },
        "up":    { "uv": [ 3, 6, 4, 7 ], "texture": "#texture" },
        "north": { "uv": [ 12, 10, 13, 16 ], "texture": "#texture" },
        "south": { "uv": [ 3, 10, 4, 16 ], "texture": "#texture" },
        "west":  { "uv": [ 6, 10, 7, 16 ], "texture": "#texture" },
        "east":  { "uv": [ 9, 10, 10, 16 ], "texture": "#texture" }
    }
},
{
    "from": [ 13, 11.8125, 12 ],
    "to": [ 14, 17.8125, 13 ],
    "rotation": { "origin": [ 13, 17.8125, 12 ], "axis": "z", "angle": -22.5 },
    "faces": {
        "down":  { "uv": [ 13, 12, 12, 11 ], "texture": "#texture" },
        "up":    { "uv": [ 3, 11, 4, 12 ], "texture": "#texture" },
        "north": { "uv": [ 12, 10, 13, 16 ], "texture": "#texture" },
        "south": { "uv": [ 3, 10, 4, 16 ], "texture": "#texture" },
        "west":  { "uv": [ 11, 10, 12, 16 ], "texture": "#texture" },
        "east":  { "uv": [ 4, 10, 5, 16 ], "texture": "#texture" }
    }
},
{
    "from": [ 13, 17.0625, 4.125 ],
    "to": [ 15, 19.0625, 6.125 ],
    "faces": {
        "down":  { "uv": [ 3, 6.125, 1, 4.125 ], "texture": "#texture" },
        "up":    { "uv": [ 13, 4.125, 15, 6.125 ], "texture": "#texture" },
        "north": { "uv": [ 1, 0, 3, 0 ], "texture": "#texture" },
        "south": { "uv": [ 13, 0, 15, 0 ], "texture": "#texture" },
        "west":  { "uv": [ 4.125, 0, 6.125, 0 ], "texture": "#texture" },
        "east":  { "uv": [ 9.875, 0, 11.875, 0 ], "texture": "#texture" }
    }
},
{
    "from": [ 13, 17, 11.75 ],
    "to": [ 15, 19, 13.75 ],
    "faces": {
        "down":  { "uv": [ 3, 13.75, 1, 11.75 ], "texture": "#texture" },
        "up":    { "uv": [ 13, 11.75, 15, 13.75 ], "texture": "#texture" },
        "north": { "uv": [ 1, 0, 3, 0 ], "texture": "#texture" },
        "south": { "uv": [ 13, 0, 15, 0 ], "texture": "#texture" },
        "west":  { "uv": [ 11.75, 0, 13.75, 0 ], "texture": "#texture" },
        "east":  { "uv": [ 2.25, 0, 4.25, 0 ], "texture": "#texture" }
    }
},
{
    "from": [ 8, 8, -2 ],
    "to": [ 9, 9, 4.5 ],
    "rotation": { "origin": [ 8, 9, -2 ], "axis": "x", "angle": 22.5 },
    "faces": {
        "down":  { "uv": [ 8, 3, 7, 0 ], "texture": "#texture" },
        "up":    { "uv": [ 8, 0, 9, 3 ], "texture": "#texture" },
        "north": { "uv": [ 7, 8, 8, 9 ], "texture": "#texture" },
        "south": { "uv": [ 8, 8, 9, 9 ], "texture": "#texture" },
        "west":  { "uv": [ 0, 8, 3, 9 ], "texture": "#texture" },
        "east":  { "uv": [ 13, 8, 16, 9 ], "texture": "#texture" }
    }
},
{
    "from": [ 8, 6, 0 ],
    "to": [ 9, 7, 4 ],
    "rotation": { "origin": [ 8, 7, 0 ], "axis": "x", "angle": 22.5 },
    "faces": {
        "down":  { "uv": [ 8, 3, 7, 0 ], "texture": "#texture" },
        "up":    { "uv": [ 8, 0, 9, 3 ], "texture": "#texture" },
        "north": { "uv": [ 7, 9, 8, 10 ], "texture": "#texture" },
        "south": { "uv": [ 8, 9, 9, 10 ], "texture": "#texture" },
        "west":  { "uv": [ 0, 9, 3, 10 ], "texture": "#texture" },
        "east":  { "uv": [ 13, 9, 16, 10 ], "texture": "#texture" }
    }
},
{
    "from": [ 8, 8.0625, -2 ],
    "to": [ 9, 9.0625, 1.375 ],
    "rotation": { "origin": [ 8, 9.0625, -2 ], "axis": "x", "angle": 45 },
    "faces": {
        "down":  { "uv": [ 13.5, 5, 12.5, 3.5 ], "texture": "#texture" },
        "up":    { "uv": [ 2.5, 3.5, 3.5, 5 ], "texture": "#texture" },
        "north": { "uv": [ 12.5, 10, 13.5, 11 ], "texture": "#texture" },
        "south": { "uv": [ 2.5, 10, 3.5, 11 ], "texture": "#texture" },
        "west":  { "uv": [ 3.5, 10, 5, 11 ], "texture": "#texture" },
        "east":  { "uv": [ 11, 10, 12.5, 11 ], "texture": "#texture" }
    }
},
{
    "from": [ 8, 4.5, 14.5 ],
    "to": [ 9, 5.5, 19 ],
    "rotation": { "origin": [ 8, 5.5, 14.5 ], "axis": "x", "angle": -22.5 },
    "faces": {
        "down":  { "uv": [ 10.5, 2.5, 9.5, 0 ], "texture": "#texture" },
        "up":    { "uv": [ 5.5, 0, 6.5, 2.5 ], "texture": "#texture" },
        "north": { "uv": [ 9.5, 2.5, 10.5, 3.5 ], "texture": "#texture" },
        "south": { "uv": [ 5.5, 2.5, 6.5, 3.5 ], "texture": "#texture" },
        "west":  { "uv": [ 0, 2.5, 2.5, 3.5 ], "texture": "#texture" },
        "east":  { "uv": [ 13.5, 2.5, 16, 3.5 ], "texture": "#texture" }
    }
},
{
    "from": [ 8, 5.5, 14.5 ],
    "to": [ 9, 6.5, 21 ],
    "rotation": { "origin": [ 8, 6.5, 14.5 ], "axis": "x", "angle": -22.5 },
    "faces": {
        "down":  { "uv": [ 8, 3, 7, 0 ], "texture": "#texture" },
        "up":    { "uv": [ 8, 0, 9, 3 ], "texture": "#texture" },
        "north": { "uv": [ 7, 8, 8, 9 ], "texture": "#texture" },
        "south": { "uv": [ 8, 8, 9, 9 ], "texture": "#texture" },
        "west":  { "uv": [ 0, 8, 3, 9 ], "texture": "#texture" },
        "east":  { "uv": [ 13, 8, 16, 9 ], "texture": "#texture" }
    }
},
{
    "from": [ 8, 5.3125, 17.75 ],
    "to": [ 9, 6.3125, 21.125 ],
    "rotation": { "origin": [ 8, 6.3125, 17.75 ], "axis": "x", "angle": -45 },
    "faces": {
        "down":  { "uv": [ 13.5, 5, 12.5, 3.5 ], "texture": "#texture" },
        "up":    { "uv": [ 2.5, 3.5, 3.5, 5 ], "texture": "#texture" },
        "north": { "uv": [ 12.5, 10, 13.5, 11 ], "texture": "#texture" },
        "south": { "uv": [ 2.5, 10, 3.5, 11 ], "texture": "#texture" },
        "west":  { "uv": [ 3.5, 10, 5, 11 ], "texture": "#texture" },
        "east":  { "uv": [ 11, 10, 12.5, 11 ], "texture": "#texture" }
    }
},
{
    "from": [ 8, 4.125, 14.5625 ],
    "to": [ 9, 5.125, 18.5625 ],
    "rotation": { "origin": [ 8, 5.125, 14.5625 ], "axis": "x", "angle": -22.5 },
    "faces": {
        "down":  { "uv": [ 8, 3, 7, 0 ], "texture": "#texture" },
        "up":    { "uv": [ 8, 0, 9, 3 ], "texture": "#texture" },
        "north": { "uv": [ 7, 9, 8, 10 ], "texture": "#texture" },
        "south": { "uv": [ 8, 9, 9, 10 ], "texture": "#texture" },
        "west":  { "uv": [ 0, 9, 3, 10 ], "texture": "#texture" },
        "east":  { "uv": [ 13, 9, 16, 10 ], "texture": "#texture" }
    }
},
{
    "from": [ 8, 6.6875, -0.4375 ],
    "to": [ 9, 7.6875, 4.0625 ],
    "rotation": { "origin": [ 8, 7.6875, -0.4375 ], "axis": "x", "angle": 22.5 },
    "faces": {
        "down":  { "uv": [ 10.5, 2.5, 9.5, 0 ], "texture": "#texture" },
        "up":    { "uv": [ 5.5, 0, 6.5, 2.5 ], "texture": "#texture" },
        "north": { "uv": [ 9.5, 2.5, 10.5, 3.5 ], "texture": "#texture" },
        "south": { "uv": [ 5.5, 2.5, 6.5, 3.5 ], "texture": "#texture" },
        "west":  { "uv": [ 0, 2.5, 2.5, 3.5 ], "texture": "#texture" },
        "east":  { "uv": [ 13.5, 2.5, 16, 3.5 ], "texture": "#texture" }
    }
}
],
"display": {
    "head": {
        "rotation": [ 0, 90, 0 ],
        "translation": [ -0.5, 1.2, -0.2 ],
        "scale": [ 1, 1, 1 ]
    },
    "gui": {
        "rotation": [ 90, -90, 90 ],
        "translation": [ 0, -0.9, 3.9 ],
        "scale": [ 0.45, 1, 0.7 ]
    }
}
}