{"textures":{"0":"mcbt/white_stained_glass","1":"blocks/hardened_clay"},"elements":[{"from":[2,0,3],"to":[14,8,4],"faces":{"down":{"uv":[1,10,13,11],"texture":"#0"},"up":{"uv":[2,4,14,5],"texture":"#0"},"north":{"uv":[2,4,14,12],"texture":"#0"},"west":{"uv":[6,5,7,13],"texture":"#0"},"east":{"uv":[6,5,7,13],"texture":"#0"}}},{"from":[2,0,12],"to":[14,8,13],"faces":{"down":{"uv":[1,1,13,2],"texture":"#0"},"up":{"uv":[1,6,13,7],"texture":"#0"},"south":{"uv":[3,2,15,10],"texture":"#0"},"west":{"uv":[3,5,4,13],"texture":"#0"},"east":{"uv":[1,4,2,12],"texture":"#0"}}},{"from":[2,8,4],"to":[14,9,12],"faces":{"up":{"uv":[2,4,14,12],"texture":"#0"},"north":{"uv":[2,5,14,6],"texture":"#0"},"south":{"uv":[2,3,14,4],"texture":"#0"},"west":{"uv":[2,7,10,8],"texture":"#0"},"east":{"uv":[3,9,11,10],"texture":"#0"}}},{"from":[2,-1,4],"to":[14,0,12],"faces":{"down":{"uv":[3,2,15,10],"texture":"#0"},"north":{"uv":[3,3,15,4],"texture":"#0"},"south":{"uv":[3,5,15,6],"texture":"#0"},"west":{"uv":[1,3,9,4],"texture":"#0"},"east":{"uv":[1,4,9,5],"texture":"#0"}}},{"from":[14,0,4],"to":[15,8,12],"faces":{"down":{"uv":[1,1,2,9],"texture":"#0"},"up":{"uv":[1,1,2,9],"texture":"#0"},"north":{"uv":[1,1,2,9],"texture":"#0"},"south":{"uv":[1,1,2,9],"texture":"#0"},"east":{"uv":[1,1,9,9],"texture":"#0"}}},{"from":[0,0,4],"to":[2,8,12],"faces":{"down":{"uv":[1,1,3,9],"texture":"#0"},"up":{"uv":[1,1,3,9],"texture":"#0"},"north":{"uv":[1,1,3,9],"texture":"#0"},"south":{"uv":[1,1,3,9],"texture":"#0"},"west":{"uv":[1,1,9,9],"texture":"#0"}}},{"from":[-3,1.5,5.5],"to":[0,6.5,10.5],"faces":{"down":{"uv":[1,1,4,6],"texture":"#0"},"up":{"uv":[1,1,4,6],"texture":"#0"},"north":{"uv":[1,1,4,6],"texture":"#0"},"south":{"uv":[1,1,4,6],"texture":"#0"}}},{"from":[-5,0.5,4.5],"to":[-3,2.5,11.5],"faces":{"down":{"uv":[1,1,3,8],"texture":"#0"},"north":{"uv":[1,1,3,3],"texture":"#0"},"south":{"uv":[1,1,3,3],"texture":"#0"},"west":{"uv":[1,1,8,3],"texture":"#0"},"east":{"uv":[1,1,8,3],"texture":"#0"}}},{"from":[-5,5.5,4.5],"to":[-3,7.5,11.5],"faces":{"up":{"uv":[1,1,3,8],"texture":"#0"},"north":{"uv":[1,1,3,3],"texture":"#0"},"south":{"uv":[1,1,3,3],"texture":"#0"},"west":{"uv":[1,1,8,3],"texture":"#0"},"east":{"uv":[1,1,8,3],"texture":"#0"}}},{"from":[-5,2.5,4.5],"to":[-3,5.5,6.5],"faces":{"north":{"uv":[1,1,3,4],"texture":"#0"},"west":{"uv":[1,1,3,4],"texture":"#0"},"east":{"uv":[6,5,8,8],"texture":"#0"}}},{"from":[-5,2.5,9.5],"to":[-3,5.5,11.5],"faces":{"south":{"uv":[1,1,3,4],"texture":"#0"},"west":{"uv":[1,1,3,4],"texture":"#0"},"east":{"uv":[1,1,3,4],"texture":"#0"}}},{"from":[-7,2,6],"to":[-4,6,10],"faces":{"down":{"uv":[0,0,3,4],"texture":"#1"},"up":{"uv":[0,0,3,4],"texture":"#1"},"north":{"uv":[0,0,3,4],"texture":"#1"},"south":{"uv":[0,0,3,4],"texture":"#1"},"west":{"uv":[0,0,4,4],"texture":"#1"},"east":{"uv":[0,0,4,4],"texture":"#1"}}}],

"display":{"head":{"rotation":[0,0,0],"translation":[0,7.5,0],"scale":[1.7,1.7,1.7]},"gui":{"rotation":[0,0,-45],"translation":[3.5,0,0],"scale":[0.7,0.7,0.7]}}}