{
	"textures": {
		"caketop": "mcbt/cake_top",
		"cakeside": "mcbt/cake_side",
		"plate": "mcbt/quartz_block_top",
		"candle": "mcbt/wool_colored_cyan",
		"fire1": "mcbt/fire_layer_0",
		"fire2": "mcbt/fire_layer_1"
	},
    "display": {
    "gui": {
        "rotation": [ 30, 6, -28 ],
        "translation": [ -2, -5.5, 0 ],
        "scale": [ 0.8, 0.8, 0.8 ]
    }
},
    "elements": [
        {   "from": [ -1, 14, -1 ],
            "to": [ 17, 15, 17 ],
            "faces": {
                "down":  { "uv": [ 0, 0, 16, 16] , "texture": "#plate", "cullface": "down" },
                "up":    { "uv": [ 0, 0, 16, 16] , "texture": "#plate", "cullface": "up" },
                "north": { "uv": [ 0, 0, 16, 1] , "texture": "#plate", "cullface": "north" },
                "south": { "uv": [ 0, 0, 16, 1], "texture": "#plate", "cullface": "south" },
                "west":  { "uv": [ 0, 0, 16, 1], "texture": "#plate", "cullface": "west" },
                "east":  { "uv": [ 0, 0, 16, 1], "texture": "#plate", "cullface": "east" }
            }
        },
		{   "from": [ 2, 15, 2 ],
            "to": [ 14, 21, 14 ],
            "faces": {
                "up":    { "uv": [ 1, 1, 15, 15] , "texture": "#caketop", "cullface": "up" },
                "north": { "uv": [ 1, 8, 15, 16] , "texture": "#cakeside", "cullface": "north" },
                "south": { "uv": [ 1, 8, 15, 16], "texture": "#cakeside", "cullface": "south" },
                "west":  { "uv": [ 1, 8, 15, 16], "texture": "#cakeside", "cullface": "west" },
                "east":  { "uv": [ 1, 8, 15, 16], "texture": "#cakeside", "cullface": "east" }
            }
        },
		{   "from": [ 7.5, 21, 7.5 ],
            "to": [ 8.5, 26, 8.5 ],
            "faces": {
                "up":    { "uv": [ 0, 0, 1, 1] , "texture": "#candle", "cullface": "up" },
                "north": { "uv": [ 0, 0, 1, 5] , "texture": "#candle", "cullface": "north" },
                "south": { "uv": [ 0, 0, 1, 5], "texture": "#candle", "cullface": "south" },
                "west":  { "uv": [ 0, 0, 1, 5], "texture": "#candle", "cullface": "west" },
                "east":  { "uv": [ 0, 0, 1, 5], "texture": "#candle", "cullface": "east" }
            }
        },
		{   "from": [ 7.5, 26, 7.5 ],
            "to": [ 8.5, 28, 8.5 ],
            "faces": {
                "north": { "uv": [ 0, 0, 16, 16] , "texture": "#fire1", "cullface": "north" },
                "south": { "uv": [ 0, 0, 16, 16], "texture": "#fire1", "cullface": "south" },
                "west":  { "uv": [ 0, 0, 16, 16], "texture": "#fire1", "cullface": "west" },
                "east":  { "uv": [ 0, 0, 16, 16], "texture": "#fire1", "cullface": "east" }
            }
        },
		{   "from": [ 7.5, 26, 7.5 ],
            "to": [ 8.5, 28, 8.5 ],
            "faces": {
                "north": { "uv": [ 0, 0, 16, 16] , "texture": "#fire2", "cullface": "north" },
                "south": { "uv": [ 0, 0, 16, 16], "texture": "#fire2", "cullface": "south" },
                "west":  { "uv": [ 0, 0, 16, 16], "texture": "#fire2", "cullface": "west" },
                "east":  { "uv": [ 0, 0, 16, 16], "texture": "#fire2", "cullface": "east" }
            }
        }
    ]
}
