{"textures":{"1":"mcbt/wool_colored_pink","2":"mcbt/hardened_clay"},"elements":[{"from":[3,5,3],"to":[13,9,13],"faces":{"down":{"uv":[9,4,12,7],"texture":"#2"},"up":{"uv":[9,4,11,8],"texture":"#2"},"north":{"uv":[9,4,12,6],"texture":"#2"},"south":{"uv":[9,4,12,6],"texture":"#2"},"west":{"uv":[9,4,12,6],"texture":"#2"},"east":{"uv":[9,4,12,6],"texture":"#2"}}},{"from":[4,8,4],"to":[12,11,12],"faces":{"up":{"uv":[9,4,11,8],"texture":"#1"},"north":{"uv":[9,6,12,8],"texture":"#1"},"south":{"uv":[9,6,12,8],"texture":"#1"},"west":{"uv":[9,6,12,8],"texture":"#1"},"east":{"uv":[9,6,12,8],"texture":"#1"}}},{"from":[5,11,6],"to":[7,15,8],	"rotation":{"origin":[8,8,8],"axis":"x","angle":-22.5},"faces":{"up":{"uv":[9,4,10,5],"texture":"#1"},"north":{"uv":[9,4,10,7],"texture":"#1"},"south":{"uv":[9,4,10,7],"texture":"#1"},"west":{"uv":[9,4,10,6],"texture":"#1"},"east":{"uv":[9,4,10,7],"texture":"#1"}}},{"from":[9,11,8],"to":[11,15,10],"rotation":{"origin":[8,8,8],"axis":"x","angle":22.5},"faces":{"up":{"uv":[9,4,10,5],"texture":"#1"},"north":{"uv":[9,4,10,7],"texture":"#1"},"south":{"uv":[9,4,10,7],"texture":"#1"},"west":{"uv":[9,4,10,6],"texture":"#1"},"east":{"uv":[9,4,10,7],"texture":"#1"}}},{"from":[6,11,9],"to":[8,15,11],"rotation":{"origin":[8,8,8],"axis":"z","angle":22.5},"faces":{"up":{"uv":[9,4,10,5],"texture":"#1"},"north":{"uv":[9,4,10,7],"texture":"#1"},"south":{"uv":[9,4,10,7],"texture":"#1"},"west":{"uv":[9,4,10,6],"texture":"#1"},"east":{"uv":[9,4,10,7],"texture":"#1"}}},{"from":[8,11,5],"to":[10,15,7],"rotation":{"origin":[8,8,8],"axis":"z","angle":-22.5},"faces":{"up":{"uv":[9,4,10,5],"texture":"#1"},"north":{"uv":[9,4,10,7],"texture":"#1"},"south":{"uv":[9,4,10,7],"texture":"#1"},"west":{"uv":[9,4,10,6],"texture":"#1"},"east":{"uv":[9,4,10,7],"texture":"#1"}}}],"display":{"head":{"translation":[0,5,0],"scale":[1.7,1.7,1.7]},"gui":{"translation":[0,-2,0]}}}