{"textures":{"0":"mcbt/glass_black","1":"mcbt/anvil_base","2":"mcbt/obsidian"},"elements":[{"from":[4,2,9],"to":[12,8,12],"faces":{"north":{"texture":"#0","uv":[0,0,16,16]},"east":{"texture":"#0","uv":[1,0,5,16]},"south":{"texture":"#0","uv":[1,0,15,12]},"west":{"texture":"#0","uv":[0,0,7,16]},"up":{"texture":"#0","uv":[0,0,16,16]},"down":{"texture":"#0","uv":[0,0,16,16]}}},{"from":[3,1,6],"to":[6,6,10],"rotation":{"origin":[8,8,8],"axis":"z","angle":-22.5},"faces":{"north":{"texture":"#1","uv":[0,0,3,5]},"east":{"texture":"#1","uv":[0,0,4,5]},"south":{"texture":"#1","uv":[0,0,3,5]},"west":{"texture":"#1","uv":[0,0,4,5]},"up":{"texture":"#1","uv":[0,0,3,4]},"down":{"texture":"#1","uv":[0,0,3,4]}}},{"from":[1,0,5],"to":[4,3.5,11],"rotation":{"origin":[8,8,8],"axis":"y","angle":22.5},"faces":{"north":{"texture":"#1","uv":[0,0,3,3.5]},"east":{"texture":"#1","uv":[0,0,6,3.5]},"south":{"texture":"#1","uv":[0,0,3,3.5]},"west":{"texture":"#1","uv":[0,0,6,3.5]},"up":{"texture":"#1","uv":[0,0,3,6]},"down":{"texture":"#1","uv":[0,0,3,6]}}},{"from":[12,0,5],"to":[15,3.5,11],"rotation":{"origin":[8,8,8],"axis":"y","angle":-22.5},"faces":{"north":{"texture":"#1","uv":[0,0,3,3.5]},"east":{"texture":"#1","uv":[0,0,6,3.5]},"south":{"texture":"#1","uv":[0,0,3,3.5]},"west":{"texture":"#1","uv":[0,0,6,3.5]},"up":{"texture":"#1","uv":[0,0,3,6]},"down":{"texture":"#1","uv":[0,0,3,6]}}},{"from":[10,1,6],"to":[13,6,10],"rotation":{"origin":[8,8,8],"axis":"z","angle":22.5},"faces":{"north":{"texture":"#1","uv":[0,0,3,5]},"east":{"texture":"#1","uv":[0,0,4,5]},"south":{"texture":"#1","uv":[0,0,3,5]},"west":{"texture":"#1","uv":[0,0,4,5]},"up":{"texture":"#1","uv":[0,0,3,4]},"down":{"texture":"#1","uv":[0,0,3,4]}}},{"from":[12,0,4.9],"to":[15,3,10.9],"rotation":{"origin":[8,8,8],"axis":"y","angle":22.5},"faces":{"north":{"texture":"#1","uv":[0,0,3,3]},"east":{"texture":"#1","uv":[0,0,6,3]},"south":{"texture":"#1","uv":[0,0,3,3]},"west":{"texture":"#1","uv":[0,0,6,3]},"up":{"texture":"#1","uv":[0,0,3,6]},"down":{"texture":"#1","uv":[0,0,3,6]}}},{"from":[1,0,4.9],"to":[4,3,10.9],"rotation":{"origin":[8,8,8],"axis":"y","angle":-22.5},"faces":{"north":{"texture":"#1","uv":[0,0,3,3]},"east":{"texture":"#1","uv":[0,0,6,3]},"south":{"texture":"#1","uv":[0,0,3,3]},"west":{"texture":"#1","uv":[0,0,6,3]},"up":{"texture":"#1","uv":[0,0,3,6]},"down":{"texture":"#1","uv":[0,0,3,6]}}},{"from":[2.8,0,2],"to":[13.3,5,6],"faces":{"north":{"texture":"#1","uv":[0,0,10.5,5]},"east":{"texture":"#1","uv":[0,0,4,5]},"south":{"texture":"#1","uv":[0,0,10.5,5]},"west":{"texture":"#1","uv":[0,0,4,5]},"up":{"texture":"#1","uv":[0,0,10.5,4]},"down":{"texture":"#1","uv":[0,0,10.5,4]}}},{"from":[3.1,1.8,6],"to":[12.9,7.8,9],"rotation":{"origin":[8,8,8],"axis":"x","angle":45},"faces":{"north":{"texture":"#1","uv":[0,0,9.8,6]},"east":{"texture":"#1","uv":[0,0,3,6]},"south":{"texture":"#1","uv":[0,0,9.8,6]},"west":{"texture":"#1","uv":[0,0,3,6]},"up":{"texture":"#1","uv":[0,0,9.8,3]},"down":{"texture":"#1","uv":[0,0,9.8,3]}}},{"from":[3,4.801,10],"to":[13,7.801,11],"rotation":{"origin":[8,8,8],"axis":"x","angle":-45},"faces":{"north":{"texture":"#1","uv":[0,0,10,3]},"east":{"texture":"#1","uv":[0,0,1,3]},"south":{"texture":"#1","uv":[0,0,10,3]},"west":{"texture":"#1","uv":[0,0,1,3]},"up":{"texture":"#1","uv":[0,0,10,1]},"down":{"texture":"#1","uv":[0,0,10,1]}}},{"from":[3,6.801,6.7],"to":[13,9.8,10.2],"faces":{"north":{"texture":"#1","uv":[0,0,10,3]},"east":{"texture":"#1","uv":[0,0,3.5,3]},"south":{"texture":"#1","uv":[0,0,10,3]},"west":{"texture":"#1","uv":[0,0,3.5,3]},"up":{"texture":"#1","uv":[0,0,10,3.5]},"down":{"texture":"#1","uv":[0,0,10,3.5]}}},{"from":[3,4.801,9],"to":[13,6.801,10],"rotation":{"origin":[8,8,8],"axis":"x","angle":-45},"faces":{"north":{"texture":"#1","uv":[0,0,10,2]},"east":{"texture":"#1","uv":[0,0,1,2]},"south":{"texture":"#1","uv":[0,0,10,2]},"west":{"texture":"#1","uv":[0,0,1,2]},"up":{"texture":"#1","uv":[0,0,10,1]},"down":{"texture":"#1","uv":[0,0,10,1]}}},{"from":[5,0,12],"to":[11,3.4,13],"faces":{"north":{"texture":"#1","uv":[0,0,6,3.4]},"east":{"texture":"#1","uv":[0,0,1,3.4]},"south":{"texture":"#1","uv":[0,0,6,3.4]},"west":{"texture":"#1","uv":[0,0,1,3.4]},"up":{"texture":"#1","uv":[0,0,6,1]},"down":{"texture":"#1","uv":[0,0,6,1]}}},{"from":[8,0,12],"to":[9,4,15],"rotation":{"origin":[8,8,8],"axis":"z","angle":-22.5},"faces":{"north":{"texture":"#1","uv":[0,0,1,4]},"east":{"texture":"#1","uv":[0,0,3,4]},"south":{"texture":"#1","uv":[0,0,1,4]},"west":{"texture":"#1","uv":[0,0,3,4]},"up":{"texture":"#1","uv":[0,0,1,3]},"down":{"texture":"#1","uv":[0,0,1,3]}}},{"from":[7,0,12],"to":[8,4,15],"rotation":{"origin":[8,8,8],"axis":"z","angle":22.5},"faces":{"north":{"texture":"#1","uv":[0,0,1,4]},"east":{"texture":"#1","uv":[0,0,3,4]},"south":{"texture":"#1","uv":[0,0,1,4]},"west":{"texture":"#1","uv":[0,0,3,4]},"up":{"texture":"#1","uv":[0,0,1,3]},"down":{"texture":"#1","uv":[0,0,1,3]}}},{"from":[5,0,12],"to":[11,1,15.1],"faces":{"north":{"texture":"#1","uv":[0,0,6,1]},"east":{"texture":"#1","uv":[0,0,3.1,1]},"south":{"texture":"#1","uv":[0,0,6,1]},"west":{"texture":"#1","uv":[0,0,3.1,1]},"up":{"texture":"#1","uv":[0,0,6,3.1]},"down":{"texture":"#1","uv":[0,0,6,3.1]}}},{"from":[6.5,3.4,12],"to":[9.5,4.4,15.1],"faces":{"north":{"texture":"#1","uv":[0,0,3,1]},"east":{"texture":"#1","uv":[0,0,3.1,1]},"south":{"texture":"#1","uv":[0,0,3,1]},"west":{"texture":"#1","uv":[0,0,3.1,1]},"up":{"texture":"#1","uv":[0,0,3,3.1]},"down":{"texture":"#1","uv":[0,0,3,3.1]}}},{"from":[6.1,0,13],"to":[9.899,3.4,14],"faces":{"north":{"texture":"#2","uv":[0,0,3.8,3.4]},"east":{"texture":"#2","uv":[0,0,1,3.4]},"south":{"texture":"#2","uv":[0,0,3.8,3.4]},"west":{"texture":"#2","uv":[0,0,1,3.4]},"up":{"texture":"#2","uv":[0,0,3.8,1]},"down":{"texture":"#2","uv":[0,0,3.8,1]}}},{"from":[6,9,6],"to":[10,11,11],"faces":{"north":{"texture":"#1","uv":[0,0,4,2]},"east":{"texture":"#1","uv":[0,0,5,2]},"south":{"texture":"#1","uv":[0,0,4,2]},"west":{"texture":"#1","uv":[0,0,5,2]},"up":{"texture":"#1","uv":[0,0,4,5]},"down":{"texture":"#1","uv":[0,0,4,5]}}},{"from":[6,5.4,4.5],"to":[10,9.9,6.5],"rotation":{"origin":[8,8,8],"axis":"x","angle":22.5},"faces":{"north":{"texture":"#1","uv":[0,0,4,4.5]},"east":{"texture":"#1","uv":[0,0,2,4.5]},"south":{"texture":"#1","uv":[0,0,4,4.5]},"west":{"texture":"#1","uv":[0,0,2,4.5]},"up":{"texture":"#1","uv":[0,0,4,2]},"down":{"texture":"#1","uv":[0,0,4,2]}}}],"display":{"head":{"rotation":[0,180,0],"translation":[0,7,0],"scale":[1.75,2,1.95]},"gui":{"rotation":[0,-45,0],"translation":[0,2,0],"scale":[0.8,0.8,0.8]}}}