{
    "__comment": "Model generated using MrCrayfish's Model Creator (http://mrcrayfish.com/modelcreator/)",
    "textures": {
        "0": "mcbt/lead",
        "1": "mcbt/unknow",
        "2": "mcbt/empty",
        "particle": "mcbt/lead"
    },
"display": {
    "thirdperson_righthand": {
        "rotation": [ 25, 0, 0 ],
        "translation": [ 0, 0, 0 ],
        "scale": [ 0.3, 0.3, 0.3 ]
    },
    "head": {
        "rotation": [ 0, 0, 0 ],
        "translation": [ 0, 0, 0 ],
        "scale": [ 1, 1, 1 ]
    },
    "ground": {
        "rotation": [ 25, 0, 0 ],
        "translation": [ 0, 0, 0 ],
        "scale": [ 0.3, 0.3, 0.3 ]
    },
    "fixed": {
        "rotation": [ 0, 180, 0 ],
        "translation": [ -1, 5, -5 ],
        "scale": [ 2, 2, 2 ]
    },
    "gui": {
        "rotation": [ 0, 180, 0 ],
        "translation": [ 0, 0, 0 ],
        "scale": [ 1, 1, 1 ]
    },
    "firstperson_righthand": {
        "rotation": [ -45, 130, 0 ],
        "translation": [ 1, 1, 0 ],
        "scale": [ 0.3, 0.3, 0.3 ]
    }
},
    "elements": [
        {
            "name": "Cube",
            "from": [ 0.0, 9.01, 15.50000000745058 ], 
            "to": [ 16.0, 11.01, 16.50000000745058 ], 
            "faces": {
                "north": { "texture": "#0", "uv": [ 0.0, 0.0, 16.0, 2.0 ] },
                "east": { "texture": "#0", "uv": [ 0.0, 0.0, 2.0, 3.0 ] },
                "south": { "texture": "#0", "uv": [ 0.0, 0.0, 16.0, 2.0 ] },
                "west": { "texture": "#0", "uv": [ 0.0, 0.0, 1.0, 2.0 ] },
                "up": { "texture": "#0", "uv": [ 0.0, 0.0, 16.0, 1.0 ] },
                "down": { "texture": "#0", "uv": [ 0.0, 0.0, 16.0, 1.0 ] }
            }
        },
        {
            "name": "Cube",
            "from": [ -0.4999999925494194, 9.0, -0.5000000074505806 ], 
            "to": [ 0.5000000074505806, 11.0, 16.0 ], 
            "faces": {
                "north": { "texture": "#0", "uv": [ 0.0, 0.0, 1.0, 2.0 ] },
                "east": { "texture": "#0", "uv": [ 0.0, 0.0, 16.0, 2.0 ] },
                "south": { "texture": "#0", "uv": [ 0.0, 0.0, 1.0, 2.0 ] },
                "west": { "texture": "#0", "uv": [ 0.0, 0.0, 16.0, 2.0 ] },
                "up": { "texture": "#0", "uv": [ 0.0, 0.0, 1.0, 16.0 ] },
                "down": { "texture": "#0", "uv": [ 0.0, 0.0, 1.0, 16.0 ] }
            }
        },
        {
            "name": "Cube",
            "from": [ 15.49999999254942, 9.0, -0.4999999925494194 ], 
            "to": [ 16.49999999254942, 11.0, 16.00000001490116 ], 
            "faces": {
                "north": { "texture": "#0", "uv": [ 0.0, 0.0, 1.0, 2.0 ] },
                "east": { "texture": "#0", "uv": [ 0.0, 0.0, 16.0, 2.0 ] },
                "south": { "texture": "#0", "uv": [ 0.0, 0.0, 1.0, 2.0 ] },
                "west": { "texture": "#0", "uv": [ 0.0, 0.0, 16.0, 2.0 ] },
                "up": { "texture": "#0", "uv": [ 0.0, 0.0, 1.0, 16.0 ] },
                "down": { "texture": "#0", "uv": [ 0.0, 0.0, 1.0, 16.0 ] }
            }
        },
        {
            "name": "Cube",
            "from": [ 0.0, 0.0, 0.0 ], 
            "to": [ 16.0, 16.0, 0.0 ], 
            "faces": {
                "north": { "texture": "#1", "uv": [ 0.0, 0.0, 16.0, 16.0 ] },
                "east": { "texture": "#-1", "uv": [ 0.0, 0.0, 0.0, 16.0 ] },
                "south": { "texture": "#2", "uv": [ 0.0, 0.0, 16.0, 16.0 ] },
                "west": { "texture": "#-1", "uv": [ 0.0, 0.0, 0.0, 16.0 ] },
                "up": { "texture": "#-1", "uv": [ 0.0, 0.0, 16.0, 0.0 ] },
                "down": { "texture": "#-1", "uv": [ 0.0, 0.0, 16.0, 0.0 ] }
            }
        }
    ]
}