{"textures":{"0":"mcbt/wool_colored_lime","1":"mcbt/hardened_clay_stained_brown","2":"mcbt/gold_block","3":"mcbt/wool_colored_orange"},"elements":[{"from":[2,6,3],"to":[8,8,13],"rotation":{"origin":[8,8,8],"axis":"z","angle":-22.5},"faces":{"north":{"texture":"#0","uv":[0,0,6,2]},"east":{"texture":"#0","uv":[0,0,10,2]},"south":{"texture":"#0","uv":[0,0,6,2]},"west":{"texture":"#0","uv":[0,0,10,2]},"up":{"texture":"#0","uv":[0,0,6,10]},"down":{"texture":"#0","uv":[0,0,6,10]}}},{"from":[8,6,3],"to":[14,8,13],"rotation":{"origin":[8,8,8],"axis":"z","angle":22.5},"faces":{"north":{"texture":"#0","uv":[0,0,6,2]},"east":{"texture":"#0","uv":[0,0,10,2]},"south":{"texture":"#0","uv":[0,0,6,2]},"west":{"texture":"#0","uv":[0,0,10,2]},"up":{"texture":"#0","uv":[0,0,6,10]},"down":{"texture":"#0","uv":[0,0,6,10]}}},{"from":[7,6.2,3.1],"to":[9,8.2,12.9],"faces":{"north":{"texture":"#0","uv":[0,0,2,2]},"east":{"texture":"#0","uv":[0,0,9.8,2]},"south":{"texture":"#0","uv":[0,0,2,2]},"west":{"texture":"#0","uv":[0,0,9.8,2]},"up":{"texture":"#0","uv":[0,0,2,9.8]},"down":{"texture":"#0","uv":[0,0,2,9.8]}}},{"from":[4,8,4],"to":[12,10,12],"faces":{"north":{"texture":"#1","uv":[0,0,8,2]},"east":{"texture":"#1","uv":[0,0,8,2]},"south":{"texture":"#1","uv":[0,0,8,2]},"west":{"texture":"#1","uv":[0,0,8,2]},"up":{"texture":"#1","uv":[0,0,8,8]},"down":{"texture":"#1","uv":[0,0,8,8]}}},{"from":[6,8.5,11.9],"to":[7,10.5,12.9],"faces":{"north":{"texture":"#2","uv":[0,0,1,2]},"east":{"texture":"#2","uv":[0,0,1,2]},"south":{"texture":"#2","uv":[0,0,1,2]},"west":{"texture":"#2","uv":[0,0,1,2]},"up":{"texture":"#2","uv":[0,0,1,1]},"down":{"texture":"#2","uv":[0,0,1,1]}}},{"from":[9,8.5,11.9],"to":[10,10.5,12.9],"faces":{"north":{"texture":"#2","uv":[0,0,1,2]},"east":{"texture":"#2","uv":[0,0,1,2]},"south":{"texture":"#2","uv":[0,0,1,2]},"west":{"texture":"#2","uv":[0,0,1,2]},"up":{"texture":"#2","uv":[0,0,1,1]},"down":{"texture":"#2","uv":[0,0,1,1]}}},{"from":[7,9.5,11.9],"to":[9,10.5,12.9],"faces":{"north":{"texture":"#2","uv":[0,0,2,1]},"east":{"texture":"#2","uv":[0,0,1,1]},"south":{"texture":"#2","uv":[0,0,2,1]},"west":{"texture":"#2","uv":[0,0,1,1]},"up":{"texture":"#2","uv":[0,0,2,1]},"down":{"texture":"#2","uv":[0,0,2,1]}}},{"from":[7,7.5,11.8],"to":[9,8.5,12.8],"faces":{"north":{"texture":"#2","uv":[0,0,2,1]},"east":{"texture":"#2","uv":[0,0,1,1]},"south":{"texture":"#2","uv":[0,0,2,1]},"west":{"texture":"#2","uv":[0,0,1,1]},"up":{"texture":"#2","uv":[0,0,2,1]},"down":{"texture":"#2","uv":[0,0,2,1]}}},{"from":[4.5,10,4.5],"to":[11.5,17,11.5],"faces":{"north":{"texture":"#0","uv":[4,5,11,12]},"east":{"texture":"#0","uv":[1,2,8,9]},"south":{"texture":"#0","uv":[3,3,10,10]},"west":{"texture":"#0","uv":[2,4,9,11]},"up":{"texture":"#0","uv":[4,6,11,13]},"down":{"texture":"#0","uv":[5,3,12,10]}}},{"from":[3,3.5,2.5],"to":[13,7.5,11.5],"faces":{"north":{"texture":"#3","uv":[0,0,10,4]},"east":{"texture":"#3","uv":[0,0,9,4]},"south":{"texture":"#3","uv":[0,0,10,4]},"west":{"texture":"#3","uv":[0,0,9,4]},"up":{"texture":"#3","uv":[0,0,10,9]},"down":{"texture":"#3","uv":[0,0,10,9]}}},{"from":[3,1.5,3.5],"to":[13,3.5,7.5],"faces":{"north":{"texture":"#3","uv":[0,0,10,2]},"east":{"texture":"#3","uv":[0,0,4,2]},"south":{"texture":"#3","uv":[0,0,10,2]},"west":{"texture":"#3","uv":[0,0,4,2]},"up":{"texture":"#3","uv":[0,0,10,4]},"down":{"texture":"#3","uv":[0,0,10,4]}}},{"from":[4,-4,9.5],"to":[12,2,13.5],"faces":{"north":{"texture":"#3","uv":[0,0,8,6]},"east":{"texture":"#3","uv":[0,0,4,6]},"south":{"texture":"#3","uv":[0,0,8,6]},"west":{"texture":"#3","uv":[0,0,4,6]},"up":{"texture":"#3","uv":[0,0,8,4]},"down":{"texture":"#3","uv":[0,0,8,4]}}},{"from":[3,-1,9.5],"to":[4,3,12.5],"faces":{"north":{"texture":"#3","uv":[0,0,1,4]},"east":{"texture":"#3","uv":[0,0,3,4]},"south":{"texture":"#3","uv":[0,0,1,4]},"west":{"texture":"#3","uv":[0,0,3,4]},"up":{"texture":"#3","uv":[0,0,1,3]},"down":{"texture":"#3","uv":[0,0,1,3]}}},{"from":[12,-1,9.5],"to":[13,3,12.5],"faces":{"north":{"texture":"#3","uv":[0,0,1,4]},"east":{"texture":"#3","uv":[0,0,3,4]},"south":{"texture":"#3","uv":[0,0,1,4]},"west":{"texture":"#3","uv":[0,0,3,4]},"up":{"texture":"#3","uv":[0,0,1,3]},"down":{"texture":"#3","uv":[0,0,1,3]}}},{"from":[4,-3,13.5],"to":[12,0,14.5],"faces":{"north":{"texture":"#3","uv":[0,0,8,3]},"east":{"texture":"#3","uv":[0,0,1,3]},"south":{"texture":"#3","uv":[0,0,8,3]},"west":{"texture":"#3","uv":[0,0,1,3]},"up":{"texture":"#3","uv":[0,0,8,1]},"down":{"texture":"#3","uv":[0,0,8,1]}}}],"display":{"head":{"rotation":[0,180,0],"translation":[0,6,0],"scale":[1.7,1.7,1.7]},"gui":{"rotation":[0,-40,0],"translation":[0,0,0],"scale":[0.8,0.6,0.8]}}}