{"textures":{"0":"mcbt/iron_block","1":"mcbt/wool_colored_pink","2":"mcbt/glass_gray"},"elements":[{"from":[2,9,1],"to":[3,11,6],"faces":{"north":{"texture":"#0","uv":[1,0,11,1]},"east":{"texture":"#0","uv":[3,0,10,1]},"south":{"texture":"#0","uv":[2,0,11,1]},"west":{"texture":"#0","uv":[0,0,3,1]},"up":{"texture":"#0","uv":[0,0,16,1]},"down":{"texture":"#0","uv":[0,0,14,1]}}},{"from":[2,7,3],"to":[3,9,13],"faces":{"north":{"texture":"#0","uv":[0,0,6,1]},"east":{"texture":"#0","uv":[0,0,6,1]},"south":{"texture":"#0","uv":[0,0,8,0]},"west":{"texture":"#0","uv":[0,0,6,1]},"up":{"texture":"#0","uv":[0,0,6,1]},"down":{"texture":"#0","uv":[0,0,4,1]}}},{"from":[5,8.9,4.7],"to":[11,12.9,9.2],"rotation":{"origin":[8,8,8],"axis":"x","angle":-22.5},"faces":{"north":{"texture":"#1","uv":[0,0,6,4]},"east":{"texture":"#1","uv":[0,0,4.5,4]},"south":{"texture":"#1","uv":[0,0,6,4]},"west":{"texture":"#1","uv":[0,0,4.5,4]},"up":{"texture":"#1","uv":[0,0,6,4.5]},"down":{"texture":"#1","uv":[0,0,6,4.5]}}},{"from":[5.1,9,5.1],"to":[10.899,12,10.6],"rotation":{"origin":[8,8,8],"axis":"x","angle":22.5},"faces":{"north":{"texture":"#1","uv":[0,0,5.8,3]},"east":{"texture":"#1","uv":[0,0,5.5,3]},"south":{"texture":"#1","uv":[0,0,5.8,3]},"west":{"texture":"#1","uv":[0,0,5.5,3]},"up":{"texture":"#1","uv":[0,0,5.8,5.5]},"down":{"texture":"#1","uv":[0,0,5.8,5.5]}}},{"from":[3,11,2],"to":[4,14,6],"faces":{"north":{"texture":"#2","uv":[0,0,1,3]},"east":{"texture":"#2","uv":[0,0,4,3]},"south":{"texture":"#2","uv":[0,0,1,3]},"west":{"texture":"#2","uv":[0,0,4,3]},"up":{"texture":"#2","uv":[0,0,1,4]},"down":{"texture":"#2","uv":[0,0,1,4]}}},{"from":[12,11,2],"to":[13,14,6],"faces":{"north":{"texture":"#2","uv":[0,0,1,3]},"east":{"texture":"#2","uv":[0,0,4,3]},"south":{"texture":"#2","uv":[0,0,1,3]},"west":{"texture":"#2","uv":[0,0,4,3]},"up":{"texture":"#2","uv":[0,0,1,4]},"down":{"texture":"#2","uv":[0,0,1,4]}}},{"from":[12,9,6],"to":[13,14,12],"faces":{"north":{"texture":"#2","uv":[0,0,1,5]},"east":{"texture":"#2","uv":[0,0,6,5]},"south":{"texture":"#2","uv":[0,0,1,5]},"west":{"texture":"#2","uv":[0,0,6,5]},"up":{"texture":"#2","uv":[0,0,1,6]},"down":{"texture":"#2","uv":[0,0,1,6]}}},{"from":[3,9,6],"to":[4,14,12],"faces":{"north":{"texture":"#2","uv":[0,0,1,5]},"east":{"texture":"#2","uv":[0,0,6,5]},"south":{"texture":"#2","uv":[0,0,1,5]},"west":{"texture":"#2","uv":[0,0,6,5]},"up":{"texture":"#2","uv":[0,0,1,6]},"down":{"texture":"#2","uv":[0,0,1,6]}}},{"from":[4,9,11],"to":[12,14,12],"faces":{"north":{"texture":"#2","uv":[0,0,8,5]},"east":{"texture":"#2","uv":[0,0,1,5]},"south":{"texture":"#2","uv":[0,0,8,5]},"west":{"texture":"#2","uv":[0,0,1,5]},"up":{"texture":"#2","uv":[0,0,8,1]},"down":{"texture":"#2","uv":[0,0,8,1]}}},{"from":[4,11,2],"to":[12,14,3],"faces":{"north":{"texture":"#2","uv":[0,0,8,3]},"east":{"texture":"#2","uv":[0,0,1,3]},"south":{"texture":"#2","uv":[0,0,8,3]},"west":{"texture":"#2","uv":[0,0,1,3]},"up":{"texture":"#2","uv":[0,0,8,1]},"down":{"texture":"#2","uv":[0,0,8,1]}}},{"from":[4,14,3],"to":[12,15,11],"faces":{"north":{"texture":"#2","uv":[0,0,8,1]},"east":{"texture":"#2","uv":[0,0,8,1]},"south":{"texture":"#2","uv":[0,0,8,1]},"west":{"texture":"#2","uv":[0,0,8,1]},"up":{"texture":"#2","uv":[0,0,8,8]},"down":{"texture":"#2","uv":[0,0,8,8]}}},{"from":[4,8,3],"to":[12,9,11],"faces":{"north":{"texture":"#0","uv":[0,0,6,1]},"east":{"texture":"#0","uv":[0,0,6,1]},"south":{"texture":"#0","uv":[0,0,8,0]},"west":{"texture":"#0","uv":[0,0,6,1]},"up":{"texture":"#0","uv":[0,0,6,1]},"down":{"texture":"#0","uv":[0,0,4,1]}}},{"from":[4,10,3],"to":[12,11,5],"faces":{"north":{"texture":"#0","uv":[1,0,11,1]},"east":{"texture":"#0","uv":[3,0,10,1]},"south":{"texture":"#0","uv":[2,0,11,1]},"west":{"texture":"#0","uv":[0,0,3,1]},"up":{"texture":"#0","uv":[0,0,16,1]},"down":{"texture":"#0","uv":[0,0,14,1]}}},{"from":[13,9,1],"to":[14,11,6],"faces":{"north":{"texture":"#0","uv":[1,0,11,1]},"east":{"texture":"#0","uv":[3,0,10,1]},"south":{"texture":"#0","uv":[2,0,11,1]},"west":{"texture":"#0","uv":[0,0,3,1]},"up":{"texture":"#0","uv":[0,0,16,1]},"down":{"texture":"#0","uv":[0,0,14,1]}}},{"from":[13,7,3],"to":[14,9,13],"faces":{"north":{"texture":"#0","uv":[0,0,6,1]},"east":{"texture":"#0","uv":[0,0,6,1]},"south":{"texture":"#0","uv":[0,0,8,0]},"west":{"texture":"#0","uv":[0,0,6,1]},"up":{"texture":"#0","uv":[0,0,6,1]},"down":{"texture":"#0","uv":[0,0,4,1]}}},{"from":[3,9,1],"to":[13,11,2],"faces":{"north":{"texture":"#0","uv":[1,0,11,1]},"east":{"texture":"#0","uv":[3,0,10,1]},"south":{"texture":"#0","uv":[2,0,11,1]},"west":{"texture":"#0","uv":[0,0,3,1]},"up":{"texture":"#0","uv":[0,0,16,1]},"down":{"texture":"#0","uv":[0,0,14,1]}}},{"from":[3,7,12],"to":[13,9,13],"faces":{"north":{"texture":"#0","uv":[0,0,6,1]},"east":{"texture":"#0","uv":[0,0,6,1]},"south":{"texture":"#0","uv":[0,0,8,0]},"west":{"texture":"#0","uv":[0,0,6,1]},"up":{"texture":"#0","uv":[0,0,6,1]},"down":{"texture":"#0","uv":[0,0,4,1]}}},{"from":[3,7,3],"to":[13,8,12],"faces":{"north":{"texture":"#0","uv":[0,0,6,1]},"east":{"texture":"#0","uv":[0,0,6,1]},"south":{"texture":"#0","uv":[0,0,8,0]},"west":{"texture":"#0","uv":[0,0,6,1]},"up":{"texture":"#0","uv":[0,0,6,1]},"down":{"texture":"#0","uv":[0,0,4,1]}}},{"from":[3,9,2],"to":[13,10,4],"faces":{"north":{"texture":"#0","uv":[1,0,11,1]},"east":{"texture":"#0","uv":[3,0,10,1]},"south":{"texture":"#0","uv":[2,0,11,1]},"west":{"texture":"#0","uv":[0,0,3,1]},"up":{"texture":"#0","uv":[0,0,16,1]},"down":{"texture":"#0","uv":[0,0,14,1]}}}],"display":{"head":{"rotation":[0,180,0],"translation":[0,6,0],"scale":[1.5,1.5,1.5]},"gui":{"rotation":[0,-20,0],"translation":[0,-3,0],"scale":[0.9,0.9,0.9]}}}