{"textures":{"0":"mcbt/anvil_base","1":"mcbt/emerald_block"},"elements":[{"from":[3,2,3],"to":[13,5,13],"faces":{"north":{"texture":"#0","uv":[0,0,10,3]},"east":{"texture":"#0","uv":[0,0,10,3]},"south":{"texture":"#0","uv":[0,0,10,3]},"west":{"texture":"#0","uv":[0,0,10,3]},"up":{"texture":"#0","uv":[0,0,10,10]},"down":{"texture":"#0","uv":[0,0,10,10]}}},{"from":[4,2,12],"to":[12,6,14],"faces":{"north":{"texture":"#0","uv":[0,0,8,4]},"east":{"texture":"#0","uv":[0,0,2,4]},"south":{"texture":"#0","uv":[0,0,8,4]},"west":{"texture":"#0","uv":[0,0,2,4]},"up":{"texture":"#0","uv":[0,0,8,2]},"down":{"texture":"#0","uv":[0,0,8,2]}}},{"from":[4,2,14],"to":[5,6,15.5],"faces":{"north":{"texture":"#0","uv":[0,0,1,4]},"east":{"texture":"#0","uv":[0,0,1.5,4]},"south":{"texture":"#0","uv":[0,0,1,4]},"west":{"texture":"#0","uv":[0,0,1.5,4]},"up":{"texture":"#0","uv":[0,0,1,1.5]},"down":{"texture":"#0","uv":[0,0,1,1.5]}}},{"from":[11,2,14],"to":[12,6,15.5],"faces":{"north":{"texture":"#0","uv":[0,0,1,4]},"east":{"texture":"#0","uv":[0,0,1.5,4]},"south":{"texture":"#0","uv":[0,0,1,4]},"west":{"texture":"#0","uv":[0,0,1.5,4]},"up":{"texture":"#0","uv":[0,0,1,1.5]},"down":{"texture":"#0","uv":[0,0,1,1.5]}}},{"from":[7,2,14],"to":[9,6,15.5],"faces":{"north":{"texture":"#0","uv":[0,0,2,4]},"east":{"texture":"#0","uv":[0,0,1.5,4]},"south":{"texture":"#0","uv":[0,0,2,4]},"west":{"texture":"#0","uv":[0,0,1.5,4]},"up":{"texture":"#0","uv":[0,0,2,1.5]},"down":{"texture":"#0","uv":[0,0,2,1.5]}}},{"from":[5,5,14],"to":[7,6,16],"faces":{"north":{"texture":"#0","uv":[0,0,2,1]},"east":{"texture":"#0","uv":[0,0,2,1]},"south":{"texture":"#0","uv":[0,0,2,1]},"west":{"texture":"#0","uv":[0,0,2,1]},"up":{"texture":"#0","uv":[0,0,2,2]},"down":{"texture":"#0","uv":[0,0,2,2]}}},{"from":[9,2,14],"to":[11,3,16],"faces":{"north":{"texture":"#0","uv":[0,0,2,1]},"east":{"texture":"#0","uv":[0,0,2,1]},"south":{"texture":"#0","uv":[0,0,2,1]},"west":{"texture":"#0","uv":[0,0,2,1]},"up":{"texture":"#0","uv":[0,0,2,2]},"down":{"texture":"#0","uv":[0,0,2,2]}}},{"from":[9,5,14],"to":[11,6,16],"faces":{"north":{"texture":"#0","uv":[0,0,2,1]},"east":{"texture":"#0","uv":[0,0,2,1]},"south":{"texture":"#0","uv":[0,0,2,1]},"west":{"texture":"#0","uv":[0,0,2,1]},"up":{"texture":"#0","uv":[0,0,2,2]},"down":{"texture":"#0","uv":[0,0,2,2]}}},{"from":[5,2,14],"to":[7,3,16],"faces":{"north":{"texture":"#0","uv":[0,0,2,1]},"east":{"texture":"#0","uv":[0,0,2,1]},"south":{"texture":"#0","uv":[0,0,2,1]},"west":{"texture":"#0","uv":[0,0,2,1]},"up":{"texture":"#0","uv":[0,0,2,2]},"down":{"texture":"#0","uv":[0,0,2,2]}}},{"from":[5,3,14],"to":[11,5,15],"faces":{"north":{"texture":"#1","uv":[5,0,11,2]},"east":{"texture":"#1","uv":[0,0,1,2]},"south":{"texture":"#1","uv":[4,0,10,2]},"west":{"texture":"#1","uv":[0,0,1,2]},"up":{"texture":"#1","uv":[0,0,6,1]},"down":{"texture":"#1","uv":[0,0,6,1]}}},{"from":[6.5,6,12],"to":[9.5,8,13],"faces":{"north":{"texture":"#0","uv":[0,0,3,2]},"east":{"texture":"#0","uv":[0,0,1,2]},"south":{"texture":"#0","uv":[0,0,3,2]},"west":{"texture":"#0","uv":[0,0,1,2]},"up":{"texture":"#0","uv":[0,0,3,1]},"down":{"texture":"#0","uv":[0,0,3,1]}}},{"from":[6.5,6,13],"to":[9.5,7,14],"faces":{"north":{"texture":"#0","uv":[0,0,3,1]},"east":{"texture":"#0","uv":[0,0,1,1]},"south":{"texture":"#0","uv":[0,0,3,1]},"west":{"texture":"#0","uv":[0,0,1,1]},"up":{"texture":"#0","uv":[0,0,3,1]},"down":{"texture":"#0","uv":[0,0,3,1]}}},{"from":[6.5,7.5,12],"to":[9.5,8.5,14],"faces":{"north":{"texture":"#0","uv":[0,0,3,1]},"east":{"texture":"#0","uv":[0,0,2,1]},"south":{"texture":"#0","uv":[0,0,3,1]},"west":{"texture":"#0","uv":[0,0,2,1]},"up":{"texture":"#0","uv":[0,0,3,2]},"down":{"texture":"#0","uv":[0,0,3,2]}}},{"from":[6.5,7,13],"to":[7.5,8,14],"faces":{"north":{"texture":"#0","uv":[0,0,1,1]},"east":{"texture":"#0","uv":[0,0,1,1]},"south":{"texture":"#0","uv":[0,0,1,1]},"west":{"texture":"#0","uv":[0,0,1,1]},"up":{"texture":"#0","uv":[0,0,1,1]},"down":{"texture":"#0","uv":[0,0,1,1]}}},{"from":[8.5,7,13],"to":[9.5,8,14],"faces":{"north":{"texture":"#0","uv":[0,0,1,1]},"east":{"texture":"#0","uv":[0,0,1,1]},"south":{"texture":"#0","uv":[0,0,1,1]},"west":{"texture":"#0","uv":[0,0,1,1]},"up":{"texture":"#0","uv":[0,0,1,1]},"down":{"texture":"#0","uv":[0,0,1,1]}}},{"from":[7.5,7,13],"to":[8.5,8,13.5],"faces":{"north":{"texture":"#1","uv":[0,0,1,1]},"east":{"texture":"#1","uv":[0,0,0.5,1]},"south":{"texture":"#1","uv":[0,0,1,1]},"west":{"texture":"#1","uv":[0,0,0.5,1]},"up":{"texture":"#1","uv":[0,0,1,0.5]},"down":{"texture":"#1","uv":[0,0,1,0.5]}}},{"from":[3.6,8.5,12],"to":[7.31,9.5,14],"rotation":{"origin":[8,8,8],"axis":"z","angle":45},"faces":{"north":{"texture":"#0","uv":[0,0,3.7,1]},"east":{"texture":"#0","uv":[0,0,2,1]},"south":{"texture":"#0","uv":[0,0,3.7,1]},"west":{"texture":"#0","uv":[0,0,2,1]},"up":{"texture":"#0","uv":[0,0,3.7,2]},"down":{"texture":"#0","uv":[0,0,3.7,2]}}},{"from":[3.5,7.5,12],"to":[6.2,8.5,14],"rotation":{"origin":[8,8,8],"axis":"z","angle":45},"faces":{"north":{"texture":"#0","uv":[0,0,2.7,1]},"east":{"texture":"#0","uv":[0,0,2,1]},"south":{"texture":"#0","uv":[0,0,2.7,1]},"west":{"texture":"#0","uv":[0,0,2,1]},"up":{"texture":"#0","uv":[0,0,2.7,2]},"down":{"texture":"#0","uv":[0,0,2.7,2]}}},{"from":[9.5,7.5,12],"to":[12.2,8.5,14],"rotation":{"origin":[8,8,8],"axis":"z","angle":-45},"faces":{"north":{"texture":"#0","uv":[0,0,2.7,1]},"east":{"texture":"#0","uv":[0,0,2,1]},"south":{"texture":"#0","uv":[0,0,2.7,1]},"west":{"texture":"#0","uv":[0,0,2,1]},"up":{"texture":"#0","uv":[0,0,2.7,2]},"down":{"texture":"#0","uv":[0,0,2.7,2]}}},{"from":[8.7,8.5,12],"to":[12.399,9.5,14],"rotation":{"origin":[8,8,8],"axis":"z","angle":-45},"faces":{"north":{"texture":"#0","uv":[0,0,3.7,1]},"east":{"texture":"#0","uv":[0,0,2,1]},"south":{"texture":"#0","uv":[0,0,3.7,1]},"west":{"texture":"#0","uv":[0,0,2,1]},"up":{"texture":"#0","uv":[0,0,3.7,2]},"down":{"texture":"#0","uv":[0,0,3.7,2]}}},{"from":[7.5,8,3],"to":[8.5,9,13],"faces":{"north":{"texture":"#0","uv":[0,0,1,1]},"east":{"texture":"#0","uv":[0,0,10,1]},"south":{"texture":"#0","uv":[0,0,1,1]},"west":{"texture":"#0","uv":[0,0,10,1]},"up":{"texture":"#0","uv":[0,0,1,10]},"down":{"texture":"#0","uv":[0,0,1,10]}}},{"from":[7.5,5,3],"to":[8.5,8,4],"faces":{"north":{"texture":"#0","uv":[0,0,1,3]},"east":{"texture":"#0","uv":[0,0,1,3]},"south":{"texture":"#0","uv":[0,0,1,3]},"west":{"texture":"#0","uv":[0,0,1,3]},"up":{"texture":"#0","uv":[0,0,1,1]},"down":{"texture":"#0","uv":[0,0,1,1]}}}],

"display":{"head":{"rotation":[0,180,0],"translation":[0,6,0],"scale":[1.6,1.6,1.6]},"gui":{"rotation":[0,-20,0],"translation":[0,2,0]}}}