{"textures":{"0":"mcbt/wool_colored_silver","1":"mcbt/bed_feet_top","2":"mcbt/quartz_block_lines"},"elements":[{"from":[3,6,3],"to":[8,8,13],"rotation":{"origin":[8,8,8],"axis":"z","angle":-22.5},"faces":{"north":{"texture":"#0","uv":[0,0,5,2]},"east":{"texture":"#0","uv":[0,0,10,2]},"south":{"texture":"#0","uv":[0,0,5,2]},"west":{"texture":"#0","uv":[0,0,10,2]},"up":{"texture":"#0","uv":[0,0,5,10]},"down":{"texture":"#0","uv":[0,0,5,10]}}},{"from":[8,6,3],"to":[13,8,13],"rotation":{"origin":[8,8,8],"axis":"z","angle":22.5},"faces":{"north":{"texture":"#0","uv":[0,0,5,2]},"east":{"texture":"#0","uv":[0,0,10,2]},"south":{"texture":"#0","uv":[0,0,5,2]},"west":{"texture":"#0","uv":[0,0,10,2]},"up":{"texture":"#0","uv":[0,0,5,10]},"down":{"texture":"#0","uv":[0,0,5,10]}}},{"from":[7,6.2,3],"to":[9,8.2,13],"faces":{"north":{"texture":"#0","uv":[0,0,2,2]},"east":{"texture":"#0","uv":[0,0,10,2]},"south":{"texture":"#0","uv":[0,0,2,2]},"west":{"texture":"#0","uv":[0,0,10,2]},"up":{"texture":"#0","uv":[0,0,2,10]},"down":{"texture":"#0","uv":[0,0,2,10]}}},{"from":[4,8,4],"to":[12,10,12],"faces":{"north":{"texture":"#1","uv":[4,11,12,13]},"east":{"texture":"#1","uv":[4,11,12,13]},"south":{"texture":"#1","uv":[7,11,15,13]},"west":{"texture":"#1","uv":[4,9,12,11]},"up":{"texture":"#1","uv":[5,8,13,16]},"down":{"texture":"#1","uv":[5,3,13,11]}}},{"from":[4.5,10,4.5],"to":[11.5,13,11.5],"faces":{"north":{"texture":"#0","uv":[4,11,11,14]},"east":{"texture":"#0","uv":[4,11,11,14]},"south":{"texture":"#0","uv":[7,11,14,14]},"west":{"texture":"#0","uv":[4,9,11,12]},"up":{"texture":"#0","uv":[5,8,12,15]},"down":{"texture":"#0","uv":[5,3,12,10]}}},{"from":[8,10,11.5],"to":[10,12,11.7],"faces":{"north":{"texture":"#2","uv":[0,0,2,2]},"east":{"texture":"#2","uv":[0,0,0.2,2]},"south":{"texture":"#2","uv":[0,0,2,2]},"west":{"texture":"#2","uv":[0,0,0.2,2]},"up":{"texture":"#2","uv":[0,0,2,0.2]},"down":{"texture":"#2","uv":[0,0,2,0.2]}}},{"from":[8,10.5,11.5],"to":[10,12.5,11.6],"rotation":{"origin":[8,8,8],"axis":"z","angle":-22.5},"faces":{"north":{"texture":"#2","uv":[0,0,2,2]},"east":{"texture":"#2","uv":[0,0,0.1,2]},"south":{"texture":"#2","uv":[0,0,2,2]},"west":{"texture":"#2","uv":[0,0,0.1,2]},"up":{"texture":"#2","uv":[0,0,2,0.1]},"down":{"texture":"#2","uv":[0,0,2,0.1]}}}],
"display":{"head":{"rotation":[0,180,0],"translation":[0,5,0],"scale":[1.7,1.7,1.7]},"gui":{"translation":[0,-2.5,0]}}}