{
"__comment": "Designed by Vemassa69 with BDcraft Cubik PRO 0.95 Beta - http://bdcraft.net",
"textures": {
    "particle": "mcbt/sabo_hat",
    "texture": "mcbt/sabo_hat"
},
"elements": [ 
{
    "from": [ 3.5, 0.75, 2 ],
    "to": [ 12.5, 5.25, 13.25 ],
    "faces": {
        "up":    { "uv": [ 9.5, 11.25, 14.5, 15.75 ], "rotation": 180, "texture": "#texture" },
        "north": { "uv": [ 9, 11.25, 14.5, 14.25 ], "texture": "#texture" },
        "south": { "uv": [ 9.5, 12.5, 15, 15.5 ], "texture": "#texture" },
        "west":  { "uv": [ 8.75, 11.75, 15.25, 14.75 ], "texture": "#texture" },
        "east":  { "uv": [ 15.25, 12, 8.75, 15 ], "texture": "#texture" }
    }
},
{
    "from": [ 2.75, 0.75, 3.875 ],
    "to": [ 13.25, 5.25, 11.375 ],
    "faces": {
        "north": { "uv": [ 10, 12.25, 13.75, 14.5 ], "texture": "#texture" },
        "south": { "uv": [ 8.25, 12, 15.25, 15 ], "texture": "#texture" },
        "west":  { "uv": [ 8.75, 11.75, 14.25, 14.75 ], "texture": "#texture" },
        "east":  { "uv": [ 9, 12, 14.5, 15 ], "texture": "#texture" }
    }
},
{
    "from": [ 2.375, 5.25, 3.5 ],
    "to": [ 13.625, 9.375, 12.125 ],
    "faces": {
        "down":  { "uv": [ 15.25, 15.75, 9.5, 11.5 ], "rotation": 180, "texture": "#texture" },
        "north": { "uv": [ 8, 11.75, 15.5, 14.5 ], "texture": "#texture" },
        "south": { "uv": [ 8, 12, 15.5, 14.75 ], "texture": "#texture" },
        "west":  { "uv": [ 8.25, 12, 14.25, 14.75 ], "texture": "#texture" },
        "east":  { "uv": [ 9, 12.25, 15, 15 ], "texture": "#texture" }
    }
},
{
    "from": [ 3.875, 5.25, 1.625 ],
    "to": [ 12.125, 9.375, 13.625 ],
    "faces": {
        "down":  { "uv": [ 14.5, 15.75, 9.25, 11.5 ], "rotation": 180, "texture": "#texture" },
        "north": { "uv": [ 5.25, 3.75, 10.75, 6.5 ], "texture": "#texture" },
        "south": { "uv": [ 5.25, 4, 10.75, 6.75 ], "texture": "#texture" },
        "west":  { "uv": [ 7.5, 12.75, 14.75, 15.5 ], "texture": "#texture" },
        "east":  { "uv": [ 7.5, 13, 15.5, 15.5 ], "texture": "#texture" }
    }
},
{
    "from": [ 2, 9.375, 3.125 ],
    "to": [ 14, 12.75, 12.5 ],
    "faces": {
        "down":  { "uv": [ 14, 15.25, 9, 11.5 ], "rotation": 180, "texture": "#texture" },
        "up":    { "uv": [ 10, 11.5, 13.25, 14.75 ], "rotation": 180, "texture": "#texture" },
        "north": { "uv": [ 4, 2, 12, 4.25 ], "texture": "#texture" },
        "south": { "uv": [ 4, 2, 12, 4.25 ], "texture": "#texture" },
        "west":  { "uv": [ 4.75, 2, 11.25, 4.25 ], "texture": "#texture" },
        "east":  { "uv": [ 4.75, 2, 11.25, 4.25 ], "texture": "#texture" }
    }
},
{
    "from": [ 3.875, 9.375, 1.25 ],
    "to": [ 12.5, 12.75, 14 ],
    "faces": {
        "down":  { "uv": [ 13.5, 15.25, 10.5, 11.75 ], "rotation": 180, "texture": "#texture" },
        "up":    { "uv": [ 9.75, 12.25, 12.75, 15 ], "rotation": 180, "texture": "#texture" },
        "north": { "uv": [ 5, 2, 10.75, 4.25 ], "texture": "#texture" },
        "south": { "uv": [ 5.25, 2, 11, 4.25 ], "texture": "#texture" },
        "west":  { "uv": [ 9, 13, 15, 15.25 ], "texture": "#texture" },
        "east":  { "uv": [ 9.75, 11.5, 14.5, 13.25 ], "texture": "#texture" }
    }
},
{
    "from": [ 1.25, 0, 0.875 ],
    "to": [ 14.75, 0.75, 14.625 ],
    "faces": {
        "down":  { "uv": [ 14.75, 15.5, 10.75, 11.75 ], "rotation": 180, "texture": "#texture" },
        "up":    { "uv": [ 10, 12, 14.25, 15.75 ], "rotation": 180, "texture": "#texture" },
        "north": { "uv": [ 3.5, 10, 12.5, 10.5 ], "texture": "#texture" },
        "south": { "uv": [ 3.5, 10, 12.5, 10.5 ], "texture": "#texture" },
        "west":  { "uv": [ 3.25, 10, 12.75, 10.5 ], "texture": "#texture" },
        "east":  { "uv": [ 3.25, 10, 12.75, 10.5 ], "texture": "#texture" }
    }
},
{
    "from": [ 0.5, 0.375, 1.625 ],
    "to": [ 1.25, 1.125, 14.375 ],
    "faces": {
        "down":  { "uv": [ 12.5, 15.75, 12, 11.25 ], "rotation": 180, "texture": "#texture" },
        "up":    { "uv": [ 12.25, 11.25, 12.75, 15 ], "rotation": 180, "texture": "#texture" },
        "north": { "uv": [ 12.5, 9.75, 13, 10.25 ], "texture": "#texture" },
        "south": { "uv": [ 3, 9.75, 3.5, 10.25 ], "texture": "#texture" },
        "west":  { "uv": [ 3.75, 10, 12.25, 10.5 ], "texture": "#texture" },
        "east":  { "uv": [ 3.75, 10, 12.25, 10.5 ], "texture": "#texture" }
    }
},
{
    "from": [ 14.75, 0.375, 1.625 ],
    "to": [ 15.5, 1.125, 14.375 ],
    "faces": {
        "down":  { "uv": [ 12.5, 14.75, 12.25, 11.5 ], "rotation": 180, "texture": "#texture" },
        "up":    { "uv": [ 10.25, 11.5, 10.75, 15.75 ], "rotation": 180, "texture": "#texture" },
        "north": { "uv": [ 3, 9.75, 3.5, 10.25 ], "texture": "#texture" },
        "south": { "uv": [ 12.5, 9.75, 13, 10.25 ], "texture": "#texture" },
        "west":  { "uv": [ 3.75, 10, 12.25, 10.5 ], "texture": "#texture" },
        "east":  { "uv": [ 5, 11.5, 13.5, 12 ], "texture": "#texture" }
    }
},
{
    "from": [ 2.375, 0, -0.25 ],
    "to": [ 13.625, 0.75, 15.5 ],
    "faces": {
        "down":  { "uv": [ 15.25, 15.75, 11.5, 12 ], "rotation": 180, "texture": "#texture" },
        "up":    { "uv": [ 8.75, 11.25, 13.75, 15.75 ], "rotation": 180, "texture": "#texture" },
        "north": { "uv": [ 4.75, 11.5, 12.25, 12 ], "texture": "#texture" },
        "south": { "uv": [ 4.5, 11.75, 12, 12.25 ], "texture": "#texture" },
        "west":  { "uv": [ 2, 11.75, 14, 12.25 ], "texture": "#texture" },
        "east":  { "uv": [ 2.5, 11.5, 14.5, 12 ], "texture": "#texture" }
    }
},
{
    "from": [ 9.125, 4.5, 1.25 ],
    "to": [ 11.375, 5.25, 2 ],
    "faces": {
        "down":  { "uv": [ 5.75, 7.25, 7.25, 7.5 ], "rotation": 180, "texture": "#texture" },
        "up":    { "uv": [ 5.75, 7, 7.25, 7.25 ], "rotation": 180, "texture": "#texture" },
        "north": { "uv": [ 5.75, 7, 7.25, 7.5 ], "texture": "#texture" },
        "west":  { "uv": [ 5.25, 12.75, 5.75, 13.25 ], "texture": "#texture" },
        "east":  { "uv": [ 5.5, 13, 6, 13.5 ], "texture": "#texture" }
    }
},
{
    "from": [ 7.25, 2.25, 1.625 ],
    "to": [ 8.75, 4.125, 2.375 ],
    "faces": {
        "down":  { "uv": [ 8.5, 12.25, 7.5, 11.75 ], "rotation": 180, "texture": "#texture" },
        "up":    { "uv": [ 7.5, 11.75, 8.5, 12.25 ], "rotation": 180, "texture": "#texture" },
        "north": { "uv": [ 7.5, 7.75, 8.5, 9 ], "texture": "#texture" },
        "south": { "uv": [ 7.5, 7.75, 8.5, 9 ], "texture": "#texture" },
        "west":  { "uv": [ 3.75, 7.75, 4.25, 9 ], "texture": "#texture" },
        "east":  { "uv": [ 11.75, 7.75, 12.25, 9 ], "texture": "#texture" }
    }
},
{
    "from": [ 8.75, 4.125, 1.25 ],
    "to": [ 9.5, 4.875, 2 ],
    "faces": {
        "down":  { "uv": [ 9.75, 9.5, 9.25, 9.25 ], "rotation": 180, "texture": "#texture" },
        "up":    { "uv": [ 7.75, 8.5, 8.25, 9 ], "rotation": 180, "texture": "#texture" },
        "north": { "uv": [ 7, 7.25, 7.5, 7.75 ], "texture": "#texture" },
        "west":  { "uv": [ 7.75, 7.75, 8, 8.25 ], "texture": "#texture" },
        "east":  { "uv": [ 10.5, 8, 10.75, 8.5 ], "texture": "#texture" }
    }
},
{
    "from": [ 11, 4.125, 1.25 ],
    "to": [ 11.75, 4.875, 2 ],
    "faces": {
        "down":  { "uv": [ 6.75, 7.5, 6.25, 7.25 ], "rotation": 180, "texture": "#texture" },
        "up":    { "uv": [ 5.5, 7.25, 5.75, 7.5 ], "rotation": 180, "texture": "#texture" },
        "north": { "uv": [ 5.5, 7.25, 6, 7.75 ], "texture": "#texture" },
        "west":  { "uv": [ 7.5, 8.25, 7.75, 8.75 ], "texture": "#texture" },
        "east":  { "uv": [ 3.5, 12.75, 4, 13.25 ], "texture": "#texture" }
    }
},
{
    "from": [ 8.375, 3.75, 1.25 ],
    "to": [ 9.125, 4.5, 2 ],
    "faces": {
        "down":  { "uv": [ 8.25, 8.5, 7.75, 8.25 ], "rotation": 180, "texture": "#texture" },
        "up":    { "uv": [ 7.75, 8.5, 8.25, 9 ], "rotation": 180, "texture": "#texture" },
        "north": { "uv": [ 7.25, 7.5, 7.75, 8 ], "texture": "#texture" },
        "west":  { "uv": [ 7.75, 8.5, 8.25, 9 ], "texture": "#texture" },
        "east":  { "uv": [ 8.25, 8.25, 8.5, 8.75 ], "texture": "#texture" }
    }
},
{
    "from": [ 11.375, 3.75, 1.25 ],
    "to": [ 12.125, 4.5, 2 ],
    "faces": {
        "down":  { "uv": [ 5.5, 8.5, 5.25, 8 ], "rotation": 180, "texture": "#texture" },
        "up":    { "uv": [ 5.75, 7, 6.25, 7.25 ], "rotation": 180, "texture": "#texture" },
        "north": { "uv": [ 5.25, 7.5, 5.75, 8 ], "texture": "#texture" },
        "west":  { "uv": [ 7.5, 8, 7.75, 8.5 ], "texture": "#texture" },
        "east":  { "uv": [ 5, 8, 5.25, 8.5 ], "texture": "#texture" }
    }
},
{
    "from": [ 11.75, 2.25, 1.25 ],
    "to": [ 12.5, 4.125, 2 ],
    "faces": {
        "down":  { "uv": [ 6.75, 9.75, 6.25, 9.5 ], "rotation": 180, "texture": "#texture" },
        "up":    { "uv": [ 6, 9.5, 6.5, 9.75 ], "rotation": 180, "texture": "#texture" },
        "north": { "uv": [ 5, 7.75, 5.5, 9 ], "texture": "#texture" },
        "west":  { "uv": [ 5.25, 7.75, 5.5, 9 ], "texture": "#texture" },
        "east":  { "uv": [ 5, 7.75, 5.25, 9 ], "texture": "#texture" }
    }
},
{
    "from": [ 11.375, 1.875, 1.25 ],
    "to": [ 12.125, 2.625, 2 ],
    "faces": {
        "down":  { "uv": [ 6.75, 7.25, 6.25, 7 ], "rotation": 180, "texture": "#texture" },
        "up":    { "uv": [ 6.25, 7.25, 6.75, 7.5 ], "rotation": 180, "texture": "#texture" },
        "north": { "uv": [ 5.25, 8.75, 5.75, 9.25 ], "texture": "#texture" },
        "west":  { "uv": [ 6.25, 7.25, 6.75, 7.5 ], "texture": "#texture" },
        "east":  { "uv": [ 6.25, 9.5, 6.75, 9.75 ], "texture": "#texture" }
    }
},
{
    "from": [ 11, 1.5, 1.25 ],
    "to": [ 11.75, 2.25, 2 ],
    "faces": {
        "down":  { "uv": [ 10, 9.75, 9.5, 9.5 ], "rotation": 180, "texture": "#texture" },
        "up":    { "uv": [ 6.5, 9.25, 7, 9.5 ], "rotation": 180, "texture": "#texture" },
        "north": { "uv": [ 5.5, 9, 6, 9.5 ], "texture": "#texture" },
        "west":  { "uv": [ 5.25, 8, 5.5, 8.5 ], "texture": "#texture" },
        "east":  { "uv": [ 10.75, 8, 11, 8.5 ], "texture": "#texture" }
    }
},
{
    "from": [ 9.125, 1.125, 1.25 ],
    "to": [ 11.375, 1.875, 2 ],
    "faces": {
        "down":  { "uv": [ 6.5, 13.25, 5, 12.75 ], "rotation": 180, "texture": "#texture" },
        "up":    { "uv": [ 5.75, 9.25, 7.25, 9.5 ], "rotation": 180, "texture": "#texture" },
        "north": { "uv": [ 5.75, 9.25, 7.25, 9.75 ], "texture": "#texture" },
        "west":  { "uv": [ 5.5, 12.75, 6, 13.25 ], "texture": "#texture" },
        "east":  { "uv": [ 6, 12.75, 6.5, 13.25 ], "texture": "#texture" }
    }
},
{
    "from": [ 8.75, 1.5, 1.25 ],
    "to": [ 9.5, 2.25, 2 ],
    "faces": {
        "down":  { "uv": [ 7, 9.25, 7.5, 9.5 ], "rotation": 180, "texture": "#texture" },
        "up":    { "uv": [ 6.5, 9.25, 7, 9.5 ], "rotation": 180, "texture": "#texture" },
        "north": { "uv": [ 7, 9, 7.5, 9.5 ], "texture": "#texture" },
        "west":  { "uv": [ 7, 9.25, 7.5, 9.5 ], "texture": "#texture" },
        "east":  { "uv": [ 7.5, 8.25, 7.75, 8.75 ], "texture": "#texture" }
    }
},
{
    "from": [ 8.375, 1.875, 1.25 ],
    "to": [ 9.125, 2.625, 2 ],
    "faces": {
        "down":  { "uv": [ 7, 9.75, 6.5, 9.5 ], "rotation": 180, "texture": "#texture" },
        "up":    { "uv": [ 6, 9.25, 6.5, 9.5 ], "rotation": 180, "texture": "#texture" },
        "north": { "uv": [ 7.25, 8.75, 7.75, 9.25 ], "texture": "#texture" },
        "west":  { "uv": [ 6.5, 9.5, 7, 9.75 ], "texture": "#texture" },
        "east":  { "uv": [ 10.5, 8, 10.75, 8.5 ], "texture": "#texture" }
    }
},
{
    "from": [ 12.875, 2.25, 3.5 ],
    "to": [ 13.625, 3.75, 3.875 ],
    "faces": {
        "down":  { "uv": [ 11.5, 11, 11, 10.75 ], "rotation": 180, "texture": "#texture" },
        "up":    { "uv": [ 4.5, 10.75, 5, 11 ], "rotation": 180, "texture": "#texture" },
        "north": { "uv": [ 4.5, 8, 5, 9 ], "texture": "#texture" },
        "south": { "uv": [ 11, 8, 11.5, 9 ], "texture": "#texture" },
        "east":  { "uv": [ 10.75, 8, 11, 9 ], "texture": "#texture" }
    }
},
{
    "from": [ 3.125, 2.25, 2 ],
    "to": [ 3.5, 3.75, 13.25 ],
    "faces": {
        "down":  { "uv": [ 5, 12.75, 5.25, 13.5 ], "rotation": 180, "texture": "#texture" },
        "up":    { "uv": [ 5, 12.75, 5.25, 13.5 ], "rotation": 180, "texture": "#texture" },
        "north": { "uv": [ 4.5, 12.75, 4.75, 13.5 ], "texture": "#texture" },
        "south": { "uv": [ 4.75, 12.75, 5, 13.5 ], "texture": "#texture" },
        "west":  { "uv": [ 0.75, 12.75, 7.25, 13.5 ], "texture": "#texture" }
    }
},
{
    "from": [ 2.375, 2.25, 3.5 ],
    "to": [ 3.125, 3.75, 3.875 ],
    "faces": {
        "down":  { "uv": [ 6, 13.5, 5.5, 13.25 ], "rotation": 180, "texture": "#texture" },
        "up":    { "uv": [ 5.5, 12.75, 6, 13 ], "rotation": 180, "texture": "#texture" },
        "north": { "uv": [ 11, 8, 11.5, 9 ], "texture": "#texture" },
        "south": { "uv": [ 4.5, 8, 5, 9 ], "texture": "#texture" },
        "west":  { "uv": [ 5.25, 12.75, 5.5, 13.5 ], "texture": "#texture" }
    }
},
{
    "from": [ 12.5, 2.25, 2 ],
    "to": [ 12.875, 3.75, 13.25 ],
    "faces": {
        "down":  { "uv": [ 5, 12.75, 5.25, 13.5 ], "rotation": 180, "texture": "#texture" },
        "up":    { "uv": [ 5, 12.75, 5.25, 13.5 ], "rotation": 180, "texture": "#texture" },
        "north": { "uv": [ 4.5, 12.75, 4.75, 13.5 ], "texture": "#texture" },
        "south": { "uv": [ 4.75, 12.75, 5, 13.5 ], "texture": "#texture" },
        "east":  { "uv": [ 1.25, 12.75, 7.25, 13.5 ], "texture": "#texture" }
    }
},
{
    "from": [ 4.25, 4.125, 1.25 ],
    "to": [ 5, 4.875, 2 ],
    "faces": {
        "down":  { "uv": [ 6.25, 9.25, 6.75, 9.5 ], "rotation": 180, "texture": "#texture" },
        "up":    { "uv": [ 9.5, 7, 10, 7.25 ], "rotation": 180, "texture": "#texture" },
        "north": { "uv": [ 10, 7.25, 10.5, 7.75 ], "texture": "#texture" },
        "west":  { "uv": [ 9, 7, 9.5, 7.25 ], "texture": "#texture" },
        "east":  { "uv": [ 9.5, 7.25, 10, 7.5 ], "texture": "#texture" }
    }
},
{
    "from": [ 6.5, 4.125, 1.25 ],
    "to": [ 7.25, 4.875, 2 ],
    "faces": {
        "down":  { "uv": [ 6.75, 7.5, 6.25, 7.25 ], "rotation": 180, "texture": "#texture" },
        "up":    { "uv": [ 5.5, 7.25, 5.75, 7.5 ], "rotation": 180, "texture": "#texture" },
        "north": { "uv": [ 5.5, 7.25, 6, 7.75 ], "texture": "#texture" },
        "west":  { "uv": [ 7.5, 8.25, 7.75, 8.75 ], "texture": "#texture" },
        "east":  { "uv": [ 3.5, 12.75, 4, 13.25 ], "texture": "#texture" }
    }
},
{
    "from": [ 3.875, 3.75, 1.25 ],
    "to": [ 4.625, 4.5, 2 ],
    "faces": {
        "down":  { "uv": [ 9.25, 9.25, 9.75, 9.5 ], "rotation": 180, "texture": "#texture" },
        "up":    { "uv": [ 9.25, 7, 9.75, 7.25 ], "rotation": 180, "texture": "#texture" },
        "north": { "uv": [ 10.25, 7.5, 10.75, 8 ], "texture": "#texture" },
        "west":  { "uv": [ 10.75, 8, 11, 8.5 ], "texture": "#texture" },
        "east":  { "uv": [ 10.5, 8, 10.75, 8.5 ], "texture": "#texture" }
    }
},
{
    "from": [ 6.875, 3.75, 1.25 ],
    "to": [ 7.625, 4.5, 2 ],
    "faces": {
        "down":  { "uv": [ 5.5, 8.5, 5.25, 8 ], "rotation": 180, "texture": "#texture" },
        "up":    { "uv": [ 5.75, 7, 6.25, 7.25 ], "rotation": 180, "texture": "#texture" },
        "north": { "uv": [ 5.25, 7.5, 5.75, 8 ], "texture": "#texture" },
        "west":  { "uv": [ 7.5, 8, 7.75, 8.5 ], "texture": "#texture" },
        "east":  { "uv": [ 5, 8, 5.25, 8.5 ], "texture": "#texture" }
    }
},
{
    "from": [ 6.875, 1.875, 1.25 ],
    "to": [ 7.625, 2.625, 2 ],
    "faces": {
        "down":  { "uv": [ 6.75, 7.25, 6.25, 7 ], "rotation": 180, "texture": "#texture" },
        "up":    { "uv": [ 6.25, 7.25, 6.75, 7.5 ], "rotation": 180, "texture": "#texture" },
        "north": { "uv": [ 5.25, 8.75, 5.75, 9.25 ], "texture": "#texture" },
        "west":  { "uv": [ 6.25, 7.25, 6.75, 7.5 ], "texture": "#texture" },
        "east":  { "uv": [ 6.25, 9.5, 6.75, 9.75 ], "texture": "#texture" }
    }
},
{
    "from": [ 6.5, 1.5, 1.25 ],
    "to": [ 7.25, 2.25, 2 ],
    "faces": {
        "down":  { "uv": [ 10, 9.75, 9.5, 9.5 ], "rotation": 180, "texture": "#texture" },
        "up":    { "uv": [ 6.5, 9.25, 7, 9.5 ], "rotation": 180, "texture": "#texture" },
        "north": { "uv": [ 5.5, 9, 6, 9.5 ], "texture": "#texture" },
        "west":  { "uv": [ 5.25, 8, 5.5, 8.5 ], "texture": "#texture" },
        "east":  { "uv": [ 10.75, 8, 11, 8.5 ], "texture": "#texture" }
    }
},
{
    "from": [ 4.625, 1.125, 1.25 ],
    "to": [ 6.875, 1.875, 2 ],
    "faces": {
        "down":  { "uv": [ 6.5, 13.25, 5, 12.75 ], "rotation": 180, "texture": "#texture" },
        "up":    { "uv": [ 5.75, 9.25, 7.25, 9.5 ], "rotation": 180, "texture": "#texture" },
        "north": { "uv": [ 5.75, 9.25, 7.25, 9.75 ], "texture": "#texture" },
        "west":  { "uv": [ 5.5, 12.75, 6, 13.25 ], "texture": "#texture" },
        "east":  { "uv": [ 6, 12.75, 6.5, 13.25 ], "texture": "#texture" }
    }
},
{
    "from": [ 4.25, 1.5, 1.25 ],
    "to": [ 5, 2.25, 2 ],
    "faces": {
        "down":  { "uv": [ 7, 9.25, 7.5, 9.5 ], "rotation": 180, "texture": "#texture" },
        "up":    { "uv": [ 6.5, 9.25, 7, 9.5 ], "rotation": 180, "texture": "#texture" },
        "north": { "uv": [ 7, 9, 7.5, 9.5 ], "texture": "#texture" },
        "west":  { "uv": [ 7, 9.25, 7.5, 9.5 ], "texture": "#texture" },
        "east":  { "uv": [ 7.5, 8.25, 7.75, 8.75 ], "texture": "#texture" }
    }
},
{
    "from": [ 3.875, 1.875, 1.25 ],
    "to": [ 4.625, 2.625, 2 ],
    "faces": {
        "down":  { "uv": [ 7, 9.75, 6.5, 9.5 ], "rotation": 180, "texture": "#texture" },
        "up":    { "uv": [ 6, 9.25, 6.5, 9.5 ], "rotation": 180, "texture": "#texture" },
        "north": { "uv": [ 7.25, 8.75, 7.75, 9.25 ], "texture": "#texture" },
        "west":  { "uv": [ 6.5, 9.5, 7, 9.75 ], "texture": "#texture" },
        "east":  { "uv": [ 10.5, 8, 10.75, 8.5 ], "texture": "#texture" }
    }
},
{
    "from": [ 4.625, 4.5, 1.25 ],
    "to": [ 6.875, 5.25, 2 ],
    "faces": {
        "down":  { "uv": [ 5.75, 7.25, 7.25, 7.5 ], "rotation": 180, "texture": "#texture" },
        "up":    { "uv": [ 5.75, 7, 7.25, 7.25 ], "rotation": 180, "texture": "#texture" },
        "north": { "uv": [ 5.75, 7, 7.25, 7.5 ], "texture": "#texture" },
        "west":  { "uv": [ 5.25, 12.75, 5.75, 13.25 ], "texture": "#texture" },
        "east":  { "uv": [ 5.5, 13, 6, 13.5 ], "texture": "#texture" }
    }
},
{
    "from": [ 3.5, 2.25, 1.25 ],
    "to": [ 4.25, 4.125, 2 ],
    "faces": {
        "down":  { "uv": [ 9.25, 9.5, 9.75, 9.75 ], "rotation": 180, "texture": "#texture" },
        "up":    { "uv": [ 9.25, 7, 9.75, 7.25 ], "rotation": 180, "texture": "#texture" },
        "north": { "uv": [ 10.5, 7.75, 11, 9 ], "texture": "#texture" },
        "west":  { "uv": [ 10.75, 7.75, 11, 9 ], "texture": "#texture" },
        "east":  { "uv": [ 10.5, 7.75, 10.75, 9 ], "texture": "#texture" }
    }
},
{
    "from": [ 13.25, 2.25, 3.875 ],
    "to": [ 13.625, 3.75, 11.375 ],
    "faces": {
        "down":  { "uv": [ 5, 12.75, 5.25, 13.5 ], "rotation": 180, "texture": "#texture" },
        "up":    { "uv": [ 5, 12.75, 5.25, 13.5 ], "rotation": 180, "texture": "#texture" },
        "south": { "uv": [ 4.75, 12.75, 5, 13.5 ], "texture": "#texture" },
        "east":  { "uv": [ 1.25, 12.75, 7.25, 13.5 ], "texture": "#texture" }
    }
},
{
    "from": [ 2.375, 2.25, 3.875 ],
    "to": [ 2.75, 3.75, 11.375 ],
    "faces": {
        "down":  { "uv": [ 5, 12.75, 5.25, 13.5 ], "rotation": 180, "texture": "#texture" },
        "up":    { "uv": [ 5, 12.75, 5.25, 13.5 ], "rotation": 180, "texture": "#texture" },
        "south": { "uv": [ 4.75, 12.75, 5, 13.5 ], "texture": "#texture" },
        "west":  { "uv": [ 0.75, 12.75, 7.25, 13.5 ], "texture": "#texture" }
    }
},
{
    "from": [ 2.75, 2.25, 11.375 ],
    "to": [ 13.25, 3.75, 11.75 ],
    "faces": {
        "down":  { "uv": [ 0.5, 13, 7.25, 13.25 ], "rotation": 180, "texture": "#texture" },
        "up":    { "uv": [ 0.5, 13, 7, 13.25 ], "rotation": 180, "texture": "#texture" },
        "south": { "uv": [ 0.75, 12.75, 7.25, 13.5 ], "texture": "#texture" },
        "west":  { "uv": [ 4.75, 12.75, 5, 13.5 ], "texture": "#texture" },
        "east":  { "uv": [ 5, 12.75, 5.25, 13.5 ], "texture": "#texture" }
    }
},
{
    "from": [ 3.5, 2.25, 13.25 ],
    "to": [ 12.5, 3.75, 13.625 ],
    "faces": {
        "down":  { "uv": [ 0.5, 13, 7.25, 13.25 ], "rotation": 180, "texture": "#texture" },
        "up":    { "uv": [ 0.5, 13, 7, 13.25 ], "rotation": 180, "texture": "#texture" },
        "south": { "uv": [ 0.75, 12.75, 7.25, 13.5 ], "texture": "#texture" },
        "west":  { "uv": [ 4.75, 12.75, 5, 13.5 ], "texture": "#texture" },
        "east":  { "uv": [ 5, 12.75, 5.25, 13.5 ], "texture": "#texture" }
    }
},
{
    "from": [ 8.75, 1.5, 1.625 ],
    "to": [ 11.75, 4.5, 2 ],
    "faces": {
        "down":  { "uv": [ 10.5, 8.5, 8.5, 8.25 ], "rotation": 180, "texture": "#texture" },
        "up":    { "uv": [ 5.5, 8.25, 7, 8.5 ], "rotation": 180, "texture": "#texture" },
        "north": { "uv": [ 5.5, 7.5, 7.5, 9.5 ], "texture": "#texture" },
        "west":  { "uv": [ 6.25, 7.5, 6.5, 9.25 ], "texture": "#texture" },
        "east":  { "uv": [ 9.5, 7.5, 9.75, 9.25 ], "texture": "#texture" }
    }
},
{
    "from": [ 4.25, 1.875, 1.25 ],
    "to": [ 7.25, 4.5, 1.625 ],
    "faces": {
        "down":  { "uv": [ 10.5, 8.5, 8.5, 8.25 ], "rotation": 180, "texture": "#texture" },
        "up":    { "uv": [ 8.5, 8.25, 10.5, 8.5 ], "rotation": 180, "texture": "#texture" },
        "north": { "uv": [ 8.5, 7.5, 10.5, 9.25 ], "texture": "#texture" },
        "south": { "uv": [ 5.5, 7.5, 7.5, 9.25 ], "texture": "#texture" },
        "west":  { "uv": [ 6.5, 7.5, 6.75, 9.25 ], "texture": "#texture" },
        "east":  { "uv": [ 6.25, 7.5, 6.5, 9.25 ], "texture": "#texture" }
    }
},
{
    "from": [ 4.25, 12.375, 3.875 ],
    "to": [ 12.5, 13.125, 12.125 ],
    "faces": {
        "down":  { "uv": [ 11, 6.5, 5, 2.25 ], "rotation": 180, "texture": "#texture" },
        "up":    { "uv": [ 5, 2.25, 11.25, 6.75 ], "rotation": 180, "texture": "#texture" },
        "north": { "uv": [ 4.5, 1.75, 11.5, 2.25 ], "texture": "#texture" },
        "south": { "uv": [ 4.5, 1.75, 11.5, 2.25 ], "texture": "#texture" },
        "west":  { "uv": [ 5.25, 1.75, 10.75, 2.25 ], "texture": "#texture" },
        "east":  { "uv": [ 5.25, 1.75, 10.75, 2.25 ], "texture": "#texture" }
    }
},
{
    "from": [ 4.625, 12.375, 2.375 ],
    "to": [ 11.75, 13.125, 12.875 ],
    "faces": {
        "down":  { "uv": [ 11, 6.5, 5, 2.25 ], "rotation": 180, "texture": "#texture" },
        "up":    { "uv": [ 5, 2.25, 11.25, 6.75 ], "rotation": 180, "texture": "#texture" },
        "north": { "uv": [ 4.5, 1.75, 11.5, 2.25 ], "texture": "#texture" },
        "south": { "uv": [ 4.5, 1.75, 11.5, 2.25 ], "texture": "#texture" },
        "west":  { "uv": [ 5.25, 1.75, 10.75, 2.25 ], "texture": "#texture" },
        "east":  { "uv": [ 5.25, 1.75, 10.75, 2.25 ], "texture": "#texture" }
    }
},
{
    "from": [ 5, 13.125, 4.25 ],
    "to": [ 11, 13.5, 11.375 ],
    "faces": {
        "up":    { "uv": [ 6, 2, 9.5, 6.25 ], "rotation": 180, "texture": "#texture" },
        "north": { "uv": [ 6, 1.5, 10, 1.75 ], "texture": "#texture" },
        "south": { "uv": [ 6, 1.5, 10, 1.75 ], "texture": "#texture" },
        "west":  { "uv": [ 5.5, 1.75, 10.75, 2 ], "texture": "#texture" },
        "east":  { "uv": [ 5.25, 1.75, 10.5, 2 ], "texture": "#texture" }
    }
},
{
    "from": [ 4.625, 13.125, 5 ],
    "to": [ 11.375, 13.5, 10.625 ],
    "faces": {
        "up":    { "uv": [ 6, 2, 9.5, 6.25 ], "rotation": 180, "texture": "#texture" },
        "north": { "uv": [ 6, 1.5, 10, 1.75 ], "texture": "#texture" },
        "south": { "uv": [ 6, 1.75, 10, 2 ], "texture": "#texture" },
        "west":  { "uv": [ 5.5, 1.75, 10.75, 2 ], "texture": "#texture" },
        "east":  { "uv": [ 5.25, 1.75, 10.5, 2 ], "texture": "#texture" }
    }
},
{
    "from": [ 0, 1, 5 ],
    "to": [ 0.75, 1.5, 11 ],
    "faces": {
        "down":  { "uv": [ 12.5, 15.75, 12, 11.25 ], "rotation": 180, "texture": "#texture" },
        "up":    { "uv": [ 12.25, 11.25, 12.75, 15 ], "rotation": 180, "texture": "#texture" },
        "north": { "uv": [ 12.5, 9.75, 13, 10.25 ], "texture": "#texture" },
        "south": { "uv": [ 3, 9.75, 3.5, 10.25 ], "texture": "#texture" },
        "west":  { "uv": [ 3.75, 10, 12.25, 10.5 ], "texture": "#texture" },
        "east":  { "uv": [ 3.75, 10, 12.25, 10.5 ], "texture": "#texture" }
    }
},
{
    "from": [ 15.25, 1, 5 ],
    "to": [ 16, 1.5, 11 ],
    "faces": {
        "down":  { "uv": [ 12.5, 15.75, 12, 11.25 ], "rotation": 180, "texture": "#texture" },
        "up":    { "uv": [ 12.25, 11.25, 12.75, 15 ], "rotation": 180, "texture": "#texture" },
        "north": { "uv": [ 12.5, 9.75, 13, 10.25 ], "texture": "#texture" },
        "south": { "uv": [ 3, 9.75, 3.5, 10.25 ], "texture": "#texture" },
        "west":  { "uv": [ 3.75, 10, 12.25, 10.5 ], "texture": "#texture" },
        "east":  { "uv": [ 3.75, 10, 12.25, 10.5 ], "texture": "#texture" }
    }
}
],
"display": {
    "thirdperson_righthand": {
        "rotation": [ 40, 0, 0 ],
        "translation": [ 0, 0.38, -1.13 ],
        "scale": [ 0.7, 0.7, 0.7 ]
    },
    "thirdperson_lefthand": {
        "rotation": [ 40, 0, 0 ],
        "translation": [ 0, 0.38, -1.13 ],
        "scale": [ 0.7, 0.7, 0.7 ]
    },
    "head": {
        "rotation": [ 0, 0, 0 ],
        "translation": [ 0, 14.55, 0.38 ],
        "scale": [ 1.35, 1.3, 1.3 ]
    },
    "ground": {
        "rotation": [ 0, 0, 0 ],
        "translation": [ 0, 3, 0 ],
        "scale": [ 0.5, 0.5, 0.5 ]
    },
    "fixed": {
        "rotation": [ 0, 0, 0 ],
        "translation": [ 0, 1, 0 ],
        "scale": [ 1, 1, 1 ]
    },
    "firstperson_righthand": {
        "rotation": [ 10, 99, 0 ],
        "translation": [ 0.76, 4.7, -1.89 ],
        "scale": [ 0.8, 0.8, 0.8 ]
    },
    "firstperson_lefthand": {
        "rotation": [ 10, 99, 0 ],
        "translation": [ 0.76, 4.7, -1.89 ],
        "scale": [ 0.8, 0.8, 0.8 ]
    },
    "gui": {
        "rotation": [ 0, 180, 0 ],
        "translation": [ 0, 1, 0 ],
        "scale": [ 1, 1, 1 ]
    }
}
}