{
"__comment": "Designed by Mickyp123 with BDcraft Cubik PRO 0.95 Beta - http://bdcraft.net",
"textures": {
    "texture": "blocks/wool_colored_white",
    "sheep": "mcbt/sheep"
},
"elements": [ 
{
    "from": [ 4, 9.125, 2 ],
    "to": [ 9.125, 14.125, 6.125 ],
    "faces": {
        "down":  { "uv": [ 4, 0, 6.875, 3.875 ], "rotation": 90, "texture": "#sheep" },
        "up":    { "uv": [ 4, 0, 7, 3.75 ], "rotation": 270, "texture": "#sheep" },
        "north": { "uv": [ 4.5, 0, 7.5, 4 ], "texture": "#sheep" },
        "south": { "uv": [ 4.75, 0.25, 8.75, 3.25 ], "texture": "#sheep" },
        "west":  { "uv": [ 5.125, 0, 8, 4 ], "texture": "#sheep" },
        "east":  { "uv": [ 5.375, 0, 8.375, 3.875 ], "texture": "#sheep" }
    }
},
{
    "from": [ 4.375, 9.625, 1.375 ],
    "to": [ 8.75, 13.625, 2 ],
    "faces": {
        "down":  { "uv": [ 5, 0.125, 7.125, 2.75 ], "rotation": 90, "texture": "#sheep" },
        "up":    { "uv": [ 4.625, 0, 6.125, 3.125 ], "rotation": 270, "texture": "#sheep" },
        "north": { "uv": [ 3.625, 4, 7.5, 7 ], "texture": "#sheep" },
        "south": { "uv": [ 4.125, 0.75, 8, 3.75 ], "texture": "#sheep" },
        "west":  { "uv": [ 5.375, 0, 7.875, 4 ], "texture": "#sheep" },
        "east":  { "uv": [ 5.25, 0, 7.75, 4 ], "texture": "#sheep" }
    }
},
{
    "from": [ 4.875, 7.125, 5.125 ],
    "to": [ 8.125, 11, 10.375 ],
    "faces": {
        "down":  { "uv": [ 5.375, 0, 8.25, 3.875 ], "rotation": 90, "texture": "#sheep" },
        "up":    { "uv": [ 5.25, 0, 8.25, 3.75 ], "rotation": 270, "texture": "#sheep" },
        "north": { "uv": [ 4.375, 0, 7.375, 4 ], "texture": "#sheep" },
        "south": { "uv": [ 5.125, 0, 8.125, 3.5 ], "texture": "#sheep" },
        "west":  { "uv": [ 5.375, 0, 8.25, 4 ], "texture": "#sheep" },
        "east":  { "uv": [ 5.125, 0, 8.125, 3.875 ], "texture": "#sheep" }
    }
},
{
    "from": [ 6.875, 4.25, 8.625 ],
    "to": [ 7.875, 7.125, 9.875 ],
    "faces": {
        "down":  { "uv": [ 0, 10, 4, 16 ], "rotation": 90, "texture": "#sheep" },
        "up":    { "uv": [ 0.125, 10, 4, 16 ], "rotation": 270, "texture": "#sheep" },
        "north": { "uv": [ 0, 10, 4, 16 ], "texture": "#sheep" },
        "south": { "uv": [ 0, 10, 4, 16 ], "texture": "#sheep" },
        "west":  { "uv": [ 0, 10, 4.125, 16 ], "texture": "#sheep" },
        "east":  { "uv": [ 0, 10, 4, 16 ], "texture": "#sheep" }
    }
},
{
    "from": [ 5.125, 4.25, 5.375 ],
    "to": [ 6.125, 7.125, 6.625 ],
    "faces": {
        "down":  { "uv": [ 0, 10, 4, 16 ], "rotation": 90, "texture": "#sheep" },
        "up":    { "uv": [ 0.125, 10, 4, 16 ], "rotation": 270, "texture": "#sheep" },
        "north": { "uv": [ 0, 10, 4, 16 ], "texture": "#sheep" },
        "south": { "uv": [ 0, 10, 4, 16 ], "texture": "#sheep" },
        "west":  { "uv": [ 0, 10, 4.125, 16 ], "texture": "#sheep" },
        "east":  { "uv": [ 0, 10, 4, 16 ], "texture": "#sheep" }
    }
},
{
    "from": [ 5.125, 4.25, 8.625 ],
    "to": [ 6.125, 7.125, 9.875 ],
    "faces": {
        "down":  { "uv": [ 0, 10, 4, 16 ], "rotation": 90, "texture": "#sheep" },
        "up":    { "uv": [ 0.125, 10, 4, 16 ], "rotation": 270, "texture": "#sheep" },
        "north": { "uv": [ 0, 10, 4, 16 ], "texture": "#sheep" },
        "south": { "uv": [ 0, 10, 4, 16 ], "texture": "#sheep" },
        "west":  { "uv": [ 0, 10, 4.125, 16 ], "texture": "#sheep" },
        "east":  { "uv": [ 0, 10, 4, 16 ], "texture": "#sheep" }
    }
},
{
    "from": [ 6.875, 4.25, 5.375 ],
    "to": [ 7.875, 7.125, 6.625 ],
    "faces": {
        "down":  { "uv": [ 0, 10, 4, 16 ], "rotation": 90, "texture": "#sheep" },
        "up":    { "uv": [ 0.125, 10, 4, 16 ], "rotation": 270, "texture": "#sheep" },
        "north": { "uv": [ 0, 10, 4, 16 ], "texture": "#sheep" },
        "south": { "uv": [ 0, 10, 4, 16 ], "texture": "#sheep" },
        "west":  { "uv": [ 0, 10, 4.125, 16 ], "texture": "#sheep" },
        "east":  { "uv": [ 0, 10, 4, 16 ], "texture": "#sheep" }
    }
},
{
    "from": [ 6, 9.125, 10.125 ],
    "to": [ 6.875, 10.375, 10.75 ],
    "rotation": { "origin": [ 6, 10.375, 10.125 ], "axis": "x", "angle": -22.5 },
    "faces": {
        "down":  { "uv": [ 5.375, 0.5, 8.25, 4.375 ], "rotation": 90, "texture": "#sheep" },
        "up":    { "uv": [ 4.125, 0, 7.125, 3.75 ], "rotation": 270, "texture": "#sheep" },
        "north": { "uv": [ 4.75, 0, 7.75, 4 ], "texture": "#sheep" },
        "south": { "uv": [ 4.625, 0.125, 7.625, 3.625 ], "texture": "#sheep" },
        "west":  { "uv": [ 4.875, 0, 7.75, 4 ], "texture": "#sheep" },
        "east":  { "uv": [ 5.25, 0.25, 8.25, 4.125 ], "texture": "#sheep" }
    }
}
],
"display": {
    "thirdperson": {
        "rotation": [ 149, 180, -3 ],
        "translation": [ 0, 1.7, 0 ],
        "scale": [ 1, 1, 1 ]
    },
    "head": {
        "rotation": [ 0, 0, 0 ],
        "translation": [ 3, 12.6, 0 ],
        "scale": [ 1.95, 1.98, 2.05 ]
    },
    "ground": {
        "rotation": [ 0, 0, 0 ],
        "translation": [ 0, 0, 0 ],
        "scale": [ 4, 4, 4 ]
    },
    "firstperson": {
        "rotation": [ 0, -58, 0 ],
        "translation": [ 0, -2.5, 4.3 ],
        "scale": [ 1.7, 1.8, 1 ]
    },
    "gui": {
        "rotation": [ 0, 160, 0 ],
        "translation": [ -2, -2, 0 ],
        "scale": [ 1.89, 1.83, 2.02 ]
    }
}
}