{"textures":{"0":"mcbt/hardened_clay","1":"mcbt/hardened_clay_stained_brown","2":"mcbt/hardened_clay_stained_yellow","3":"mcbt/wool_colored_red"},"elements":[{"from":[9,5,2],"to":[15,6,14],"rotation":{"origin":[8,8,8],"axis":"z","angle":22.5},"faces":{"north":{"texture":"#0","uv":[0,0,6,1]},"east":{"texture":"#0","uv":[0,0,12,1]},"south":{"texture":"#0","uv":[0,0,6,1]},"west":{"texture":"#0","uv":[0,0,12,1]},"up":{"texture":"#0","uv":[0,0,6,12]},"down":{"texture":"#0","uv":[0,0,6,12]}}},{"from":[6,5.6,2],"to":[10,6.6,14],"faces":{"north":{"texture":"#0","uv":[0,0,4,1]},"east":{"texture":"#0","uv":[0,0,12,1]},"south":{"texture":"#0","uv":[0,0,4,1]},"west":{"texture":"#0","uv":[0,0,12,1]},"up":{"texture":"#0","uv":[0,0,4,12]},"down":{"texture":"#0","uv":[0,0,4,12]}}},{"from":[3,7,4],"to":[5,9,12],"faces":{"north":{"texture":"#1","uv":[0,0,2,2]},"east":{"texture":"#1","uv":[0,0,8,2]},"south":{"texture":"#1","uv":[0,0,2,2]},"west":{"texture":"#1","uv":[0,0,8,2]},"up":{"texture":"#1","uv":[0,0,2,8]},"down":{"texture":"#1","uv":[0,0,2,8]}}},{"from":[11,7,4],"to":[13,9,12],"faces":{"north":{"texture":"#1","uv":[0,0,2,2]},"east":{"texture":"#1","uv":[0,0,8,2]},"south":{"texture":"#1","uv":[0,0,2,2]},"west":{"texture":"#1","uv":[0,0,8,2]},"up":{"texture":"#1","uv":[0,0,2,8]},"down":{"texture":"#1","uv":[0,0,2,8]}}},{"from":[4,7,3],"to":[12,9,5],"faces":{"north":{"texture":"#1","uv":[0,0,8,2]},"east":{"texture":"#1","uv":[0,0,2,2]},"south":{"texture":"#1","uv":[0,0,8,2]},"west":{"texture":"#1","uv":[0,0,2,2]},"up":{"texture":"#1","uv":[0,0,8,2]},"down":{"texture":"#1","uv":[0,0,8,2]}}},{"from":[4,7,11],"to":[12,9,13],"faces":{"north":{"texture":"#1","uv":[0,0,8,2]},"east":{"texture":"#1","uv":[0,0,2,2]},"south":{"texture":"#1","uv":[0,0,8,2]},"west":{"texture":"#1","uv":[0,0,2,2]},"up":{"texture":"#1","uv":[0,0,8,2]},"down":{"texture":"#1","uv":[0,0,8,2]}}},{"from":[5,6,3],"to":[11,7,13],"faces":{"north":{"texture":"#1","uv":[0,0,6,1]},"east":{"texture":"#1","uv":[0,0,10,1]},"south":{"texture":"#1","uv":[0,0,6,1]},"west":{"texture":"#1","uv":[0,0,10,1]},"up":{"texture":"#1","uv":[0,0,6,10]},"down":{"texture":"#1","uv":[0,0,6,10]}}},{"from":[4,7.5,4],"to":[7,10.5,12],"rotation":{"origin":[8,8,8],"axis":"z","angle":-22.5},"faces":{"north":{"texture":"#0","uv":[0,0,3,3]},"east":{"texture":"#0","uv":[0,0,8,3]},"south":{"texture":"#0","uv":[0,0,3,3]},"west":{"texture":"#0","uv":[0,0,8,3]},"up":{"texture":"#0","uv":[0,0,3,8]},"down":{"texture":"#0","uv":[0,0,3,8]}}},{"from":[9,7.5,4],"to":[12,10.5,12],"rotation":{"origin":[8,8,8],"axis":"z","angle":22.5},"faces":{"north":{"texture":"#0","uv":[0,0,3,3]},"east":{"texture":"#0","uv":[0,0,8,3]},"south":{"texture":"#0","uv":[0,0,3,3]},"west":{"texture":"#0","uv":[0,0,8,3]},"up":{"texture":"#0","uv":[0,0,3,8]},"down":{"texture":"#0","uv":[0,0,3,8]}}},{"from":[7.3,8.5,4],"to":[9,9.5,12],"faces":{"north":{"texture":"#0","uv":[0,0,1.7,1]},"east":{"texture":"#0","uv":[0,0,8,1]},"south":{"texture":"#0","uv":[0,0,1.7,1]},"west":{"texture":"#0","uv":[0,0,8,1]},"up":{"texture":"#0","uv":[0,0,1.7,8]},"down":{"texture":"#0","uv":[0,0,1.7,8]}}},{"from":[7.5,9.5,4],"to":[8.5,10.5,12],"faces":{"north":{"texture":"#0","uv":[0,0,1,1]},"east":{"texture":"#0","uv":[0,0,8,1]},"south":{"texture":"#0","uv":[0,0,1,1]},"west":{"texture":"#0","uv":[0,0,8,1]},"up":{"texture":"#0","uv":[0,0,1,8]},"down":{"texture":"#0","uv":[0,0,1,8]}}},{"from":[7,7,12],"to":[9,9,13.5],"rotation":{"origin":[8,8,8],"axis":"z","angle":45},"faces":{"north":{"texture":"#2","uv":[0,0,2,2]},"east":{"texture":"#2","uv":[0,0,1.5,2]},"south":{"texture":"#2","uv":[0,0,2,2]},"west":{"texture":"#2","uv":[0,0,1.5,2]},"up":{"texture":"#2","uv":[0,0,2,1.5]},"down":{"texture":"#2","uv":[0,0,2,1.5]}}},{"from":[5,7,12],"to":[6,10.5,13.5],"rotation":{"origin":[8,8,8],"axis":"z","angle":22.5},"faces":{"north":{"texture":"#2","uv":[0,0,1,3.5]},"east":{"texture":"#2","uv":[0,0,1.5,3.5]},"south":{"texture":"#2","uv":[0,0,1,3.5]},"west":{"texture":"#2","uv":[0,0,1.5,3.5]},"up":{"texture":"#2","uv":[0,0,1,1.5]},"down":{"texture":"#2","uv":[0,0,1,1.5]}}},{"from":[10,7,12],"to":[11,10.5,13.5],"rotation":{"origin":[8,8,8],"axis":"z","angle":-22.5},"faces":{"north":{"texture":"#2","uv":[0,0,1,3.5]},"east":{"texture":"#2","uv":[0,0,1.5,3.5]},"south":{"texture":"#2","uv":[0,0,1,3.5]},"west":{"texture":"#2","uv":[0,0,1.5,3.5]},"up":{"texture":"#2","uv":[0,0,1,1.5]},"down":{"texture":"#2","uv":[0,0,1,1.5]}}},{"from":[1,5,2],"to":[7,6,14],"rotation":{"origin":[8,8,8],"axis":"z","angle":-22.5},"faces":{"north":{"texture":"#0","uv":[0,0,6,1]},"east":{"texture":"#0","uv":[0,0,12,1]},"south":{"texture":"#0","uv":[0,0,6,1]},"west":{"texture":"#0","uv":[0,0,12,1]},"up":{"texture":"#0","uv":[0,0,6,12]},"down":{"texture":"#0","uv":[0,0,6,12]}}}],"display":{"head":{"rotation":[0,180,0],"translation":[0,7,0],"scale":[1.6,1.6,1.6]},"gui":{"rotation":[0,0,0],"translation":[0,0,0],"scale":[0.9,0.9,0.9]}}}