{
    "__comment": "Model generated using MrCrayfish's Model Creator (http://mrcrayfish.com/modelcreator/)",
    "textures": {
        "0": "mcbt/squid",
        "1": "mcbt/squid_tentacle",
        "2": "mcbt/squid"
    },
    "display": {
    "thirdperson_righthand": {
        "rotation": [ 0, 0, 0 ],
        "translation": [ 0, -5, 0 ],
        "scale": [ 0.35, 0.5, 0.35 ]
    },
    "head": {
        "rotation": [ 0, 0, 0 ],
        "translation": [ 0, -10, 0 ],
        "scale": [ 1, 1.7, 1 ]
    },
    "ground": {
        "rotation": [ 0, 0, 0 ],
        "translation": [ 0, 0, 0 ],
        "scale": [ 0.3, 0.6, 0.3 ]
    },
    "gui": {
        "rotation": [ 20, 20, 0 ],
        "translation": [ 0, -7, 0 ],
        "scale": [ 0.7, 1, 0.7 ]
    },
    "firstperson_righthand": {
        "rotation": [ 0, 0, 0 ],
        "translation": [ 0, -5, 0 ],
        "scale": [ 0.35, 0.5, 0.35 ]
    }
},
    "elements": [
        {
            "name": "Cube",
            "from": [ -2.0, 16.0, -2.0 ], 
            "to": [ 18.0, 20.0, 18.0 ], 
            "faces": {
                "north": { "texture": "#0", "uv": [ 0.0, 0.0, 16.0, 4.0 ] },
                "east": { "texture": "#0", "uv": [ 0.0, 0.0, 16.0, 4.0 ] },
                "south": { "texture": "#0", "uv": [ 0.0, 0.0, 16.0, 4.0 ] },
                "west": { "texture": "#0", "uv": [ 0.0, 0.0, 16.0, 4.0 ] },
                "up": { "texture": "#0", "uv": [ 0.0, 0.0, 16.0, 16.0 ] },
                "down": { "texture": "#0", "uv": [ 0.0, 0.0, 16.0, 16.0 ] }
            }
        },
        {
            "name": "Cube",
            "from": [ 0.0, 19.99, 0.0 ], 
            "to": [ 16.0, 23.0, 16.0 ], 
            "faces": {
                "north": { "texture": "#0", "uv": [ 0.0, 0.0, 16.0, 3.0 ] },
                "east": { "texture": "#0", "uv": [ 0.0, 0.0, 16.0, 3.0 ] },
                "south": { "texture": "#0", "uv": [ 0.0, 0.0, 16.0, 3.0 ] },
                "west": { "texture": "#0", "uv": [ 0.0, 0.0, 16.0, 3.0 ] },
                "up": { "texture": "#0", "uv": [ 0.0, 0.0, 16.0, 16.0 ] },
                "down": { "texture": "#0", "uv": [ 0.0, 0.0, 16.0, 16.0 ] }
            }
        },
        {
            "name": "Cube",
            "from": [ 2.0, 22.99, 2.0 ], 
            "to": [ 14.0, 24.0, 14.0 ], 
            "faces": {
                "north": { "texture": "#0", "uv": [ 0.0, 0.0, 12.0, 1.0 ] },
                "east": { "texture": "#0", "uv": [ 0.0, 0.0, 12.0, 1.0 ] },
                "south": { "texture": "#0", "uv": [ 0.0, 0.0, 12.0, 1.0 ] },
                "west": { "texture": "#0", "uv": [ 0.0, 0.0, 12.0, 1.0 ] },
                "up": { "texture": "#0", "uv": [ 0.0, 0.0, 12.0, 12.0 ] },
                "down": { "texture": "#0", "uv": [ 0.0, 0.0, 12.0, 12.0 ] }
            }
        },
        {
            "name": "Cube",
            "from": [ -1.0, 15.0, -1.0 ], 
            "to": [ 17.0, 15.99, 17.0 ], 
            "faces": {
                "north": { "texture": "#0", "uv": [ 0.0, 0.0, 16.0, 1.0 ] },
                "east": { "texture": "#0", "uv": [ 0.0, 0.0, 16.0, 1.0 ] },
                "south": { "texture": "#0", "uv": [ 0.0, 0.0, 16.0, 1.0 ] },
                "west": { "texture": "#0", "uv": [ 0.0, 0.0, 16.0, 1.0 ] },
                "up": { "texture": "#0", "uv": [ 0.0, 0.0, 16.0, 16.0 ] },
                "down": { "texture": "#0", "uv": [ 0.0, 0.0, 16.0, 16.0 ] }
            }
        },
        {
            "name": "Cube",
            "from": [ 18.0, 2.0, 0.0 ], 
            "to": [ 20.0, 12.0, 2.0 ], 
            "rotation": { "origin": [ 8.0, 8.0, 8.0 ], "axis": "z", "angle": 22.5 },
            "faces": {
                "north": { "texture": "#1", "uv": [ 0.0, 0.0, 2.0, 10.0 ] },
                "east": { "texture": "#1", "uv": [ 0.0, 0.0, 2.0, 10.0 ] },
                "south": { "texture": "#1", "uv": [ 0.0, 0.0, 2.0, 10.0 ] },
                "west": { "texture": "#1", "uv": [ 0.0, 0.0, 2.0, 10.0 ] },
                "up": { "texture": "#1", "uv": [ 0.0, 0.0, 2.0, 2.0 ] },
                "down": { "texture": "#1", "uv": [ 0.0, 0.0, 2.0, 2.0 ] }
            }
        },
        {
            "name": "Cube",
            "from": [ 18.0, 2.0, 4.0 ], 
            "to": [ 20.0, 12.0, 6.0 ], 
            "rotation": { "origin": [ 8.0, 8.0, 8.0 ], "axis": "z", "angle": 22.5 },
            "faces": {
                "north": { "texture": "#1", "uv": [ 0.0, 0.0, 2.0, 10.0 ] },
                "east": { "texture": "#1", "uv": [ 0.0, 0.0, 2.0, 10.0 ] },
                "south": { "texture": "#1", "uv": [ 0.0, 0.0, 2.0, 10.0 ] },
                "west": { "texture": "#1", "uv": [ 0.0, 0.0, 2.0, 10.0 ] },
                "up": { "texture": "#1", "uv": [ 0.0, 0.0, 2.0, 2.0 ] },
                "down": { "texture": "#1", "uv": [ 0.0, 0.0, 2.0, 2.0 ] }
            }
        },
        {
            "name": "Cube",
            "from": [ 18.0, 2.0, 9.0 ], 
            "to": [ 20.0, 12.0, 11.0 ], 
            "rotation": { "origin": [ 8.0, 8.0, 8.0 ], "axis": "z", "angle": 22.5 },
            "faces": {
                "north": { "texture": "#1", "uv": [ 0.0, 0.0, 2.0, 10.0 ] },
                "east": { "texture": "#1", "uv": [ 0.0, 0.0, 2.0, 10.0 ] },
                "south": { "texture": "#1", "uv": [ 0.0, 0.0, 2.0, 10.0 ] },
                "west": { "texture": "#1", "uv": [ 0.0, 0.0, 2.0, 10.0 ] },
                "up": { "texture": "#1", "uv": [ 0.0, 0.0, 2.0, 2.0 ] },
                "down": { "texture": "#1", "uv": [ 0.0, 0.0, 2.0, 2.0 ] }
            }
        },
        {
            "name": "Cube",
            "from": [ 18.0, 2.0, 14.0 ], 
            "to": [ 20.0, 12.0, 16.0 ], 
            "rotation": { "origin": [ 8.0, 8.0, 8.0 ], "axis": "z", "angle": 22.5 },
            "faces": {
                "north": { "texture": "#1", "uv": [ 0.0, 0.0, 2.0, 10.0 ] },
                "east": { "texture": "#1", "uv": [ 0.0, 0.0, 2.0, 10.0 ] },
                "south": { "texture": "#1", "uv": [ 0.0, 0.0, 2.0, 10.0 ] },
                "west": { "texture": "#1", "uv": [ 0.0, 0.0, 2.0, 10.0 ] },
                "up": { "texture": "#1", "uv": [ 0.0, 0.0, 2.0, 2.0 ] },
                "down": { "texture": "#1", "uv": [ 0.0, 0.0, 2.0, 2.0 ] }
            }
        },
        {
            "name": "Cube",
            "from": [ -4.0, 2.0, 14.0 ], 
            "to": [ -2.0, 12.0, 16.0 ], 
            "rotation": { "origin": [ 8.0, 8.0, 8.0 ], "axis": "z", "angle": -22.5 },
            "faces": {
                "north": { "texture": "#1", "uv": [ 0.0, 0.0, 2.0, 10.0 ] },
                "east": { "texture": "#1", "uv": [ 0.0, 0.0, 2.0, 10.0 ] },
                "south": { "texture": "#1", "uv": [ 0.0, 0.0, 2.0, 10.0 ] },
                "west": { "texture": "#1", "uv": [ 0.0, 0.0, 2.0, 10.0 ] },
                "up": { "texture": "#1", "uv": [ 0.0, 0.0, 2.0, 2.0 ] },
                "down": { "texture": "#1", "uv": [ 0.0, 0.0, 2.0, 2.0 ] }
            }
        },
        {
            "name": "Cube",
            "from": [ -4.0, 2.0, 10.0 ], 
            "to": [ -2.0, 12.0, 12.0 ], 
            "rotation": { "origin": [ 8.0, 8.0, 8.0 ], "axis": "z", "angle": -22.5 },
            "faces": {
                "north": { "texture": "#1", "uv": [ 0.0, 0.0, 2.0, 10.0 ] },
                "east": { "texture": "#1", "uv": [ 0.0, 0.0, 2.0, 10.0 ] },
                "south": { "texture": "#1", "uv": [ 0.0, 0.0, 2.0, 10.0 ] },
                "west": { "texture": "#1", "uv": [ 0.0, 0.0, 2.0, 10.0 ] },
                "up": { "texture": "#1", "uv": [ 0.0, 0.0, 2.0, 2.0 ] },
                "down": { "texture": "#1", "uv": [ 0.0, 0.0, 2.0, 2.0 ] }
            }
        },
        {
            "name": "Cube",
            "from": [ -4.0, 2.0, 5.0 ], 
            "to": [ -2.0, 12.0, 7.0 ], 
            "rotation": { "origin": [ 8.0, 8.0, 8.0 ], "axis": "z", "angle": -22.5 },
            "faces": {
                "north": { "texture": "#1", "uv": [ 0.0, 0.0, 2.0, 10.0 ] },
                "east": { "texture": "#1", "uv": [ 0.0, 0.0, 2.0, 10.0 ] },
                "south": { "texture": "#1", "uv": [ 0.0, 0.0, 2.0, 10.0 ] },
                "west": { "texture": "#1", "uv": [ 0.0, 0.0, 2.0, 10.0 ] },
                "up": { "texture": "#1", "uv": [ 0.0, 0.0, 2.0, 2.0 ] },
                "down": { "texture": "#1", "uv": [ 0.0, 0.0, 2.0, 2.0 ] }
            }
        },
        {
            "name": "Cube",
            "from": [ -4.0, 2.0, 0.0 ], 
            "to": [ -2.0, 12.0, 2.0 ], 
            "rotation": { "origin": [ 8.0, 8.0, 8.0 ], "axis": "z", "angle": -22.5 },
            "faces": {
                "north": { "texture": "#1", "uv": [ 0.0, 0.0, 2.0, 10.0 ] },
                "east": { "texture": "#1", "uv": [ 0.0, 0.0, 2.0, 10.0 ] },
                "south": { "texture": "#1", "uv": [ 0.0, 0.0, 2.0, 10.0 ] },
                "west": { "texture": "#1", "uv": [ 0.0, 0.0, 2.0, 10.0 ] },
                "up": { "texture": "#1", "uv": [ 0.0, 0.0, 2.0, 2.0 ] },
                "down": { "texture": "#1", "uv": [ 0.0, 0.0, 2.0, 2.0 ] }
            }
        },
        {
            "name": "Cube",
            "from": [ 6.0, 14.0, 6.0 ], 
            "to": [ 10.0, 15.1, 10.0 ], 
            "faces": {
                "north": { "texture": "#2", "uv": [ 0.0, 0.0, 4.0, 3.0 ] },
                "east": { "texture": "#2", "uv": [ 0.0, 0.0, 4.0, 3.0 ] },
                "south": { "texture": "#2", "uv": [ 0.0, 0.0, 4.0, 3.0 ] },
                "west": { "texture": "#2", "uv": [ 0.0, 0.0, 4.0, 3.0 ] },
                "up": { "texture": "#2", "uv": [ 0.0, 0.0, 1.0, 5.0 ] },
                "down": { "texture": "#2", "uv": [ 0.0, 0.0, 4.0, 4.0 ] }
            }
        }
    ]
}