{"textures":{"0":"mcbt/coal_block"},"elements":[{"from":[8,2,12],"to":[11,5,13.5],"rotation":{"origin":[8,8,8],"axis":"z","angle":-45},"faces":{"north":{"texture":"#0","uv":[0,0,3,3]},"east":{"texture":"#0","uv":[0,0,1.5,3]},"south":{"texture":"#0","uv":[0,0,3,3]},"west":{"texture":"#0","uv":[0,0,1.5,3]},"up":{"texture":"#0","uv":[0,0,3,1.5]},"down":{"texture":"#0","uv":[0,0,3,1.5]}}},{"from":[6,2,12],"to":[8,4,13.5],"rotation":{"origin":[8,8,8],"axis":"z","angle":-45},"faces":{"north":{"texture":"#0","uv":[0,0,2,2]},"east":{"texture":"#0","uv":[0,0,1.5,2]},"south":{"texture":"#0","uv":[0,0,2,2]},"west":{"texture":"#0","uv":[0,0,1.5,2]},"up":{"texture":"#0","uv":[0,0,2,1.5]},"down":{"texture":"#0","uv":[0,0,2,1.5]}}},{"from":[11,5,12],"to":[14,8,13.5],"rotation":{"origin":[8,8,8],"axis":"z","angle":-45},"faces":{"north":{"texture":"#0","uv":[0,0,3,3]},"east":{"texture":"#0","uv":[0,0,1.5,3]},"south":{"texture":"#0","uv":[0,0,3,3]},"west":{"texture":"#0","uv":[0,0,1.5,3]},"up":{"texture":"#0","uv":[0,0,3,1.5]},"down":{"texture":"#0","uv":[0,0,3,1.5]}}},{"from":[12,8,12],"to":[14,10,13.5],"rotation":{"origin":[8,8,8],"axis":"z","angle":-45},"faces":{"north":{"texture":"#0","uv":[0,0,2,2]},"east":{"texture":"#0","uv":[0,0,1.5,2]},"south":{"texture":"#0","uv":[0,0,2,2]},"west":{"texture":"#0","uv":[0,0,1.5,2]},"up":{"texture":"#0","uv":[0,0,2,1.5]},"down":{"texture":"#0","uv":[0,0,2,1.5]}}},{"from":[7,3.5,12],"to":[9,4.5,13.5],"faces":{"north":{"texture":"#0","uv":[0,0,2,1]},"east":{"texture":"#0","uv":[0,0,1.5,1]},"south":{"texture":"#0","uv":[0,0,2,1]},"west":{"texture":"#0","uv":[0,0,1.5,1]},"up":{"texture":"#0","uv":[0,0,2,1.5]},"down":{"texture":"#0","uv":[0,0,2,1.5]}}},{"from":[12,4,7],"to":[13,5,12],"faces":{"north":{"texture":"#0","uv":[0,0,1,1]},"east":{"texture":"#0","uv":[0,0,5,1]},"south":{"texture":"#0","uv":[0,0,1,1]},"west":{"texture":"#0","uv":[0,0,5,1]},"up":{"texture":"#0","uv":[0,0,1,5]},"down":{"texture":"#0","uv":[0,0,1,5]}}},{"from":[3,4,7],"to":[4,5,12],"faces":{"north":{"texture":"#0","uv":[0,0,1,1]},"east":{"texture":"#0","uv":[0,0,5,1]},"south":{"texture":"#0","uv":[0,0,1,1]},"west":{"texture":"#0","uv":[0,0,5,1]},"up":{"texture":"#0","uv":[0,0,1,5]},"down":{"texture":"#0","uv":[0,0,1,5]}}},{"from":[3,5.6,2.2],"to":[4,6.6,5.2],"rotation":{"origin":[8,8,8],"axis":"x","angle":-45},"faces":{"north":{"texture":"#0","uv":[0,0,1,1]},"east":{"texture":"#0","uv":[0,0,3,1]},"south":{"texture":"#0","uv":[0,0,1,1]},"west":{"texture":"#0","uv":[0,0,3,1]},"up":{"texture":"#0","uv":[0,0,1,3]},"down":{"texture":"#0","uv":[0,0,1,3]}}},{"from":[12,5.6,2.2],"to":[13,6.6,5.2],"rotation":{"origin":[8,8,8],"axis":"x","angle":-45},"faces":{"north":{"texture":"#0","uv":[0,0,1,1]},"east":{"texture":"#0","uv":[0,0,3,1]},"south":{"texture":"#0","uv":[0,0,1,1]},"west":{"texture":"#0","uv":[0,0,3,1]},"up":{"texture":"#0","uv":[0,0,1,3]},"down":{"texture":"#0","uv":[0,0,1,3]}}}],"display":{"head":{"rotation":[0,180,0],"translation":[0,7,0],"scale":[1.6,1.6,1.6]},	"gui":{"rotation":[0,0,0],"translation":[0,4,0],"scale":[1.2,1.2,1.2]}}}