{
	"parent": "item/generated",
	"textures": {
		"layer0": "mcbt/emma_roberts"
},
    "display": {
        "thirdperson_righthand": {
            "rotation": [ 25, 0, 0 ],
            "translation": [ 0, 0, 0 ],
            "scale": [ 0, 0, 0 ]
        },
        "head": {
            "rotation": [ 0, 0, 0 ],
            "translation": [ 0, 0, 0 ],
            "scale": [ 1, 1, 1 ]
        },
        "ground": {
            "rotation": [ 25, 0, 0 ],
            "translation": [ 0, 0, 0 ],
            "scale": [ 0.3, 0.3, 0.3 ]
        },
        "fixed": {
            "rotation": [ 0, 0, 0 ],
            "translation": [ 0, 0, -0.95 ],
            "scale": [ 2, 2, 2 ]
        },
        "gui": {
            "rotation": [ 0, 180, 0 ],
            "translation": [ 0, 0, 0 ],
            "scale": [ 1.3, 1.3, 1.3 ]
        },
        "firstperson_righthand": {
            "rotation": [ 0, 0, 0 ],
            "translation": [ 0, 12, 0 ],
            "scale": [ 0.3, 0.3, 0.1 ]
        }
    }
}

