{
	"parent": "item/generated",
	"textures": {
		"layer0": "mcbt/welcome"
    },
    "ambientocclusion": false,
    "gui_light": "front",
    "display": {
        "thirdperson_righthand": {
            "rotation": [ 25, 0, 0 ],
            "translation": [ 0, 0, 0 ],
            "scale": [ 0, 0, 0 ]
        },
        "head": {
            "rotation": [ 0, 0, 0 ],
            "translation": [ 0, 0, 0 ],
            "scale": [ 1, 1, 1 ]
        },
        "ground": {
            "rotation": [ 25, 0, 0 ],
            "translation": [ 0, 0, 0 ],
            "scale": [ 0.3, 0.3, 0.3 ]
        },
        "fixed": {
            "rotation": [ 0, 180, 0 ],
            "translation": [ 0, 0, -500 ],
            "scale": [ 10, 10, 0 ]
        },
        "gui": {
            "rotation": [ 0, 0, 0 ],
            "translation": [ 0, 0, 0 ],
            "scale": [ 0, 0, 0 ]
        },
        "firstperson_righthand": {
            "rotation": [ 0, 0, 0 ],
            "translation": [ -9, 7, 0 ],
            "scale": [ 1, 1, 0 ]
        }
    }
}

