{
"__comment": "Designed by Vemassa69 with BDcraft Cubik PRO 0.95 Beta - http://bdcraft.net",
"textures": {
    "particle": "mcbt/ace_hat",
    "texture": "mcbt/ace_hat"
},
"elements": [ 
{
    "from": [ 2, 1, 4.5 ],
    "to": [ 14, 6, 12 ],
    "faces": {
        "up":    { "uv": [ 5, 4, 11, 7.75 ], "rotation": 180, "texture": "#texture" },
        "north": { "uv": [ 5, 5.5, 11, 8 ], "texture": "#texture" },
        "south": { "uv": [ 5, 5.5, 11, 8 ], "texture": "#texture" },
        "west":  { "uv": [ 8.25, 5.5, 12, 8 ], "texture": "#texture" },
        "east":  { "uv": [ 4, 5.5, 7.75, 8 ], "texture": "#texture" }
    }
},
{
    "from": [ 2.5, 6, 4.5 ],
    "to": [ 13.5, 8, 12 ],
    "faces": {
        "up":    { "uv": [ 5.25, 4, 10.75, 7.75 ], "rotation": 180, "texture": "#texture" },
        "north": { "uv": [ 5.25, 4.5, 10.75, 5.5 ], "texture": "#texture" },
        "south": { "uv": [ 5.25, 4.5, 10.75, 5.5 ], "texture": "#texture" },
        "west":  { "uv": [ 8.25, 4.5, 12, 5.5 ], "texture": "#texture" },
        "east":  { "uv": [ 4, 4.5, 7.75, 5.5 ], "texture": "#texture" }
    }
},
{
    "from": [ 3, 8, 4.5 ],
    "to": [ 13, 9.5, 12 ],
    "faces": {
        "up":    { "uv": [ 5.5, 4, 10.5, 7.75 ], "rotation": 180, "texture": "#texture" },
        "north": { "uv": [ 5.5, 3.75, 10.5, 4.5 ], "texture": "#texture" },
        "south": { "uv": [ 5.5, 3.75, 10.5, 4.5 ], "texture": "#texture" },
        "west":  { "uv": [ 8.25, 3.75, 12, 4.5 ], "texture": "#texture" },
        "east":  { "uv": [ 4, 3.75, 7.75, 4.5 ], "texture": "#texture" }
    }
},
{
    "from": [ 10, 9.5, 4.5 ],
    "to": [ 13, 10, 12 ],
    "faces": {
        "up":    { "uv": [ 5.5, 4, 7, 7.75 ], "rotation": 180, "texture": "#texture" },
        "north": { "uv": [ 5.5, 3.5, 7, 3.75 ], "texture": "#texture" },
        "south": { "uv": [ 9, 3.5, 10.5, 3.75 ], "texture": "#texture" },
        "west":  { "uv": [ 8.25, 3.5, 12, 3.75 ], "texture": "#texture" },
        "east":  { "uv": [ 4, 3.5, 7.75, 3.75 ], "texture": "#texture" }
    }
},
{
    "from": [ 3, 9.5, 4.5 ],
    "to": [ 6, 10, 12 ],
    "faces": {
        "up":    { "uv": [ 9, 4, 10.5, 7.75 ], "rotation": 180, "texture": "#texture" },
        "north": { "uv": [ 9, 3.5, 10.5, 3.75 ], "texture": "#texture" },
        "south": { "uv": [ 5.5, 3.5, 7, 3.75 ], "texture": "#texture" },
        "west":  { "uv": [ 8.25, 3.5, 12, 3.75 ], "texture": "#texture" },
        "east":  { "uv": [ 4, 3.5, 7.75, 3.75 ], "texture": "#texture" }
    }
},
{
    "from": [ 3.5, 10, 4.5 ],
    "to": [ 5.5, 10.5, 12 ],
    "faces": {
        "up":    { "uv": [ 9.25, 4, 10.25, 7.75 ], "rotation": 180, "texture": "#texture" },
        "north": { "uv": [ 9.25, 3.25, 10.25, 3.5 ], "texture": "#texture" },
        "south": { "uv": [ 5.75, 3.25, 6.75, 3.5 ], "texture": "#texture" },
        "west":  { "uv": [ 8.25, 3.25, 12, 3.5 ], "texture": "#texture" },
        "east":  { "uv": [ 4, 3.25, 7.75, 3.5 ], "texture": "#texture" }
    }
},
{
    "from": [ 10.5, 10, 4.5 ],
    "to": [ 12.5, 10.5, 12 ],
    "faces": {
        "up":    { "uv": [ 5.75, 4, 6.75, 7.75 ], "rotation": 180, "texture": "#texture" },
        "north": { "uv": [ 5.75, 3.25, 6.75, 3.5 ], "texture": "#texture" },
        "south": { "uv": [ 9.25, 3.25, 10.25, 3.5 ], "texture": "#texture" },
        "west":  { "uv": [ 8.25, 3.25, 12, 3.5 ], "texture": "#texture" },
        "east":  { "uv": [ 4, 3.25, 7.75, 3.5 ], "texture": "#texture" }
    }
},
{
    "from": [ 3, 1, 2 ],
    "to": [ 13, 6, 13.5 ],
    "faces": {
        "up":    { "uv": [ 5.5, 3.25, 10.5, 9 ], "rotation": 180, "texture": "#texture" },
        "north": { "uv": [ 5.5, 5.5, 10.5, 8 ], "texture": "#texture" },
        "south": { "uv": [ 5.5, 5.5, 10.5, 8 ], "texture": "#texture" },
        "west":  { "uv": [ 7, 5.5, 12.75, 8 ], "texture": "#texture" },
        "east":  { "uv": [ 3.25, 5.5, 9, 8 ], "texture": "#texture" }
    }
},
{
    "from": [ 3.5, 6, 2.5 ],
    "to": [ 12.5, 8, 13 ],
    "faces": {
        "up":    { "uv": [ 5.75, 3.5, 10.25, 8.75 ], "rotation": 180, "texture": "#texture" },
        "north": { "uv": [ 5.75, 4.5, 10.25, 5.5 ], "texture": "#texture" },
        "south": { "uv": [ 5.75, 4.5, 10.25, 5.5 ], "texture": "#texture" },
        "west":  { "uv": [ 7.25, 4.5, 12.5, 5.5 ], "texture": "#texture" },
        "east":  { "uv": [ 3.5, 4.5, 8.75, 5.5 ], "texture": "#texture" }
    }
},
{
    "from": [ 3.5, 8, 3.5 ],
    "to": [ 12.5, 9, 12.5 ],
    "faces": {
        "up":    { "uv": [ 5.75, 3.75, 10.25, 8.25 ], "rotation": 180, "texture": "#texture" },
        "north": { "uv": [ 5.75, 4, 10.25, 4.5 ], "texture": "#texture" },
        "south": { "uv": [ 5.75, 4, 10.25, 4.5 ], "texture": "#texture" },
        "west":  { "uv": [ 7.75, 4, 12.25, 4.5 ], "texture": "#texture" },
        "east":  { "uv": [ 3.75, 4, 8.25, 4.5 ], "texture": "#texture" }
    }
},
{
    "from": [ 6, 8, 3 ],
    "to": [ 10, 9, 13 ],
    "faces": {
        "up":    { "uv": [ 7, 3.5, 9, 8.5 ], "rotation": 180, "texture": "#texture" },
        "north": { "uv": [ 7, 4, 9, 4.5 ], "texture": "#texture" },
        "south": { "uv": [ 7, 4, 9, 4.5 ], "texture": "#texture" },
        "west":  { "uv": [ 7.5, 4, 12.5, 4.5 ], "texture": "#texture" },
        "east":  { "uv": [ 3.5, 4, 8.5, 4.5 ], "texture": "#texture" }
    }
},
{
    "from": [ 6, 6, 2 ],
    "to": [ 10, 7.5, 13.5 ],
    "faces": {
        "up":    { "uv": [ 7, 3.25, 9, 9 ], "rotation": 180, "texture": "#texture" },
        "north": { "uv": [ 7, 4.75, 9, 5.5 ], "texture": "#texture" },
        "south": { "uv": [ 7, 4.75, 9, 5.5 ], "texture": "#texture" },
        "west":  { "uv": [ 7, 4.75, 12.75, 5.5 ], "texture": "#texture" },
        "east":  { "uv": [ 3.25, 4.75, 9, 5.5 ], "texture": "#texture" }
    }
},
{
    "from": [ 11, 9, 3.5 ],
    "to": [ 12, 10, 12.5 ],
    "faces": {
        "up":    { "uv": [ 6, 3.75, 6.5, 8.25 ], "rotation": 180, "texture": "#texture" },
        "north": { "uv": [ 6, 3.5, 6.5, 4 ], "texture": "#texture" },
        "south": { "uv": [ 9.5, 3.5, 10, 4 ], "texture": "#texture" },
        "west":  { "uv": [ 7.75, 3.5, 12.25, 4 ], "texture": "#texture" },
        "east":  { "uv": [ 3.75, 3.5, 8.25, 4 ], "texture": "#texture" }
    }
},
{
    "from": [ 10, 9, 3.5 ],
    "to": [ 11, 9.5, 12.5 ],
    "faces": {
        "up":    { "uv": [ 6.5, 3.75, 7, 8.25 ], "rotation": 180, "texture": "#texture" },
        "north": { "uv": [ 6.5, 3.75, 7, 4 ], "texture": "#texture" },
        "south": { "uv": [ 9, 3.75, 9.5, 4 ], "texture": "#texture" },
        "west":  { "uv": [ 7.75, 3.75, 12.25, 4 ], "texture": "#texture" }
    }
},
{
    "from": [ 5, 9, 3.5 ],
    "to": [ 6, 9.5, 12.5 ],
    "faces": {
        "up":    { "uv": [ 9, 3.75, 9.5, 8.25 ], "rotation": 180, "texture": "#texture" },
        "north": { "uv": [ 9, 3.75, 9.5, 4 ], "texture": "#texture" },
        "south": { "uv": [ 6.5, 3.75, 7, 4 ], "texture": "#texture" },
        "east":  { "uv": [ 3.75, 3.75, 8.25, 4 ], "texture": "#texture" }
    }
},
{
    "from": [ 4, 9, 3.5 ],
    "to": [ 5, 10, 12.5 ],
    "faces": {
        "up":    { "uv": [ 9.5, 3.75, 10, 8.25 ], "rotation": 180, "texture": "#texture" },
        "north": { "uv": [ 9.5, 3.5, 10, 4 ], "texture": "#texture" },
        "south": { "uv": [ 6, 3.5, 6.5, 4 ], "texture": "#texture" },
        "west":  { "uv": [ 7.75, 3.5, 12.25, 4 ], "texture": "#texture" },
        "east":  { "uv": [ 3.75, 3.5, 8.25, 4 ], "texture": "#texture" }
    }
},
{
    "from": [ 2, 0, -0.5 ],
    "to": [ 14, 1, 16 ],
    "faces": {
        "down":  { "uv": [ 11, 10.25, 5, 2 ], "rotation": 180, "texture": "#texture" },
        "up":    { "uv": [ 5, 2, 11, 10.25 ], "rotation": 180, "texture": "#texture" },
        "north": { "uv": [ 5, 8, 11, 8.5 ], "texture": "#texture" },
        "south": { "uv": [ 5, 8, 11, 8.5 ], "texture": "#texture" },
        "west":  { "uv": [ 5.75, 8, 14, 8.5 ], "texture": "#texture" },
        "east":  { "uv": [ 2, 8, 10.25, 8.5 ], "texture": "#texture" }
    }
},
{
    "from": [ 4.5, 0, -1.5 ],
    "to": [ 11.5, 1, 17 ],
    "faces": {
        "down":  { "uv": [ 9.75, 10.75, 6.25, 1.5 ], "rotation": 180, "texture": "#texture" },
        "up":    { "uv": [ 6.25, 1.5, 9.75, 10.75 ], "rotation": 180, "texture": "#texture" },
        "north": { "uv": [ 6.25, 8, 9.75, 8.5 ], "texture": "#texture" },
        "south": { "uv": [ 6.25, 8, 9.75, 8.5 ], "texture": "#texture" },
        "west":  { "uv": [ 5.25, 8, 14.5, 8.5 ], "texture": "#texture" },
        "east":  { "uv": [ 1.5, 8, 10.75, 8.5 ], "texture": "#texture" }
    }
},
{
    "from": [ 0, 0, 2 ],
    "to": [ 15.5, 1, 14 ],
    "faces": {
        "down":  { "uv": [ 11.75, 9, 4, 3 ], "rotation": 180, "texture": "#texture" },
        "up":    { "uv": [ 4.25, 3, 12, 9 ], "rotation": 180, "texture": "#texture" },
        "north": { "uv": [ 4.25, 8, 12, 8.5 ], "texture": "#texture" },
        "south": { "uv": [ 4, 8, 11.75, 8.5 ], "texture": "#texture" },
        "west":  { "uv": [ 7, 8, 13, 8.5 ], "texture": "#texture" },
        "east":  { "uv": [ 3, 8, 9, 8.5 ], "texture": "#texture" }
    }
},
{
    "from": [ 15.5, 0.5, 10.5 ],
    "to": [ 17.5, 1.5, 14 ],
    "faces": {
        "down":  { "uv": [ 12.75, 4.75, 11.75, 3 ], "rotation": 180, "texture": "#texture" },
        "up":    { "uv": [ 3.25, 3, 4.25, 4.75 ], "rotation": 180, "texture": "#texture" },
        "north": { "uv": [ 3.25, 7.75, 4.25, 8.25 ], "texture": "#texture" },
        "south": { "uv": [ 11.75, 7.75, 12.75, 8.25 ], "texture": "#texture" },
        "west":  { "uv": [ 11.25, 7.75, 13, 8.25 ], "texture": "#texture" },
        "east":  { "uv": [ 3, 7.75, 4.75, 8.25 ], "texture": "#texture" }
    }
},
{
    "from": [ 15.5, 0.5, 2 ],
    "to": [ 17.5, 1.5, 5.5 ],
    "faces": {
        "down":  { "uv": [ 12.75, 9, 11.75, 7.25 ], "rotation": 180, "texture": "#texture" },
        "up":    { "uv": [ 3.25, 7.25, 4.25, 9 ], "rotation": 180, "texture": "#texture" },
        "north": { "uv": [ 3.25, 7.75, 4.25, 8.25 ], "texture": "#texture" },
        "south": { "uv": [ 11.75, 7.75, 12.75, 8.25 ], "texture": "#texture" },
        "west":  { "uv": [ 7, 7.75, 8.75, 8.25 ], "texture": "#texture" },
        "east":  { "uv": [ 7.25, 7.75, 9, 8.25 ], "texture": "#texture" }
    }
},
{
    "from": [ 15.5, 0, 5.5 ],
    "to": [ 17.5, 1, 10.5 ],
    "faces": {
        "down":  { "uv": [ 12.75, 7.25, 11.75, 4.75 ], "rotation": 180, "texture": "#texture" },
        "up":    { "uv": [ 3.25, 4.75, 4.25, 7.25 ], "rotation": 180, "texture": "#texture" },
        "north": { "uv": [ 3.25, 8, 4.25, 8.5 ], "texture": "#texture" },
        "south": { "uv": [ 11.75, 8, 12.75, 8.5 ], "texture": "#texture" },
        "east":  { "uv": [ 4.75, 8, 7.25, 8.5 ], "texture": "#texture" }
    }
},
{
    "from": [ 17, 1, 5.5 ],
    "to": [ 18.5, 2, 10.5 ],
    "faces": {
        "down":  { "uv": [ 13.25, 7.25, 12.5, 4.75 ], "rotation": 180, "texture": "#texture" },
        "up":    { "uv": [ 2.75, 4.75, 3.5, 7.25 ], "rotation": 180, "texture": "#texture" },
        "north": { "uv": [ 2.75, 7.5, 3.5, 8 ], "texture": "#texture" },
        "south": { "uv": [ 12.5, 7.5, 13.25, 8 ], "texture": "#texture" },
        "west":  { "uv": [ 8.75, 7.5, 11.25, 8 ], "texture": "#texture" },
        "east":  { "uv": [ 4.75, 7.5, 7.25, 8 ], "texture": "#texture" }
    }
},
{
    "from": [ -2, 0.5, 2 ],
    "to": [ 0, 1.5, 5.5 ],
    "faces": {
        "down":  { "uv": [ 4, 9, 3, 7.25 ], "rotation": 180, "texture": "#texture" },
        "up":    { "uv": [ 12, 7.25, 13, 9 ], "rotation": 180, "texture": "#texture" },
        "north": { "uv": [ 12, 7.75, 13, 8.25 ], "texture": "#texture" },
        "south": { "uv": [ 3, 7.75, 4, 8.25 ], "texture": "#texture" },
        "west":  { "uv": [ 7, 7.75, 8.75, 8.25 ], "texture": "#texture" },
        "east":  { "uv": [ 7.25, 7.75, 9, 8.25 ], "texture": "#texture" }
    }
},
{
    "from": [ -2, 0.5, 10.5 ],
    "to": [ 0, 1.5, 14 ],
    "faces": {
        "down":  { "uv": [ 4, 4.75, 3, 3 ], "rotation": 180, "texture": "#texture" },
        "up":    { "uv": [ 12, 3, 13, 4.75 ], "rotation": 180, "texture": "#texture" },
        "north": { "uv": [ 12, 7.75, 13, 8.25 ], "texture": "#texture" },
        "south": { "uv": [ 3, 7.75, 4, 8.25 ], "texture": "#texture" },
        "west":  { "uv": [ 11.25, 7.75, 13, 8.25 ], "texture": "#texture" },
        "east":  { "uv": [ 3, 7.75, 4.75, 8.25 ], "texture": "#texture" }
    }
},
{
    "from": [ -3, 1, 5.5 ],
    "to": [ -1.5, 2, 10.5 ],
    "faces": {
        "down":  { "uv": [ 3, 7.25, 2.25, 4.75 ], "rotation": 180, "texture": "#texture" },
        "up":    { "uv": [ 13, 4.75, 13.75, 7.25 ], "rotation": 180, "texture": "#texture" },
        "north": { "uv": [ 13, 7.5, 13.75, 8 ], "texture": "#texture" },
        "south": { "uv": [ 2.25, 7.5, 3, 8 ], "texture": "#texture" },
        "west":  { "uv": [ 8.75, 7.5, 11.25, 8 ], "texture": "#texture" },
        "east":  { "uv": [ 4.75, 7.5, 7.25, 8 ], "texture": "#texture" }
    }
},
{
    "from": [ -2, 0, 5.5 ],
    "to": [ 0, 1, 10.5 ],
    "faces": {
        "down":  { "uv": [ 4, 7.25, 3, 4.75 ], "rotation": 180, "texture": "#texture" },
        "up":    { "uv": [ 12, 4.75, 13, 7.25 ], "rotation": 180, "texture": "#texture" },
        "north": { "uv": [ 12, 8, 13, 8.5 ], "texture": "#texture" },
        "south": { "uv": [ 3, 8, 4, 8.5 ], "texture": "#texture" },
        "west":  { "uv": [ 8.75, 8, 11.25, 8.5 ], "texture": "#texture" }
    }
},
{
    "from": [ 2, 0.5, -1 ],
    "to": [ 3.5, 1.5, 0.5 ],
    "faces": {
        "down":  { "uv": [ 5.75, 10.5, 5, 9.75 ], "rotation": 180, "texture": "#texture" },
        "up":    { "uv": [ 10.25, 9.75, 11, 10.5 ], "rotation": 180, "texture": "#texture" },
        "north": { "uv": [ 10.25, 7.75, 11, 8.25 ], "texture": "#texture" },
        "south": { "uv": [ 5, 7.75, 5.75, 8.25 ], "texture": "#texture" },
        "west":  { "uv": [ 5.5, 7.75, 6.25, 8.25 ], "texture": "#texture" },
        "east":  { "uv": [ 9.75, 7.75, 10.5, 8.25 ], "texture": "#texture" }
    }
},
{
    "from": [ 3.5, 0.5, -2 ],
    "to": [ 6, 1.5, -0.5 ],
    "faces": {
        "down":  { "uv": [ 7, 11, 5.75, 10.25 ], "rotation": 180, "texture": "#texture" },
        "up":    { "uv": [ 9, 10.25, 10.25, 11 ], "rotation": 180, "texture": "#texture" },
        "north": { "uv": [ 9, 7.75, 10.25, 8.25 ], "texture": "#texture" },
        "south": { "uv": [ 5.75, 7.75, 7, 8.25 ], "texture": "#texture" },
        "west":  { "uv": [ 5, 7.75, 5.75, 8.25 ], "texture": "#texture" },
        "east":  { "uv": [ 10.25, 7.75, 11, 8.25 ], "texture": "#texture" }
    }
},
{
    "from": [ 12.5, 0.5, -1 ],
    "to": [ 14, 1.5, 0.5 ],
    "faces": {
        "down":  { "uv": [ 11, 10.5, 10.25, 9.75 ], "rotation": 180, "texture": "#texture" },
        "up":    { "uv": [ 5, 9.75, 5.75, 10.5 ], "rotation": 180, "texture": "#texture" },
        "north": { "uv": [ 5, 7.75, 5.75, 8.25 ], "texture": "#texture" },
        "south": { "uv": [ 10.25, 7.75, 11, 8.25 ], "texture": "#texture" },
        "west":  { "uv": [ 5.5, 7.75, 6.25, 8.25 ], "texture": "#texture" },
        "east":  { "uv": [ 9.75, 7.75, 10.5, 8.25 ], "texture": "#texture" }
    }
},
{
    "from": [ 10, 0.5, -2 ],
    "to": [ 12.5, 1.5, -0.5 ],
    "faces": {
        "down":  { "uv": [ 10.25, 11, 9, 10.25 ], "rotation": 180, "texture": "#texture" },
        "up":    { "uv": [ 5.75, 10.25, 7, 11 ], "rotation": 180, "texture": "#texture" },
        "north": { "uv": [ 5.75, 7.75, 7, 8.25 ], "texture": "#texture" },
        "south": { "uv": [ 9, 7.75, 10.25, 8.25 ], "texture": "#texture" },
        "west":  { "uv": [ 5, 7.75, 5.75, 8.25 ], "texture": "#texture" },
        "east":  { "uv": [ 10.25, 7.75, 11, 8.25 ], "texture": "#texture" }
    }
},
{
    "from": [ 6, 1, -2.5 ],
    "to": [ 10, 2, -1.5 ],
    "faces": {
        "down":  { "uv": [ 9, 11.25, 7, 10.75 ], "rotation": 180, "texture": "#texture" },
        "up":    { "uv": [ 7, 10.75, 9, 11.25 ], "rotation": 180, "texture": "#texture" },
        "north": { "uv": [ 7, 7.5, 9, 8 ], "texture": "#texture" },
        "south": { "uv": [ 7, 7.5, 9, 8 ], "texture": "#texture" },
        "west":  { "uv": [ 4.75, 7.5, 5.25, 8 ], "texture": "#texture" },
        "east":  { "uv": [ 10.75, 7.5, 11.25, 8 ], "texture": "#texture" }
    }
},
{
    "from": [ 11, -0.5, 15.5 ],
    "to": [ 13.5, 0.5, 17 ],
    "faces": {
        "down":  { "uv": [ 10.75, 2.25, 9.5, 1.5 ], "rotation": 180, "texture": "#texture" },
        "up":    { "uv": [ 5.25, 1.5, 6.5, 2.25 ], "rotation": 180, "texture": "#texture" },
        "north": { "uv": [ 5.25, 8.25, 6.5, 8.75 ], "texture": "#texture" },
        "south": { "uv": [ 9.5, 8.25, 10.75, 8.75 ], "texture": "#texture" },
        "west":  { "uv": [ 13.75, 8.25, 14.5, 8.75 ], "texture": "#texture" },
        "east":  { "uv": [ 1.5, 8.25, 2.25, 8.75 ], "texture": "#texture" }
    }
},
{
    "from": [ 2.5, -0.5, 15.5 ],
    "to": [ 5, 0.5, 17 ],
    "faces": {
        "down":  { "uv": [ 6.5, 2.25, 5.25, 1.5 ], "rotation": 180, "texture": "#texture" },
        "up":    { "uv": [ 9.5, 1.5, 10.75, 2.25 ], "rotation": 180, "texture": "#texture" },
        "north": { "uv": [ 9.5, 8.25, 10.75, 8.75 ], "texture": "#texture" },
        "south": { "uv": [ 5.25, 8.25, 6.5, 8.75 ], "texture": "#texture" },
        "west":  { "uv": [ 13.75, 8.25, 14.5, 8.75 ], "texture": "#texture" },
        "east":  { "uv": [ 1.5, 8.25, 2.25, 8.75 ], "texture": "#texture" }
    }
},
{
    "from": [ 9.5, -0.5, 16.5 ],
    "to": [ 11.5, 0.5, 18 ],
    "faces": {
        "down":  { "uv": [ 9.75, 1.75, 8.75, 1 ], "rotation": 180, "texture": "#texture" },
        "up":    { "uv": [ 6.25, 1, 7.25, 1.75 ], "rotation": 180, "texture": "#texture" },
        "north": { "uv": [ 6.25, 8.25, 7.25, 8.75 ], "texture": "#texture" },
        "south": { "uv": [ 8.75, 8.25, 9.75, 8.75 ], "texture": "#texture" },
        "west":  { "uv": [ 14.25, 8.25, 15, 8.75 ], "texture": "#texture" },
        "east":  { "uv": [ 1, 8.25, 1.75, 8.75 ], "texture": "#texture" }
    }
},
{
    "from": [ 4.5, -0.5, 16.5 ],
    "to": [ 6.5, 0.5, 18 ],
    "faces": {
        "down":  { "uv": [ 7.25, 1.75, 6.25, 1 ], "rotation": 180, "texture": "#texture" },
        "up":    { "uv": [ 8.75, 1, 9.75, 1.75 ], "rotation": 180, "texture": "#texture" },
        "north": { "uv": [ 8.75, 8.25, 9.75, 8.75 ], "texture": "#texture" },
        "south": { "uv": [ 6.25, 8.25, 7.25, 8.75 ], "texture": "#texture" },
        "west":  { "uv": [ 14.25, 8.25, 15, 8.75 ], "texture": "#texture" },
        "east":  { "uv": [ 1, 8.25, 1.75, 8.75 ], "texture": "#texture" }
    }
},
{
    "from": [ 6.5, 0, 17 ],
    "to": [ 9.5, 1, 18 ],
    "faces": {
        "down":  { "uv": [ 8.75, 1.5, 7.25, 1 ], "rotation": 180, "texture": "#texture" },
        "up":    { "uv": [ 7.25, 1, 8.75, 1.5 ], "rotation": 180, "texture": "#texture" },
        "south": { "uv": [ 7.25, 8, 8.75, 8.5 ], "texture": "#texture" },
        "west":  { "uv": [ 14.5, 8, 15, 8.5 ], "texture": "#texture" },
        "east":  { "uv": [ 1, 8, 1.5, 8.5 ], "texture": "#texture" }
    }
},
{
    "from": [ 6.5, -0.5, 17.5 ],
    "to": [ 9.5, 0.5, 18.5 ],
    "faces": {
        "down":  { "uv": [ 8.75, 1.25, 7.25, 0.75 ], "rotation": 180, "texture": "#texture" },
        "up":    { "uv": [ 7.25, 0.75, 8.75, 1.25 ], "rotation": 180, "texture": "#texture" },
        "north": { "uv": [ 7.25, 8.25, 8.75, 8.75 ], "texture": "#texture" },
        "south": { "uv": [ 7.25, 8.25, 8.75, 8.75 ], "texture": "#texture" },
        "west":  { "uv": [ 14.75, 8.25, 15.25, 8.75 ], "texture": "#texture" },
        "east":  { "uv": [ 0.75, 8.25, 1.25, 8.75 ], "texture": "#texture" }
    }
},
{
    "from": [ 5, 1, 13.5 ],
    "to": [ 11, 3, 14 ],
    "faces": {
        "up":    { "uv": [ 6.5, 3, 9.5, 3.25 ], "rotation": 180, "texture": "#texture" },
        "south": { "uv": [ 6.5, 7, 9.5, 8 ], "texture": "#texture" },
        "west":  { "uv": [ 12.75, 7, 13, 8 ], "texture": "#texture" },
        "east":  { "uv": [ 3, 7, 3.25, 8 ], "texture": "#texture" }
    }
},
{
    "from": [ 6, 3, 13.5 ],
    "to": [ 10, 5, 14 ],
    "faces": {
        "up":    { "uv": [ 7, 3, 9, 3.25 ], "rotation": 180, "texture": "#texture" },
        "south": { "uv": [ 7, 6, 9, 7 ], "texture": "#texture" },
        "west":  { "uv": [ 12.75, 6, 13, 7 ], "texture": "#texture" },
        "east":  { "uv": [ 3, 6, 3.25, 7 ], "texture": "#texture" }
    }
},
{
    "from": [ 5, 1, 1.5 ],
    "to": [ 11, 3, 2 ],
    "faces": {
        "up":    { "uv": [ 6.5, 9, 9.5, 9.25 ], "rotation": 180, "texture": "#texture" },
        "north": { "uv": [ 6.5, 7, 9.5, 8 ], "texture": "#texture" },
        "west":  { "uv": [ 6.75, 7, 7, 8 ], "texture": "#texture" },
        "east":  { "uv": [ 9, 7, 9.25, 8 ], "texture": "#texture" }
    }
},
{
    "from": [ 6, 3, 1.5 ],
    "to": [ 10, 5, 2 ],
    "faces": {
        "up":    { "uv": [ 7, 9, 9, 9.25 ], "rotation": 180, "texture": "#texture" },
        "north": { "uv": [ 7, 6, 9, 7 ], "texture": "#texture" }
    }
},
{
    "from": [ 10, 1.1, 1.5 ],
    "to": [ 11.6, 5.1, 2.3 ],
    "faces": {
        "down":  { "uv": [ 5.75, 12.75, 4.75, 12.5 ], "texture": "#texture" },
        "up":    { "uv": [ 4.75, 12.5, 5.75, 12.75 ], "texture": "#texture" },
        "north": { "uv": [ 2, 12.5, 3, 15 ], "texture": "#texture" },
        "south": { "uv": [ 6.25, 13.25, 6.5, 14 ], "texture": "#texture" },
        "west":  { "uv": [ 4, 13.25, 4.25, 14.25 ], "texture": "#texture" },
        "east":  { "uv": [ 6.25, 13.25, 6.5, 14.25 ], "texture": "#texture" }
    }
},
{
    "from": [ 9.6, 1.5, 1.5 ],
    "to": [ 12, 4.7, 2.3 ],
    "faces": {
        "down":  { "uv": [ 5.75, 15, 4.75, 14.75 ], "texture": "#texture" },
        "up":    { "uv": [ 4.75, 12.5, 5.75, 12.75 ], "texture": "#texture" },
        "north": { "uv": [ 1.75, 12.75, 3.25, 14.75 ], "texture": "#texture" },
        "south": { "uv": [ 6.25, 13.25, 6.5, 14 ], "texture": "#texture" },
        "west":  { "uv": [ 4, 12.75, 4.5, 14.75 ], "texture": "#texture" },
        "east":  { "uv": [ 6.25, 13.25, 6.5, 14.25 ], "texture": "#texture" }
    }
},
{
    "from": [ 9.2, 1.9, 1.5 ],
    "to": [ 12.4, 4.3, 2.3 ],
    "faces": {
        "down":  { "uv": [ 5.75, 12.75, 4.75, 12.5 ], "texture": "#texture" },
        "up":    { "uv": [ 4.75, 12.5, 5.75, 12.75 ], "texture": "#texture" },
        "north": { "uv": [ 1.5, 13, 3.5, 14.5 ], "texture": "#texture" },
        "south": { "uv": [ 6.25, 13.25, 6.5, 14.25 ], "texture": "#texture" },
        "west":  { "uv": [ 4, 13, 4.5, 14.5 ], "texture": "#texture" },
        "east":  { "uv": [ 6.25, 13.25, 6.5, 14.25 ], "texture": "#texture" }
    }
},
{
    "from": [ 8.8, 2.3, 1.5 ],
    "to": [ 12.8, 3.9, 2.3 ],
    "faces": {
        "down":  { "uv": [ 3, 12.75, 2, 12.5 ], "texture": "#texture" },
        "up":    { "uv": [ 4.75, 12.5, 5.75, 12.75 ], "texture": "#texture" },
        "north": { "uv": [ 1.25, 13.25, 3.75, 14.25 ], "texture": "#texture" },
        "south": { "uv": [ 6.25, 13.25, 6.5, 14.25 ], "texture": "#texture" },
        "west":  { "uv": [ 4, 13.25, 4.25, 14.25 ], "texture": "#texture" },
        "east":  { "uv": [ 6.25, 13.25, 6.5, 14.25 ], "texture": "#texture" }
    }
},
{
    "from": [ 9.6, 1.525, 1.125 ],
    "to": [ 10, 4.725, 1.525 ],
    "faces": {
        "down":  { "uv": [ 5.5, 12.75, 5.25, 12.5 ], "texture": "#texture" },
        "up":    { "uv": [ 5.25, 12.5, 5.5, 12.75 ], "texture": "#texture" },
        "north": { "uv": [ 3, 12.75, 3.25, 14.75 ], "texture": "#texture" },
        "south": { "uv": [ 10, 12.75, 10.25, 14.75 ], "texture": "#texture" },
        "west":  { "uv": [ 3.5, 13.25, 3.75, 14.25 ], "texture": "#texture" },
        "east":  { "uv": [ 3, 12.75, 3.25, 14.75 ], "texture": "#texture" }
    }
},
{
    "from": [ 9.2, 1.8, 1.15 ],
    "to": [ 9.6, 4.3, 1.65 ],
    "faces": {
        "down":  { "uv": [ 6.5, 14.25, 6.25, 13.25 ], "texture": "#texture" },
        "up":    { "uv": [ 3.5, 13.25, 3.75, 14.25 ], "texture": "#texture" },
        "north": { "uv": [ 3.25, 13, 3.5, 14.5 ], "texture": "#texture" },
        "south": { "uv": [ 12.5, 13, 12.75, 14.5 ], "texture": "#texture" },
        "west":  { "uv": [ 4, 13.25, 4.25, 14.25 ], "texture": "#texture" },
        "east":  { "uv": [ 5, 12.75, 5.5, 13.75 ], "texture": "#texture" }
    }
},
{
    "from": [ 9.85, 1.15, 1.15 ],
    "to": [ 11.6, 3.15, 1.65 ],
    "faces": {
        "down":  { "uv": [ 5.375, 15, 5.125, 14.75 ], "texture": "#texture" },
        "up":    { "uv": [ 5.25, 12.75, 5.5, 13 ], "texture": "#texture" },
        "north": { "uv": [ 2, 13.75, 3, 15 ], "texture": "#texture" },
        "south": { "uv": [ 6.25, 13.25, 6.5, 14.25 ], "texture": "#texture" },
        "west":  { "uv": [ 3.5, 13.25, 3.75, 14.25 ], "texture": "#texture" },
        "east":  { "uv": [ 2, 13.75, 2.5, 15 ], "texture": "#texture" }
    }
},
{
    "from": [ 8.71, 2.15, 1.15 ],
    "to": [ 9.21, 3.9, 1.65 ],
    "faces": {
        "down":  { "uv": [ 5.375, 15, 5.125, 14.75 ], "texture": "#texture" },
        "up":    { "uv": [ 5.25, 12.5, 5.5, 12.75 ], "texture": "#texture" },
        "north": { "uv": [ 3.5, 13.25, 3.75, 14.25 ], "texture": "#texture" },
        "south": { "uv": [ 12.5, 13, 12.75, 14.5 ], "texture": "#texture" },
        "west":  { "uv": [ 3.5, 13.25, 3.75, 14.25 ], "texture": "#texture" },
        "east":  { "uv": [ 5.125, 12.75, 5.5, 13.75 ], "texture": "#texture" }
    }
},
{
    "from": [ 4, 1.5, 1.5 ],
    "to": [ 6.4, 4.7, 2.3 ],
    "faces": {
        "down":  { "uv": [ 5.75, 15, 4.75, 14.75 ], "texture": "#texture" },
        "up":    { "uv": [ 4.75, 12.5, 5.75, 12.75 ], "texture": "#texture" },
        "north": { "uv": [ 4.5, 12.75, 6, 14.75 ], "texture": "#texture" },
        "south": { "uv": [ 6.25, 13.25, 6.5, 14 ], "texture": "#texture" },
        "west":  { "uv": [ 4, 13.25, 4.25, 14.25 ], "texture": "#texture" },
        "east":  { "uv": [ 6.25, 13.25, 6.5, 14.25 ], "texture": "#texture" }
    }
},
{
    "from": [ 4.4, 1.1, 1.5 ],
    "to": [ 6, 5.1, 2.3 ],
    "faces": {
        "down":  { "uv": [ 5.75, 12.75, 4.75, 12.5 ], "texture": "#texture" },
        "up":    { "uv": [ 4.75, 12.5, 5.75, 12.75 ], "texture": "#texture" },
        "north": { "uv": [ 4.75, 12.5, 5.75, 15 ], "texture": "#texture" },
        "south": { "uv": [ 6.25, 13.25, 6.5, 14 ], "texture": "#texture" },
        "west":  { "uv": [ 4, 13.25, 4.25, 14.25 ], "texture": "#texture" },
        "east":  { "uv": [ 6.25, 13.25, 6.5, 14.25 ], "texture": "#texture" }
    }
},
{
    "from": [ 3.6, 1.9, 1.5 ],
    "to": [ 6.8, 4.3, 2.3 ],
    "faces": {
        "down":  { "uv": [ 5.75, 12.75, 4.75, 12.5 ], "texture": "#texture" },
        "up":    { "uv": [ 4.75, 12.5, 5.75, 12.75 ], "texture": "#texture" },
        "north": { "uv": [ 4.25, 13, 6.25, 14.5 ], "texture": "#texture" },
        "south": { "uv": [ 6.25, 13.25, 6.5, 14.25 ], "texture": "#texture" },
        "west":  { "uv": [ 4, 13.25, 4.25, 14.25 ], "texture": "#texture" },
        "east":  { "uv": [ 6.25, 13.25, 6.5, 14.25 ], "texture": "#texture" }
    }
},
{
    "from": [ 3.2, 2.3, 1.5 ],
    "to": [ 7.2, 3.9, 2.3 ],
    "faces": {
        "down":  { "uv": [ 3, 12.75, 2, 12.5 ], "texture": "#texture" },
        "up":    { "uv": [ 4.75, 12.5, 5.75, 12.75 ], "texture": "#texture" },
        "north": { "uv": [ 4, 13.25, 6.5, 14.25 ], "texture": "#texture" },
        "south": { "uv": [ 6.25, 13.25, 6.5, 14.25 ], "texture": "#texture" },
        "west":  { "uv": [ 4, 13.25, 4.25, 14.25 ], "texture": "#texture" },
        "east":  { "uv": [ 6.25, 13.25, 6.5, 14.25 ], "texture": "#texture" }
    }
},
{
    "from": [ 4.25, 1.15, 1.15 ],
    "to": [ 6, 3.15, 1.65 ],
    "faces": {
        "down":  { "uv": [ 5.375, 15, 5.125, 14.75 ], "texture": "#texture" },
        "up":    { "uv": [ 5.25, 12.75, 5.5, 13 ], "texture": "#texture" },
        "north": { "uv": [ 4.75, 13.75, 5.75, 15 ], "texture": "#texture" },
        "south": { "uv": [ 6.25, 13.25, 6.5, 14.25 ], "texture": "#texture" },
        "west":  { "uv": [ 3.5, 13.25, 3.75, 14.25 ], "texture": "#texture" },
        "east":  { "uv": [ 2, 13.75, 2.5, 15 ], "texture": "#texture" }
    }
},
{
    "from": [ 6, 1.525, 1.125 ],
    "to": [ 6.4, 4.725, 1.525 ],
    "faces": {
        "down":  { "uv": [ 5.5, 12.75, 5.25, 12.5 ], "texture": "#texture" },
        "up":    { "uv": [ 5.25, 12.5, 5.5, 12.75 ], "texture": "#texture" },
        "north": { "uv": [ 4.5, 12.75, 4.75, 14.75 ], "texture": "#texture" },
        "south": { "uv": [ 8.5, 12.75, 8.75, 14.75 ], "texture": "#texture" },
        "west":  { "uv": [ 4.5, 12.75, 4.75, 14.75 ], "texture": "#texture" },
        "east":  { "uv": [ 4.5, 12.75, 4.75, 14.5 ], "texture": "#texture" }
    }
},
{
    "from": [ 6.4, 1.8, 1.15 ],
    "to": [ 6.8, 4.3, 1.65 ],
    "faces": {
        "down":  { "uv": [ 6.5, 14.25, 6.25, 13.25 ], "texture": "#texture" },
        "up":    { "uv": [ 3.5, 13.25, 3.75, 14.25 ], "texture": "#texture" },
        "north": { "uv": [ 4.25, 13, 4.5, 14.5 ], "texture": "#texture" },
        "south": { "uv": [ 4, 13.25, 4.25, 14.25 ], "texture": "#texture" },
        "west":  { "uv": [ 4.25, 13, 4.5, 14.5 ], "texture": "#texture" },
        "east":  { "uv": [ 6.25, 13.25, 6.5, 14.25 ], "texture": "#texture" }
    }
},
{
    "from": [ 6.81, 2.15, 1.15 ],
    "to": [ 7.31, 3.9, 1.65 ],
    "faces": {
        "down":  { "uv": [ 5.375, 15, 5.125, 14.75 ], "texture": "#texture" },
        "up":    { "uv": [ 5.25, 12.5, 5.5, 12.75 ], "texture": "#texture" },
        "north": { "uv": [ 3.5, 13.25, 3.75, 14.25 ], "texture": "#texture" },
        "south": { "uv": [ 12.5, 13, 12.75, 14.5 ], "texture": "#texture" },
        "west":  { "uv": [ 3.5, 13.25, 3.75, 14.25 ], "texture": "#texture" },
        "east":  { "uv": [ 3.5, 13.25, 3.75, 14.25 ], "texture": "#texture" }
    }
},
{
    "from": [ 7.5, 1.85, 1 ],
    "to": [ 8.5, 2.85, 1.5 ],
    "faces": {
        "down":  { "uv": [ 8.25, 13.625, 7.75, 13.375 ], "texture": "#texture" },
        "up":    { "uv": [ 7.75, 13.375, 8.25, 13.625 ], "texture": "#texture" },
        "north": { "uv": [ 7.75, 13.25, 8.25, 13.75 ], "texture": "#texture" },
        "west":  { "uv": [ 7.875, 13.375, 8.125, 13.875 ], "texture": "#texture" },
        "east":  { "uv": [ 7.75, 13.375, 8, 13.875 ], "texture": "#texture" }
    }
},
{
    "from": [ 7.25, 2.1, 1 ],
    "to": [ 8.75, 2.6, 1.5 ],
    "faces": {
        "down":  { "uv": [ 8.375, 13.5, 7.625, 13.25 ], "texture": "#texture" },
        "up":    { "uv": [ 7.625, 13.5, 8.375, 13.75 ], "texture": "#texture" },
        "north": { "uv": [ 7.625, 13.5, 8.375, 13.75 ], "texture": "#texture" },
        "west":  { "uv": [ 7.875, 13.25, 8.125, 13.5 ], "texture": "#texture" },
        "east":  { "uv": [ 8, 13.5, 8.25, 13.75 ], "texture": "#texture" }
    }
},
{
    "from": [ 7.5, 2.1, 0.75 ],
    "to": [ 8.5, 2.6, 1.25 ],
    "faces": {
        "down":  { "uv": [ 8.375, 13.5, 7.625, 13.25 ], "texture": "#texture" },
        "up":    { "uv": [ 7.625, 13.5, 8.375, 13.75 ], "texture": "#texture" },
        "north": { "uv": [ 7.625, 13.5, 8.375, 13.75 ], "texture": "#texture" },
        "south": { "uv": [ 7.625, 13.5, 8.375, 13.75 ], "texture": "#texture" },
        "west":  { "uv": [ 7.875, 13.25, 8.125, 13.5 ], "texture": "#texture" },
        "east":  { "uv": [ 8, 13.5, 8.25, 13.75 ], "texture": "#texture" }
    }
},
{
    "from": [ 12.75, 1.7, 1.7 ],
    "to": [ 13.25, 2.2, 2.7 ],
    "faces": {
        "down":  { "uv": [ 8.125, 13.75, 7.875, 13.25 ], "texture": "#texture" },
        "up":    { "uv": [ 8, 13.375, 8.25, 13.875 ], "texture": "#texture" },
        "north": { "uv": [ 7.875, 13.375, 8.125, 13.625 ], "texture": "#texture" },
        "south": { "uv": [ 8, 13.375, 8.25, 13.625 ], "texture": "#texture" },
        "west":  { "uv": [ 7.75, 13.5, 8.25, 13.75 ], "texture": "#texture" },
        "east":  { "uv": [ 7.75, 13.5, 8.25, 13.75 ], "texture": "#texture" }
    }
},
{
    "from": [ 12.75, 1.45, 1.95 ],
    "to": [ 13.25, 2.45, 2.45 ],
    "faces": {
        "down":  { "uv": [ 8, 13.625, 7.75, 13.375 ], "texture": "#texture" },
        "up":    { "uv": [ 7.875, 13.375, 8.125, 13.625 ], "texture": "#texture" },
        "north": { "uv": [ 7.875, 13.25, 8.125, 13.75 ], "texture": "#texture" },
        "south": { "uv": [ 7.875, 13.25, 8.125, 13.75 ], "texture": "#texture" },
        "west":  { "uv": [ 7.875, 13.25, 8.125, 13.75 ], "texture": "#texture" },
        "east":  { "uv": [ 8, 13.25, 8.25, 13.75 ], "texture": "#texture" }
    }
},
{
    "from": [ 12.5, 1.7, 1.95 ],
    "to": [ 13.5, 2.2, 2.45 ],
    "faces": {
        "down":  { "uv": [ 8, 13.625, 7.75, 13.375 ], "texture": "#texture" },
        "up":    { "uv": [ 7.875, 13.375, 8.125, 13.625 ], "texture": "#texture" },
        "north": { "uv": [ 7.875, 13.25, 8.125, 13.75 ], "texture": "#texture" },
        "south": { "uv": [ 7.875, 13.25, 8.125, 13.75 ], "texture": "#texture" },
        "west":  { "uv": [ 7.875, 13.25, 8.125, 13.75 ], "texture": "#texture" },
        "east":  { "uv": [ 8, 13.25, 8.25, 13.75 ], "texture": "#texture" }
    }
},
{
    "from": [ 12.95, 1.26, 2.6 ],
    "to": [ 13.45, 1.76, 3.6 ],
    "faces": {
        "down":  { "uv": [ 8.125, 13.75, 7.875, 13.25 ], "texture": "#texture" },
        "up":    { "uv": [ 8, 13.375, 8.25, 13.875 ], "texture": "#texture" },
        "north": { "uv": [ 7.875, 13.375, 8.125, 13.625 ], "texture": "#texture" },
        "south": { "uv": [ 8, 13.375, 8.25, 13.625 ], "texture": "#texture" },
        "west":  { "uv": [ 7.75, 13.5, 8.25, 13.75 ], "texture": "#texture" },
        "east":  { "uv": [ 7.75, 13.5, 8.25, 13.75 ], "texture": "#texture" }
    }
},
{
    "from": [ 12.95, 1.01, 2.85 ],
    "to": [ 13.45, 2.01, 3.35 ],
    "faces": {
        "down":  { "uv": [ 8, 13.625, 7.75, 13.375 ], "texture": "#texture" },
        "up":    { "uv": [ 7.875, 13.375, 8.125, 13.625 ], "texture": "#texture" },
        "north": { "uv": [ 7.875, 13.25, 8.125, 13.75 ], "texture": "#texture" },
        "south": { "uv": [ 7.875, 13.25, 8.125, 13.75 ], "texture": "#texture" },
        "west":  { "uv": [ 7.875, 13.25, 8.125, 13.75 ], "texture": "#texture" },
        "east":  { "uv": [ 8, 13.25, 8.25, 13.75 ], "texture": "#texture" }
    }
},
{
    "from": [ 12.7, 1.26, 2.85 ],
    "to": [ 13.7, 1.76, 3.35 ],
    "faces": {
        "down":  { "uv": [ 8, 13.625, 7.75, 13.375 ], "texture": "#texture" },
        "up":    { "uv": [ 7.875, 13.375, 8.125, 13.625 ], "texture": "#texture" },
        "north": { "uv": [ 7.875, 13.25, 8.125, 13.75 ], "texture": "#texture" },
        "south": { "uv": [ 7.875, 13.25, 8.125, 13.75 ], "texture": "#texture" },
        "west":  { "uv": [ 7.875, 13.25, 8.125, 13.75 ], "texture": "#texture" },
        "east":  { "uv": [ 8, 13.25, 8.25, 13.75 ], "texture": "#texture" }
    }
},
{
    "from": [ 14.25, 1.26, 4.2 ],
    "to": [ 14.75, 1.76, 5.2 ],
    "faces": {
        "down":  { "uv": [ 8.125, 13.75, 7.875, 13.25 ], "texture": "#texture" },
        "up":    { "uv": [ 8, 13.375, 8.25, 13.875 ], "texture": "#texture" },
        "north": { "uv": [ 7.875, 13.375, 8.125, 13.625 ], "texture": "#texture" },
        "south": { "uv": [ 8, 13.375, 8.25, 13.625 ], "texture": "#texture" },
        "west":  { "uv": [ 7.75, 13.5, 8.25, 13.75 ], "texture": "#texture" },
        "east":  { "uv": [ 7.75, 13.5, 8.25, 13.75 ], "texture": "#texture" }
    }
},
{
    "from": [ 14.25, 1.01, 4.45 ],
    "to": [ 14.75, 2.01, 4.95 ],
    "faces": {
        "down":  { "uv": [ 8, 13.625, 7.75, 13.375 ], "texture": "#texture" },
        "up":    { "uv": [ 7.875, 13.375, 8.125, 13.625 ], "texture": "#texture" },
        "north": { "uv": [ 7.875, 13.25, 8.125, 13.75 ], "texture": "#texture" },
        "south": { "uv": [ 7.875, 13.25, 8.125, 13.75 ], "texture": "#texture" },
        "west":  { "uv": [ 7.875, 13.25, 8.125, 13.75 ], "texture": "#texture" },
        "east":  { "uv": [ 8, 13.25, 8.25, 13.75 ], "texture": "#texture" }
    }
},
{
    "from": [ 14, 1.26, 4.45 ],
    "to": [ 15, 1.76, 4.95 ],
    "faces": {
        "down":  { "uv": [ 8, 13.625, 7.75, 13.375 ], "texture": "#texture" },
        "up":    { "uv": [ 7.875, 13.375, 8.125, 13.625 ], "texture": "#texture" },
        "north": { "uv": [ 7.875, 13.25, 8.125, 13.75 ], "texture": "#texture" },
        "south": { "uv": [ 7.875, 13.25, 8.125, 13.75 ], "texture": "#texture" },
        "west":  { "uv": [ 7.875, 13.25, 8.125, 13.75 ], "texture": "#texture" },
        "east":  { "uv": [ 8, 13.25, 8.25, 13.75 ], "texture": "#texture" }
    }
},
{
    "from": [ 13.35, 1.26, 3.6 ],
    "to": [ 13.85, 1.76, 4.6 ],
    "faces": {
        "down":  { "uv": [ 8.125, 13.75, 7.875, 13.25 ], "texture": "#texture" },
        "up":    { "uv": [ 8, 13.375, 8.25, 13.875 ], "texture": "#texture" },
        "north": { "uv": [ 7.875, 13.375, 8.125, 13.625 ], "texture": "#texture" },
        "south": { "uv": [ 8, 13.375, 8.25, 13.625 ], "texture": "#texture" },
        "west":  { "uv": [ 7.75, 13.5, 8.25, 13.75 ], "texture": "#texture" },
        "east":  { "uv": [ 7.75, 13.5, 8.25, 13.75 ], "texture": "#texture" }
    }
},
{
    "from": [ 13.35, 1.01, 3.85 ],
    "to": [ 13.85, 2.01, 4.35 ],
    "faces": {
        "down":  { "uv": [ 8, 13.625, 7.75, 13.375 ], "texture": "#texture" },
        "up":    { "uv": [ 7.875, 13.375, 8.125, 13.625 ], "texture": "#texture" },
        "north": { "uv": [ 7.875, 13.25, 8.125, 13.75 ], "texture": "#texture" },
        "south": { "uv": [ 7.875, 13.25, 8.125, 13.75 ], "texture": "#texture" },
        "west":  { "uv": [ 7.875, 13.25, 8.125, 13.75 ], "texture": "#texture" },
        "east":  { "uv": [ 8, 13.25, 8.25, 13.75 ], "texture": "#texture" }
    }
},
{
    "from": [ 13.1, 1.26, 3.85 ],
    "to": [ 14.1, 1.76, 4.35 ],
    "faces": {
        "down":  { "uv": [ 8, 13.625, 7.75, 13.375 ], "texture": "#texture" },
        "up":    { "uv": [ 7.875, 13.375, 8.125, 13.625 ], "texture": "#texture" },
        "north": { "uv": [ 7.875, 13.25, 8.125, 13.75 ], "texture": "#texture" },
        "south": { "uv": [ 7.875, 13.25, 8.125, 13.75 ], "texture": "#texture" },
        "west":  { "uv": [ 7.875, 13.25, 8.125, 13.75 ], "texture": "#texture" },
        "east":  { "uv": [ 8, 13.25, 8.25, 13.75 ], "texture": "#texture" }
    }
},
{
    "from": [ 14.25, 1.26, 5.4 ],
    "to": [ 14.75, 1.76, 6.4 ],
    "faces": {
        "down":  { "uv": [ 8.125, 13.75, 7.875, 13.25 ], "texture": "#texture" },
        "up":    { "uv": [ 8, 13.375, 8.25, 13.875 ], "texture": "#texture" },
        "north": { "uv": [ 7.875, 13.375, 8.125, 13.625 ], "texture": "#texture" },
        "south": { "uv": [ 8, 13.375, 8.25, 13.625 ], "texture": "#texture" },
        "west":  { "uv": [ 7.75, 13.5, 8.25, 13.75 ], "texture": "#texture" },
        "east":  { "uv": [ 7.75, 13.5, 8.25, 13.75 ], "texture": "#texture" }
    }
},
{
    "from": [ 14.25, 1.01, 5.65 ],
    "to": [ 14.75, 2.01, 6.15 ],
    "faces": {
        "down":  { "uv": [ 8, 13.625, 7.75, 13.375 ], "texture": "#texture" },
        "up":    { "uv": [ 7.875, 13.375, 8.125, 13.625 ], "texture": "#texture" },
        "north": { "uv": [ 7.875, 13.25, 8.125, 13.75 ], "texture": "#texture" },
        "south": { "uv": [ 7.875, 13.25, 8.125, 13.75 ], "texture": "#texture" },
        "west":  { "uv": [ 7.875, 13.25, 8.125, 13.75 ], "texture": "#texture" },
        "east":  { "uv": [ 8, 13.25, 8.25, 13.75 ], "texture": "#texture" }
    }
},
{
    "from": [ 14, 1.26, 5.65 ],
    "to": [ 15, 1.76, 6.15 ],
    "faces": {
        "down":  { "uv": [ 8, 13.625, 7.75, 13.375 ], "texture": "#texture" },
        "up":    { "uv": [ 7.875, 13.375, 8.125, 13.625 ], "texture": "#texture" },
        "north": { "uv": [ 7.875, 13.25, 8.125, 13.75 ], "texture": "#texture" },
        "south": { "uv": [ 7.875, 13.25, 8.125, 13.75 ], "texture": "#texture" },
        "east":  { "uv": [ 8, 13.25, 8.25, 13.75 ], "texture": "#texture" }
    }
},
{
    "from": [ 14.25, 1.26, 6.6 ],
    "to": [ 14.75, 1.76, 7.6 ],
    "faces": {
        "down":  { "uv": [ 8.125, 13.75, 7.875, 13.25 ], "texture": "#texture" },
        "up":    { "uv": [ 8, 13.375, 8.25, 13.875 ], "texture": "#texture" },
        "north": { "uv": [ 7.875, 13.375, 8.125, 13.625 ], "texture": "#texture" },
        "south": { "uv": [ 8, 13.375, 8.25, 13.625 ], "texture": "#texture" },
        "west":  { "uv": [ 7.75, 13.5, 8.25, 13.75 ], "texture": "#texture" },
        "east":  { "uv": [ 7.75, 13.5, 8.25, 13.75 ], "texture": "#texture" }
    }
},
{
    "from": [ 14.25, 1.01, 6.85 ],
    "to": [ 14.75, 2.01, 7.35 ],
    "faces": {
        "down":  { "uv": [ 8, 13.625, 7.75, 13.375 ], "texture": "#texture" },
        "up":    { "uv": [ 7.875, 13.375, 8.125, 13.625 ], "texture": "#texture" },
        "north": { "uv": [ 7.875, 13.25, 8.125, 13.75 ], "texture": "#texture" },
        "south": { "uv": [ 7.875, 13.25, 8.125, 13.75 ], "texture": "#texture" },
        "west":  { "uv": [ 7.875, 13.25, 8.125, 13.75 ], "texture": "#texture" },
        "east":  { "uv": [ 8, 13.25, 8.25, 13.75 ], "texture": "#texture" }
    }
},
{
    "from": [ 14, 1.26, 6.85 ],
    "to": [ 15, 1.76, 7.35 ],
    "faces": {
        "down":  { "uv": [ 8, 13.625, 7.75, 13.375 ], "texture": "#texture" },
        "up":    { "uv": [ 7.875, 13.375, 8.125, 13.625 ], "texture": "#texture" },
        "north": { "uv": [ 7.875, 13.25, 8.125, 13.75 ], "texture": "#texture" },
        "south": { "uv": [ 7.875, 13.25, 8.125, 13.75 ], "texture": "#texture" },
        "east":  { "uv": [ 8, 13.25, 8.25, 13.75 ], "texture": "#texture" }
    }
},
{
    "from": [ 14.25, 1.26, 7.8 ],
    "to": [ 14.75, 1.76, 8.8 ],
    "faces": {
        "down":  { "uv": [ 8.125, 13.75, 7.875, 13.25 ], "texture": "#texture" },
        "up":    { "uv": [ 8, 13.375, 8.25, 13.875 ], "texture": "#texture" },
        "north": { "uv": [ 7.875, 13.375, 8.125, 13.625 ], "texture": "#texture" },
        "south": { "uv": [ 8, 13.375, 8.25, 13.625 ], "texture": "#texture" },
        "west":  { "uv": [ 7.75, 13.5, 8.25, 13.75 ], "texture": "#texture" },
        "east":  { "uv": [ 7.75, 13.5, 8.25, 13.75 ], "texture": "#texture" }
    }
},
{
    "from": [ 14.25, 1.01, 8.05 ],
    "to": [ 14.75, 2.01, 8.55 ],
    "faces": {
        "down":  { "uv": [ 8, 13.625, 7.75, 13.375 ], "texture": "#texture" },
        "up":    { "uv": [ 7.875, 13.375, 8.125, 13.625 ], "texture": "#texture" },
        "north": { "uv": [ 7.875, 13.25, 8.125, 13.75 ], "texture": "#texture" },
        "south": { "uv": [ 7.875, 13.25, 8.125, 13.75 ], "texture": "#texture" },
        "west":  { "uv": [ 7.875, 13.25, 8.125, 13.75 ], "texture": "#texture" },
        "east":  { "uv": [ 8, 13.25, 8.25, 13.75 ], "texture": "#texture" }
    }
},
{
    "from": [ 14, 1.26, 8.05 ],
    "to": [ 15, 1.76, 8.55 ],
    "faces": {
        "down":  { "uv": [ 8, 13.625, 7.75, 13.375 ], "texture": "#texture" },
        "up":    { "uv": [ 7.875, 13.375, 8.125, 13.625 ], "texture": "#texture" },
        "north": { "uv": [ 7.875, 13.25, 8.125, 13.75 ], "texture": "#texture" },
        "south": { "uv": [ 7.875, 13.25, 8.125, 13.75 ], "texture": "#texture" },
        "east":  { "uv": [ 8, 13.25, 8.25, 13.75 ], "texture": "#texture" }
    }
},
{
    "from": [ 14.25, 1.26, 9 ],
    "to": [ 14.75, 1.76, 10 ],
    "faces": {
        "down":  { "uv": [ 8.125, 13.75, 7.875, 13.25 ], "texture": "#texture" },
        "up":    { "uv": [ 8, 13.375, 8.25, 13.875 ], "texture": "#texture" },
        "north": { "uv": [ 7.875, 13.375, 8.125, 13.625 ], "texture": "#texture" },
        "south": { "uv": [ 8, 13.375, 8.25, 13.625 ], "texture": "#texture" },
        "west":  { "uv": [ 7.75, 13.5, 8.25, 13.75 ], "texture": "#texture" },
        "east":  { "uv": [ 7.75, 13.5, 8.25, 13.75 ], "texture": "#texture" }
    }
},
{
    "from": [ 14.25, 1.01, 9.25 ],
    "to": [ 14.75, 2.01, 9.75 ],
    "faces": {
        "down":  { "uv": [ 8, 13.625, 7.75, 13.375 ], "texture": "#texture" },
        "up":    { "uv": [ 7.875, 13.375, 8.125, 13.625 ], "texture": "#texture" },
        "north": { "uv": [ 7.875, 13.25, 8.125, 13.75 ], "texture": "#texture" },
        "south": { "uv": [ 7.875, 13.25, 8.125, 13.75 ], "texture": "#texture" },
        "west":  { "uv": [ 7.875, 13.25, 8.125, 13.75 ], "texture": "#texture" },
        "east":  { "uv": [ 8, 13.25, 8.25, 13.75 ], "texture": "#texture" }
    }
},
{
    "from": [ 14, 1.26, 9.25 ],
    "to": [ 15, 1.76, 9.75 ],
    "faces": {
        "down":  { "uv": [ 8, 13.625, 7.75, 13.375 ], "texture": "#texture" },
        "up":    { "uv": [ 7.875, 13.375, 8.125, 13.625 ], "texture": "#texture" },
        "north": { "uv": [ 7.875, 13.25, 8.125, 13.75 ], "texture": "#texture" },
        "south": { "uv": [ 7.875, 13.25, 8.125, 13.75 ], "texture": "#texture" },
        "east":  { "uv": [ 8, 13.25, 8.25, 13.75 ], "texture": "#texture" }
    }
},
{
    "from": [ 14.25, 1.26, 10.2 ],
    "to": [ 14.75, 1.76, 11.2 ],
    "faces": {
        "down":  { "uv": [ 8.125, 13.75, 7.875, 13.25 ], "texture": "#texture" },
        "up":    { "uv": [ 8, 13.375, 8.25, 13.875 ], "texture": "#texture" },
        "north": { "uv": [ 7.875, 13.375, 8.125, 13.625 ], "texture": "#texture" },
        "south": { "uv": [ 8, 13.375, 8.25, 13.625 ], "texture": "#texture" },
        "west":  { "uv": [ 7.75, 13.5, 8.25, 13.75 ], "texture": "#texture" },
        "east":  { "uv": [ 7.75, 13.5, 8.25, 13.75 ], "texture": "#texture" }
    }
},
{
    "from": [ 14.25, 1.01, 10.45 ],
    "to": [ 14.75, 2.01, 10.95 ],
    "faces": {
        "down":  { "uv": [ 8, 13.625, 7.75, 13.375 ], "texture": "#texture" },
        "up":    { "uv": [ 7.875, 13.375, 8.125, 13.625 ], "texture": "#texture" },
        "north": { "uv": [ 7.875, 13.25, 8.125, 13.75 ], "texture": "#texture" },
        "south": { "uv": [ 7.875, 13.25, 8.125, 13.75 ], "texture": "#texture" },
        "west":  { "uv": [ 7.875, 13.25, 8.125, 13.75 ], "texture": "#texture" },
        "east":  { "uv": [ 8, 13.25, 8.25, 13.75 ], "texture": "#texture" }
    }
},
{
    "from": [ 14, 1.26, 10.45 ],
    "to": [ 15, 1.76, 10.95 ],
    "faces": {
        "down":  { "uv": [ 8, 13.625, 7.75, 13.375 ], "texture": "#texture" },
        "up":    { "uv": [ 7.875, 13.375, 8.125, 13.625 ], "texture": "#texture" },
        "north": { "uv": [ 7.875, 13.25, 8.125, 13.75 ], "texture": "#texture" },
        "south": { "uv": [ 7.875, 13.25, 8.125, 13.75 ], "texture": "#texture" },
        "east":  { "uv": [ 8, 13.25, 8.25, 13.75 ], "texture": "#texture" }
    }
},
{
    "from": [ 14.25, 1.26, 11.4 ],
    "to": [ 14.75, 1.76, 12.4 ],
    "faces": {
        "down":  { "uv": [ 8.125, 13.75, 7.875, 13.25 ], "texture": "#texture" },
        "up":    { "uv": [ 8, 13.375, 8.25, 13.875 ], "texture": "#texture" },
        "north": { "uv": [ 7.875, 13.375, 8.125, 13.625 ], "texture": "#texture" },
        "south": { "uv": [ 8, 13.375, 8.25, 13.625 ], "texture": "#texture" },
        "west":  { "uv": [ 7.75, 13.5, 8.25, 13.75 ], "texture": "#texture" },
        "east":  { "uv": [ 7.75, 13.5, 8.25, 13.75 ], "texture": "#texture" }
    }
},
{
    "from": [ 14.25, 1.01, 11.65 ],
    "to": [ 14.75, 2.01, 12.15 ],
    "faces": {
        "down":  { "uv": [ 8, 13.625, 7.75, 13.375 ], "texture": "#texture" },
        "up":    { "uv": [ 7.875, 13.375, 8.125, 13.625 ], "texture": "#texture" },
        "north": { "uv": [ 7.875, 13.25, 8.125, 13.75 ], "texture": "#texture" },
        "south": { "uv": [ 7.875, 13.25, 8.125, 13.75 ], "texture": "#texture" },
        "west":  { "uv": [ 7.875, 13.25, 8.125, 13.75 ], "texture": "#texture" },
        "east":  { "uv": [ 8, 13.25, 8.25, 13.75 ], "texture": "#texture" }
    }
},
{
    "from": [ 14, 1.26, 11.65 ],
    "to": [ 15, 1.76, 12.15 ],
    "faces": {
        "down":  { "uv": [ 8, 13.625, 7.75, 13.375 ], "texture": "#texture" },
        "up":    { "uv": [ 7.875, 13.375, 8.125, 13.625 ], "texture": "#texture" },
        "north": { "uv": [ 7.875, 13.25, 8.125, 13.75 ], "texture": "#texture" },
        "south": { "uv": [ 7.875, 13.25, 8.125, 13.75 ], "texture": "#texture" },
        "west":  { "uv": [ 7.875, 13.25, 8.125, 13.75 ], "texture": "#texture" },
        "east":  { "uv": [ 8, 13.25, 8.25, 13.75 ], "texture": "#texture" }
    }
},
{
    "from": [ 13.35, 1.26, 12.4 ],
    "to": [ 13.85, 1.76, 13.4 ],
    "faces": {
        "down":  { "uv": [ 8.125, 13.75, 7.875, 13.25 ], "texture": "#texture" },
        "up":    { "uv": [ 8, 13.375, 8.25, 13.875 ], "texture": "#texture" },
        "north": { "uv": [ 7.875, 13.375, 8.125, 13.625 ], "texture": "#texture" },
        "south": { "uv": [ 8, 13.375, 8.25, 13.625 ], "texture": "#texture" },
        "west":  { "uv": [ 7.75, 13.5, 8.25, 13.75 ], "texture": "#texture" },
        "east":  { "uv": [ 7.75, 13.5, 8.25, 13.75 ], "texture": "#texture" }
    }
},
{
    "from": [ 13.35, 1.01, 12.65 ],
    "to": [ 13.85, 2.01, 13.15 ],
    "faces": {
        "down":  { "uv": [ 8, 13.625, 7.75, 13.375 ], "texture": "#texture" },
        "up":    { "uv": [ 7.875, 13.375, 8.125, 13.625 ], "texture": "#texture" },
        "north": { "uv": [ 7.875, 13.25, 8.125, 13.75 ], "texture": "#texture" },
        "south": { "uv": [ 7.875, 13.25, 8.125, 13.75 ], "texture": "#texture" },
        "west":  { "uv": [ 7.875, 13.25, 8.125, 13.75 ], "texture": "#texture" },
        "east":  { "uv": [ 8, 13.25, 8.25, 13.75 ], "texture": "#texture" }
    }
},
{
    "from": [ 13.1, 1.26, 12.65 ],
    "to": [ 14.1, 1.76, 13.15 ],
    "faces": {
        "down":  { "uv": [ 8, 13.625, 7.75, 13.375 ], "texture": "#texture" },
        "up":    { "uv": [ 7.875, 13.375, 8.125, 13.625 ], "texture": "#texture" },
        "north": { "uv": [ 7.875, 13.25, 8.125, 13.75 ], "texture": "#texture" },
        "south": { "uv": [ 7.875, 13.25, 8.125, 13.75 ], "texture": "#texture" },
        "west":  { "uv": [ 7.875, 13.25, 8.125, 13.75 ], "texture": "#texture" },
        "east":  { "uv": [ 8, 13.25, 8.25, 13.75 ], "texture": "#texture" }
    }
},
{
    "from": [ 12.35, 1.26, 13.6 ],
    "to": [ 12.85, 1.76, 14.6 ],
    "faces": {
        "down":  { "uv": [ 8.125, 13.75, 7.875, 13.25 ], "texture": "#texture" },
        "up":    { "uv": [ 8, 13.375, 8.25, 13.875 ], "texture": "#texture" },
        "north": { "uv": [ 7.875, 13.375, 8.125, 13.625 ], "texture": "#texture" },
        "south": { "uv": [ 8, 13.375, 8.25, 13.625 ], "texture": "#texture" },
        "west":  { "uv": [ 7.75, 13.5, 8.25, 13.75 ], "texture": "#texture" },
        "east":  { "uv": [ 7.75, 13.5, 8.25, 13.75 ], "texture": "#texture" }
    }
},
{
    "from": [ 12.35, 1.01, 13.85 ],
    "to": [ 12.85, 2.01, 14.35 ],
    "faces": {
        "down":  { "uv": [ 8, 13.625, 7.75, 13.375 ], "texture": "#texture" },
        "up":    { "uv": [ 7.875, 13.375, 8.125, 13.625 ], "texture": "#texture" },
        "north": { "uv": [ 7.875, 13.25, 8.125, 13.75 ], "texture": "#texture" },
        "south": { "uv": [ 7.875, 13.25, 8.125, 13.75 ], "texture": "#texture" },
        "west":  { "uv": [ 7.875, 13.25, 8.125, 13.75 ], "texture": "#texture" },
        "east":  { "uv": [ 8, 13.25, 8.25, 13.75 ], "texture": "#texture" }
    }
},
{
    "from": [ 12.1, 1.26, 13.85 ],
    "to": [ 13.1, 1.76, 14.35 ],
    "faces": {
        "down":  { "uv": [ 8, 13.625, 7.75, 13.375 ], "texture": "#texture" },
        "up":    { "uv": [ 7.875, 13.375, 8.125, 13.625 ], "texture": "#texture" },
        "north": { "uv": [ 7.875, 13.25, 8.125, 13.75 ], "texture": "#texture" },
        "south": { "uv": [ 7.875, 13.25, 8.125, 13.75 ], "texture": "#texture" },
        "west":  { "uv": [ 7.875, 13.25, 8.125, 13.75 ], "texture": "#texture" },
        "east":  { "uv": [ 8, 13.25, 8.25, 13.75 ], "texture": "#texture" }
    }
},
{
    "from": [ 10.95, 1.26, 14 ],
    "to": [ 11.45, 1.76, 15 ],
    "faces": {
        "down":  { "uv": [ 8.125, 13.75, 7.875, 13.25 ], "texture": "#texture" },
        "up":    { "uv": [ 8, 13.375, 8.25, 13.875 ], "texture": "#texture" },
        "north": { "uv": [ 7.875, 13.375, 8.125, 13.625 ], "texture": "#texture" },
        "south": { "uv": [ 8, 13.375, 8.25, 13.625 ], "texture": "#texture" },
        "west":  { "uv": [ 7.75, 13.5, 8.25, 13.75 ], "texture": "#texture" },
        "east":  { "uv": [ 7.75, 13.5, 8.25, 13.75 ], "texture": "#texture" }
    }
},
{
    "from": [ 10.95, 1.01, 14.25 ],
    "to": [ 11.45, 2.01, 14.75 ],
    "faces": {
        "down":  { "uv": [ 8, 13.625, 7.75, 13.375 ], "texture": "#texture" },
        "up":    { "uv": [ 7.875, 13.375, 8.125, 13.625 ], "texture": "#texture" },
        "north": { "uv": [ 7.875, 13.25, 8.125, 13.75 ], "texture": "#texture" },
        "south": { "uv": [ 7.875, 13.25, 8.125, 13.75 ], "texture": "#texture" },
        "west":  { "uv": [ 7.875, 13.25, 8.125, 13.75 ], "texture": "#texture" },
        "east":  { "uv": [ 8, 13.25, 8.25, 13.75 ], "texture": "#texture" }
    }
},
{
    "from": [ 10.7, 1.26, 14.25 ],
    "to": [ 11.7, 1.76, 14.75 ],
    "faces": {
        "down":  { "uv": [ 8, 13.625, 7.75, 13.375 ], "texture": "#texture" },
        "up":    { "uv": [ 7.875, 13.375, 8.125, 13.625 ], "texture": "#texture" },
        "north": { "uv": [ 7.875, 13.25, 8.125, 13.75 ], "texture": "#texture" },
        "south": { "uv": [ 7.875, 13.25, 8.125, 13.75 ], "texture": "#texture" },
        "west":  { "uv": [ 7.875, 13.25, 8.125, 13.75 ], "texture": "#texture" },
        "east":  { "uv": [ 8, 13.25, 8.25, 13.75 ], "texture": "#texture" }
    }
},
{
    "from": [ 9.55, 1.26, 14 ],
    "to": [ 10.05, 1.76, 15 ],
    "faces": {
        "down":  { "uv": [ 8.125, 13.75, 7.875, 13.25 ], "texture": "#texture" },
        "up":    { "uv": [ 8, 13.375, 8.25, 13.875 ], "texture": "#texture" },
        "south": { "uv": [ 8, 13.375, 8.25, 13.625 ], "texture": "#texture" },
        "west":  { "uv": [ 7.75, 13.5, 8.25, 13.75 ], "texture": "#texture" },
        "east":  { "uv": [ 7.75, 13.5, 8.25, 13.75 ], "texture": "#texture" }
    }
},
{
    "from": [ 9.55, 1.01, 14.25 ],
    "to": [ 10.05, 2.01, 14.75 ],
    "faces": {
        "down":  { "uv": [ 8, 13.625, 7.75, 13.375 ], "texture": "#texture" },
        "up":    { "uv": [ 7.875, 13.375, 8.125, 13.625 ], "texture": "#texture" },
        "north": { "uv": [ 7.875, 13.25, 8.125, 13.75 ], "texture": "#texture" },
        "south": { "uv": [ 7.875, 13.25, 8.125, 13.75 ], "texture": "#texture" },
        "west":  { "uv": [ 7.875, 13.25, 8.125, 13.75 ], "texture": "#texture" },
        "east":  { "uv": [ 8, 13.25, 8.25, 13.75 ], "texture": "#texture" }
    }
},
{
    "from": [ 9.3, 1.26, 14.25 ],
    "to": [ 10.3, 1.76, 14.75 ],
    "faces": {
        "down":  { "uv": [ 8, 13.625, 7.75, 13.375 ], "texture": "#texture" },
        "up":    { "uv": [ 7.875, 13.375, 8.125, 13.625 ], "texture": "#texture" },
        "north": { "uv": [ 7.875, 13.25, 8.125, 13.75 ], "texture": "#texture" },
        "south": { "uv": [ 7.875, 13.25, 8.125, 13.75 ], "texture": "#texture" },
        "west":  { "uv": [ 7.875, 13.25, 8.125, 13.75 ], "texture": "#texture" },
        "east":  { "uv": [ 8, 13.25, 8.25, 13.75 ], "texture": "#texture" }
    }
},
{
    "from": [ 8.15, 1.26, 14 ],
    "to": [ 8.65, 1.76, 15 ],
    "faces": {
        "down":  { "uv": [ 8.125, 13.75, 7.875, 13.25 ], "texture": "#texture" },
        "up":    { "uv": [ 8, 13.375, 8.25, 13.875 ], "texture": "#texture" },
        "south": { "uv": [ 8, 13.375, 8.25, 13.625 ], "texture": "#texture" },
        "west":  { "uv": [ 7.75, 13.5, 8.25, 13.75 ], "texture": "#texture" },
        "east":  { "uv": [ 7.75, 13.5, 8.25, 13.75 ], "texture": "#texture" }
    }
},
{
    "from": [ 8.15, 1.01, 14.25 ],
    "to": [ 8.65, 2.01, 14.75 ],
    "faces": {
        "down":  { "uv": [ 8, 13.625, 7.75, 13.375 ], "texture": "#texture" },
        "up":    { "uv": [ 7.875, 13.375, 8.125, 13.625 ], "texture": "#texture" },
        "north": { "uv": [ 7.875, 13.25, 8.125, 13.75 ], "texture": "#texture" },
        "south": { "uv": [ 7.875, 13.25, 8.125, 13.75 ], "texture": "#texture" },
        "west":  { "uv": [ 7.875, 13.25, 8.125, 13.75 ], "texture": "#texture" },
        "east":  { "uv": [ 8, 13.25, 8.25, 13.75 ], "texture": "#texture" }
    }
},
{
    "from": [ 7.9, 1.26, 14.25 ],
    "to": [ 8.9, 1.76, 14.75 ],
    "faces": {
        "down":  { "uv": [ 8, 13.625, 7.75, 13.375 ], "texture": "#texture" },
        "up":    { "uv": [ 7.875, 13.375, 8.125, 13.625 ], "texture": "#texture" },
        "north": { "uv": [ 7.875, 13.25, 8.125, 13.75 ], "texture": "#texture" },
        "south": { "uv": [ 7.875, 13.25, 8.125, 13.75 ], "texture": "#texture" },
        "west":  { "uv": [ 7.875, 13.25, 8.125, 13.75 ], "texture": "#texture" },
        "east":  { "uv": [ 8, 13.25, 8.25, 13.75 ], "texture": "#texture" }
    }
},
{
    "from": [ 6.75, 1.26, 14 ],
    "to": [ 7.25, 1.76, 15 ],
    "faces": {
        "down":  { "uv": [ 8.125, 13.75, 7.875, 13.25 ], "texture": "#texture" },
        "up":    { "uv": [ 8, 13.375, 8.25, 13.875 ], "texture": "#texture" },
        "south": { "uv": [ 8, 13.375, 8.25, 13.625 ], "texture": "#texture" },
        "west":  { "uv": [ 7.75, 13.5, 8.25, 13.75 ], "texture": "#texture" },
        "east":  { "uv": [ 7.75, 13.5, 8.25, 13.75 ], "texture": "#texture" }
    }
},
{
    "from": [ 6.75, 1.01, 14.25 ],
    "to": [ 7.25, 2.01, 14.75 ],
    "faces": {
        "down":  { "uv": [ 8, 13.625, 7.75, 13.375 ], "texture": "#texture" },
        "up":    { "uv": [ 7.875, 13.375, 8.125, 13.625 ], "texture": "#texture" },
        "north": { "uv": [ 7.875, 13.25, 8.125, 13.75 ], "texture": "#texture" },
        "south": { "uv": [ 7.875, 13.25, 8.125, 13.75 ], "texture": "#texture" },
        "west":  { "uv": [ 7.875, 13.25, 8.125, 13.75 ], "texture": "#texture" },
        "east":  { "uv": [ 8, 13.25, 8.25, 13.75 ], "texture": "#texture" }
    }
},
{
    "from": [ 6.5, 1.26, 14.25 ],
    "to": [ 7.5, 1.76, 14.75 ],
    "faces": {
        "down":  { "uv": [ 8, 13.625, 7.75, 13.375 ], "texture": "#texture" },
        "up":    { "uv": [ 7.875, 13.375, 8.125, 13.625 ], "texture": "#texture" },
        "north": { "uv": [ 7.875, 13.25, 8.125, 13.75 ], "texture": "#texture" },
        "south": { "uv": [ 7.875, 13.25, 8.125, 13.75 ], "texture": "#texture" },
        "west":  { "uv": [ 7.875, 13.25, 8.125, 13.75 ], "texture": "#texture" },
        "east":  { "uv": [ 8, 13.25, 8.25, 13.75 ], "texture": "#texture" }
    }
},
{
    "from": [ 5.35, 1.26, 14 ],
    "to": [ 5.85, 1.76, 15 ],
    "faces": {
        "down":  { "uv": [ 8.125, 13.75, 7.875, 13.25 ], "texture": "#texture" },
        "up":    { "uv": [ 8, 13.375, 8.25, 13.875 ], "texture": "#texture" },
        "south": { "uv": [ 8, 13.375, 8.25, 13.625 ], "texture": "#texture" },
        "west":  { "uv": [ 7.75, 13.5, 8.25, 13.75 ], "texture": "#texture" },
        "east":  { "uv": [ 7.75, 13.5, 8.25, 13.75 ], "texture": "#texture" }
    }
},
{
    "from": [ 5.35, 1.01, 14.25 ],
    "to": [ 5.85, 2.01, 14.75 ],
    "faces": {
        "down":  { "uv": [ 8, 13.625, 7.75, 13.375 ], "texture": "#texture" },
        "up":    { "uv": [ 7.875, 13.375, 8.125, 13.625 ], "texture": "#texture" },
        "north": { "uv": [ 7.875, 13.25, 8.125, 13.75 ], "texture": "#texture" },
        "south": { "uv": [ 7.875, 13.25, 8.125, 13.75 ], "texture": "#texture" },
        "west":  { "uv": [ 7.875, 13.25, 8.125, 13.75 ], "texture": "#texture" },
        "east":  { "uv": [ 8, 13.25, 8.25, 13.75 ], "texture": "#texture" }
    }
},
{
    "from": [ 5.1, 1.26, 14.25 ],
    "to": [ 6.1, 1.76, 14.75 ],
    "faces": {
        "down":  { "uv": [ 8, 13.625, 7.75, 13.375 ], "texture": "#texture" },
        "up":    { "uv": [ 7.875, 13.375, 8.125, 13.625 ], "texture": "#texture" },
        "north": { "uv": [ 7.875, 13.25, 8.125, 13.75 ], "texture": "#texture" },
        "south": { "uv": [ 7.875, 13.25, 8.125, 13.75 ], "texture": "#texture" },
        "west":  { "uv": [ 7.875, 13.25, 8.125, 13.75 ], "texture": "#texture" },
        "east":  { "uv": [ 8, 13.25, 8.25, 13.75 ], "texture": "#texture" }
    }
},
{
    "from": [ 4.15, 1.26, 13.6 ],
    "to": [ 4.65, 1.76, 14.6 ],
    "faces": {
        "down":  { "uv": [ 8.125, 13.75, 7.875, 13.25 ], "texture": "#texture" },
        "up":    { "uv": [ 8, 13.375, 8.25, 13.875 ], "texture": "#texture" },
        "north": { "uv": [ 7.875, 13.375, 8.125, 13.625 ], "texture": "#texture" },
        "south": { "uv": [ 8, 13.375, 8.25, 13.625 ], "texture": "#texture" },
        "west":  { "uv": [ 7.75, 13.5, 8.25, 13.75 ], "texture": "#texture" },
        "east":  { "uv": [ 7.75, 13.5, 8.25, 13.75 ], "texture": "#texture" }
    }
},
{
    "from": [ 4.15, 1.01, 13.85 ],
    "to": [ 4.65, 2.01, 14.35 ],
    "faces": {
        "down":  { "uv": [ 8, 13.625, 7.75, 13.375 ], "texture": "#texture" },
        "up":    { "uv": [ 7.875, 13.375, 8.125, 13.625 ], "texture": "#texture" },
        "north": { "uv": [ 7.875, 13.25, 8.125, 13.75 ], "texture": "#texture" },
        "south": { "uv": [ 7.875, 13.25, 8.125, 13.75 ], "texture": "#texture" },
        "west":  { "uv": [ 7.875, 13.25, 8.125, 13.75 ], "texture": "#texture" },
        "east":  { "uv": [ 8, 13.25, 8.25, 13.75 ], "texture": "#texture" }
    }
},
{
    "from": [ 3.9, 1.26, 13.85 ],
    "to": [ 4.9, 1.76, 14.35 ],
    "faces": {
        "down":  { "uv": [ 8, 13.625, 7.75, 13.375 ], "texture": "#texture" },
        "up":    { "uv": [ 7.875, 13.375, 8.125, 13.625 ], "texture": "#texture" },
        "north": { "uv": [ 7.875, 13.25, 8.125, 13.75 ], "texture": "#texture" },
        "south": { "uv": [ 7.875, 13.25, 8.125, 13.75 ], "texture": "#texture" },
        "west":  { "uv": [ 7.875, 13.25, 8.125, 13.75 ], "texture": "#texture" },
        "east":  { "uv": [ 8, 13.25, 8.25, 13.75 ], "texture": "#texture" }
    }
},
{
    "from": [ 2.75, 1.26, 13.2 ],
    "to": [ 3.25, 1.76, 14.2 ],
    "faces": {
        "down":  { "uv": [ 8.125, 13.75, 7.875, 13.25 ], "texture": "#texture" },
        "up":    { "uv": [ 8, 13.375, 8.25, 13.875 ], "texture": "#texture" },
        "north": { "uv": [ 7.875, 13.375, 8.125, 13.625 ], "texture": "#texture" },
        "south": { "uv": [ 8, 13.375, 8.25, 13.625 ], "texture": "#texture" },
        "west":  { "uv": [ 7.75, 13.5, 8.25, 13.75 ], "texture": "#texture" },
        "east":  { "uv": [ 7.75, 13.5, 8.25, 13.75 ], "texture": "#texture" }
    }
},
{
    "from": [ 2.75, 1.01, 13.45 ],
    "to": [ 3.25, 2.01, 13.95 ],
    "faces": {
        "down":  { "uv": [ 8, 13.625, 7.75, 13.375 ], "texture": "#texture" },
        "up":    { "uv": [ 7.875, 13.375, 8.125, 13.625 ], "texture": "#texture" },
        "north": { "uv": [ 7.875, 13.25, 8.125, 13.75 ], "texture": "#texture" },
        "south": { "uv": [ 7.875, 13.25, 8.125, 13.75 ], "texture": "#texture" },
        "west":  { "uv": [ 7.875, 13.25, 8.125, 13.75 ], "texture": "#texture" },
        "east":  { "uv": [ 8, 13.25, 8.25, 13.75 ], "texture": "#texture" }
    }
},
{
    "from": [ 2.5, 1.26, 13.45 ],
    "to": [ 3.5, 1.76, 13.95 ],
    "faces": {
        "down":  { "uv": [ 8, 13.625, 7.75, 13.375 ], "texture": "#texture" },
        "up":    { "uv": [ 7.875, 13.375, 8.125, 13.625 ], "texture": "#texture" },
        "north": { "uv": [ 7.875, 13.25, 8.125, 13.75 ], "texture": "#texture" },
        "south": { "uv": [ 7.875, 13.25, 8.125, 13.75 ], "texture": "#texture" },
        "west":  { "uv": [ 7.875, 13.25, 8.125, 13.75 ], "texture": "#texture" },
        "east":  { "uv": [ 8, 13.25, 8.25, 13.75 ], "texture": "#texture" }
    }
},
{
    "from": [ 1.75, 1.26, 12 ],
    "to": [ 2.25, 1.76, 13 ],
    "faces": {
        "down":  { "uv": [ 8.125, 13.75, 7.875, 13.25 ], "texture": "#texture" },
        "up":    { "uv": [ 8, 13.375, 8.25, 13.875 ], "texture": "#texture" },
        "north": { "uv": [ 7.875, 13.375, 8.125, 13.625 ], "texture": "#texture" },
        "south": { "uv": [ 8, 13.375, 8.25, 13.625 ], "texture": "#texture" },
        "west":  { "uv": [ 7.75, 13.5, 8.25, 13.75 ], "texture": "#texture" },
        "east":  { "uv": [ 7.75, 13.5, 8.25, 13.75 ], "texture": "#texture" }
    }
},
{
    "from": [ 1.75, 1.01, 12.25 ],
    "to": [ 2.25, 2.01, 12.75 ],
    "faces": {
        "down":  { "uv": [ 8, 13.625, 7.75, 13.375 ], "texture": "#texture" },
        "up":    { "uv": [ 7.875, 13.375, 8.125, 13.625 ], "texture": "#texture" },
        "north": { "uv": [ 7.875, 13.25, 8.125, 13.75 ], "texture": "#texture" },
        "south": { "uv": [ 7.875, 13.25, 8.125, 13.75 ], "texture": "#texture" },
        "west":  { "uv": [ 7.875, 13.25, 8.125, 13.75 ], "texture": "#texture" },
        "east":  { "uv": [ 8, 13.25, 8.25, 13.75 ], "texture": "#texture" }
    }
},
{
    "from": [ 1.5, 1.26, 12.25 ],
    "to": [ 2.5, 1.76, 12.75 ],
    "faces": {
        "down":  { "uv": [ 8, 13.625, 7.75, 13.375 ], "texture": "#texture" },
        "up":    { "uv": [ 7.875, 13.375, 8.125, 13.625 ], "texture": "#texture" },
        "north": { "uv": [ 7.875, 13.25, 8.125, 13.75 ], "texture": "#texture" },
        "south": { "uv": [ 7.875, 13.25, 8.125, 13.75 ], "texture": "#texture" },
        "west":  { "uv": [ 7.875, 13.25, 8.125, 13.75 ], "texture": "#texture" },
        "east":  { "uv": [ 8, 13.25, 8.25, 13.75 ], "texture": "#texture" }
    }
},
{
    "from": [ 1.35, 1.26, 10.6 ],
    "to": [ 1.85, 1.76, 11.6 ],
    "faces": {
        "down":  { "uv": [ 8.125, 13.75, 7.875, 13.25 ], "texture": "#texture" },
        "up":    { "uv": [ 8, 13.375, 8.25, 13.875 ], "texture": "#texture" },
        "north": { "uv": [ 7.875, 13.375, 8.125, 13.625 ], "texture": "#texture" },
        "south": { "uv": [ 8, 13.375, 8.25, 13.625 ], "texture": "#texture" },
        "west":  { "uv": [ 7.75, 13.5, 8.25, 13.75 ], "texture": "#texture" },
        "east":  { "uv": [ 7.75, 13.5, 8.25, 13.75 ], "texture": "#texture" }
    }
},
{
    "from": [ 1.35, 1.01, 10.85 ],
    "to": [ 1.85, 2.01, 11.35 ],
    "faces": {
        "down":  { "uv": [ 8, 13.625, 7.75, 13.375 ], "texture": "#texture" },
        "up":    { "uv": [ 7.875, 13.375, 8.125, 13.625 ], "texture": "#texture" },
        "north": { "uv": [ 7.875, 13.25, 8.125, 13.75 ], "texture": "#texture" },
        "south": { "uv": [ 7.875, 13.25, 8.125, 13.75 ], "texture": "#texture" },
        "west":  { "uv": [ 7.875, 13.25, 8.125, 13.75 ], "texture": "#texture" },
        "east":  { "uv": [ 8, 13.25, 8.25, 13.75 ], "texture": "#texture" }
    }
},
{
    "from": [ 1.1, 1.26, 10.85 ],
    "to": [ 2.1, 1.76, 11.35 ],
    "faces": {
        "down":  { "uv": [ 8, 13.625, 7.75, 13.375 ], "texture": "#texture" },
        "up":    { "uv": [ 7.875, 13.375, 8.125, 13.625 ], "texture": "#texture" },
        "north": { "uv": [ 7.875, 13.25, 8.125, 13.75 ], "texture": "#texture" },
        "south": { "uv": [ 7.875, 13.25, 8.125, 13.75 ], "texture": "#texture" },
        "west":  { "uv": [ 7.875, 13.25, 8.125, 13.75 ], "texture": "#texture" },
        "east":  { "uv": [ 8, 13.25, 8.25, 13.75 ], "texture": "#texture" }
    }
},
{
    "from": [ 1.35, 1.26, 9.2 ],
    "to": [ 1.85, 1.76, 10.2 ],
    "faces": {
        "down":  { "uv": [ 8.125, 13.75, 7.875, 13.25 ], "texture": "#texture" },
        "up":    { "uv": [ 8, 13.375, 8.25, 13.875 ], "texture": "#texture" },
        "north": { "uv": [ 7.875, 13.375, 8.125, 13.625 ], "texture": "#texture" },
        "south": { "uv": [ 8, 13.375, 8.25, 13.625 ], "texture": "#texture" },
        "west":  { "uv": [ 7.75, 13.5, 8.25, 13.75 ], "texture": "#texture" },
        "east":  { "uv": [ 7.75, 13.5, 8.25, 13.75 ], "texture": "#texture" }
    }
},
{
    "from": [ 1.35, 1.01, 9.45 ],
    "to": [ 1.85, 2.01, 9.95 ],
    "faces": {
        "down":  { "uv": [ 8, 13.625, 7.75, 13.375 ], "texture": "#texture" },
        "up":    { "uv": [ 7.875, 13.375, 8.125, 13.625 ], "texture": "#texture" },
        "north": { "uv": [ 7.875, 13.25, 8.125, 13.75 ], "texture": "#texture" },
        "south": { "uv": [ 7.875, 13.25, 8.125, 13.75 ], "texture": "#texture" },
        "west":  { "uv": [ 7.875, 13.25, 8.125, 13.75 ], "texture": "#texture" },
        "east":  { "uv": [ 8, 13.25, 8.25, 13.75 ], "texture": "#texture" }
    }
},
{
    "from": [ 1.1, 1.26, 9.45 ],
    "to": [ 2.1, 1.76, 9.95 ],
    "faces": {
        "down":  { "uv": [ 8, 13.625, 7.75, 13.375 ], "texture": "#texture" },
        "up":    { "uv": [ 7.875, 13.375, 8.125, 13.625 ], "texture": "#texture" },
        "north": { "uv": [ 7.875, 13.25, 8.125, 13.75 ], "texture": "#texture" },
        "south": { "uv": [ 7.875, 13.25, 8.125, 13.75 ], "texture": "#texture" },
        "west":  { "uv": [ 7.875, 13.25, 8.125, 13.75 ], "texture": "#texture" },
        "east":  { "uv": [ 8, 13.25, 8.25, 13.75 ], "texture": "#texture" }
    }
},
{
    "from": [ 1.35, 1.26, 7.8 ],
    "to": [ 1.85, 1.76, 8.8 ],
    "faces": {
        "down":  { "uv": [ 8.125, 13.75, 7.875, 13.25 ], "texture": "#texture" },
        "up":    { "uv": [ 8, 13.375, 8.25, 13.875 ], "texture": "#texture" },
        "north": { "uv": [ 7.875, 13.375, 8.125, 13.625 ], "texture": "#texture" },
        "south": { "uv": [ 8, 13.375, 8.25, 13.625 ], "texture": "#texture" },
        "west":  { "uv": [ 7.75, 13.5, 8.25, 13.75 ], "texture": "#texture" },
        "east":  { "uv": [ 7.75, 13.5, 8.25, 13.75 ], "texture": "#texture" }
    }
},
{
    "from": [ 1.35, 1.01, 8.05 ],
    "to": [ 1.85, 2.01, 8.55 ],
    "faces": {
        "down":  { "uv": [ 8, 13.625, 7.75, 13.375 ], "texture": "#texture" },
        "up":    { "uv": [ 7.875, 13.375, 8.125, 13.625 ], "texture": "#texture" },
        "north": { "uv": [ 7.875, 13.25, 8.125, 13.75 ], "texture": "#texture" },
        "south": { "uv": [ 7.875, 13.25, 8.125, 13.75 ], "texture": "#texture" },
        "west":  { "uv": [ 7.875, 13.25, 8.125, 13.75 ], "texture": "#texture" },
        "east":  { "uv": [ 8, 13.25, 8.25, 13.75 ], "texture": "#texture" }
    }
},
{
    "from": [ 1.1, 1.26, 8.05 ],
    "to": [ 2.1, 1.76, 8.55 ],
    "faces": {
        "down":  { "uv": [ 8, 13.625, 7.75, 13.375 ], "texture": "#texture" },
        "up":    { "uv": [ 7.875, 13.375, 8.125, 13.625 ], "texture": "#texture" },
        "north": { "uv": [ 7.875, 13.25, 8.125, 13.75 ], "texture": "#texture" },
        "south": { "uv": [ 7.875, 13.25, 8.125, 13.75 ], "texture": "#texture" },
        "west":  { "uv": [ 7.875, 13.25, 8.125, 13.75 ], "texture": "#texture" },
        "east":  { "uv": [ 8, 13.25, 8.25, 13.75 ], "texture": "#texture" }
    }
},
{
    "from": [ 1.35, 1.26, 6.4 ],
    "to": [ 1.85, 1.76, 7.4 ],
    "faces": {
        "down":  { "uv": [ 8.125, 13.75, 7.875, 13.25 ], "texture": "#texture" },
        "up":    { "uv": [ 8, 13.375, 8.25, 13.875 ], "texture": "#texture" },
        "north": { "uv": [ 7.875, 13.375, 8.125, 13.625 ], "texture": "#texture" },
        "south": { "uv": [ 8, 13.375, 8.25, 13.625 ], "texture": "#texture" },
        "west":  { "uv": [ 7.75, 13.5, 8.25, 13.75 ], "texture": "#texture" },
        "east":  { "uv": [ 7.75, 13.5, 8.25, 13.75 ], "texture": "#texture" }
    }
},
{
    "from": [ 1.35, 1.01, 6.65 ],
    "to": [ 1.85, 2.01, 7.15 ],
    "faces": {
        "down":  { "uv": [ 8, 13.625, 7.75, 13.375 ], "texture": "#texture" },
        "up":    { "uv": [ 7.875, 13.375, 8.125, 13.625 ], "texture": "#texture" },
        "north": { "uv": [ 7.875, 13.25, 8.125, 13.75 ], "texture": "#texture" },
        "south": { "uv": [ 7.875, 13.25, 8.125, 13.75 ], "texture": "#texture" },
        "west":  { "uv": [ 7.875, 13.25, 8.125, 13.75 ], "texture": "#texture" },
        "east":  { "uv": [ 8, 13.25, 8.25, 13.75 ], "texture": "#texture" }
    }
},
{
    "from": [ 1.1, 1.26, 6.65 ],
    "to": [ 2.1, 1.76, 7.15 ],
    "faces": {
        "down":  { "uv": [ 8, 13.625, 7.75, 13.375 ], "texture": "#texture" },
        "up":    { "uv": [ 7.875, 13.375, 8.125, 13.625 ], "texture": "#texture" },
        "north": { "uv": [ 7.875, 13.25, 8.125, 13.75 ], "texture": "#texture" },
        "south": { "uv": [ 7.875, 13.25, 8.125, 13.75 ], "texture": "#texture" },
        "west":  { "uv": [ 7.875, 13.25, 8.125, 13.75 ], "texture": "#texture" },
        "east":  { "uv": [ 8, 13.25, 8.25, 13.75 ], "texture": "#texture" }
    }
},
{
    "from": [ 1.35, 1.26, 5 ],
    "to": [ 1.85, 1.76, 6 ],
    "faces": {
        "down":  { "uv": [ 8.125, 13.75, 7.875, 13.25 ], "texture": "#texture" },
        "up":    { "uv": [ 8, 13.375, 8.25, 13.875 ], "texture": "#texture" },
        "north": { "uv": [ 7.875, 13.375, 8.125, 13.625 ], "texture": "#texture" },
        "south": { "uv": [ 8, 13.375, 8.25, 13.625 ], "texture": "#texture" },
        "west":  { "uv": [ 7.75, 13.5, 8.25, 13.75 ], "texture": "#texture" },
        "east":  { "uv": [ 7.75, 13.5, 8.25, 13.75 ], "texture": "#texture" }
    }
},
{
    "from": [ 1.35, 1.01, 5.25 ],
    "to": [ 1.85, 2.01, 5.75 ],
    "faces": {
        "down":  { "uv": [ 8, 13.625, 7.75, 13.375 ], "texture": "#texture" },
        "up":    { "uv": [ 7.875, 13.375, 8.125, 13.625 ], "texture": "#texture" },
        "north": { "uv": [ 7.875, 13.25, 8.125, 13.75 ], "texture": "#texture" },
        "south": { "uv": [ 7.875, 13.25, 8.125, 13.75 ], "texture": "#texture" },
        "west":  { "uv": [ 7.875, 13.25, 8.125, 13.75 ], "texture": "#texture" },
        "east":  { "uv": [ 8, 13.25, 8.25, 13.75 ], "texture": "#texture" }
    }
},
{
    "from": [ 1.1, 1.26, 5.25 ],
    "to": [ 2.1, 1.76, 5.75 ],
    "faces": {
        "down":  { "uv": [ 8, 13.625, 7.75, 13.375 ], "texture": "#texture" },
        "up":    { "uv": [ 7.875, 13.375, 8.125, 13.625 ], "texture": "#texture" },
        "north": { "uv": [ 7.875, 13.25, 8.125, 13.75 ], "texture": "#texture" },
        "south": { "uv": [ 7.875, 13.25, 8.125, 13.75 ], "texture": "#texture" },
        "west":  { "uv": [ 7.875, 13.25, 8.125, 13.75 ], "texture": "#texture" },
        "east":  { "uv": [ 8, 13.25, 8.25, 13.75 ], "texture": "#texture" }
    }
},
{
    "from": [ 1.95, 1.26, 3.6 ],
    "to": [ 2.45, 1.76, 4.6 ],
    "faces": {
        "down":  { "uv": [ 8.125, 13.75, 7.875, 13.25 ], "texture": "#texture" },
        "up":    { "uv": [ 8, 13.375, 8.25, 13.875 ], "texture": "#texture" },
        "north": { "uv": [ 7.875, 13.375, 8.125, 13.625 ], "texture": "#texture" },
        "south": { "uv": [ 8, 13.375, 8.25, 13.625 ], "texture": "#texture" },
        "west":  { "uv": [ 7.75, 13.5, 8.25, 13.75 ], "texture": "#texture" },
        "east":  { "uv": [ 7.75, 13.5, 8.25, 13.75 ], "texture": "#texture" }
    }
},
{
    "from": [ 1.95, 1.01, 3.85 ],
    "to": [ 2.45, 2.01, 4.35 ],
    "faces": {
        "down":  { "uv": [ 8, 13.625, 7.75, 13.375 ], "texture": "#texture" },
        "up":    { "uv": [ 7.875, 13.375, 8.125, 13.625 ], "texture": "#texture" },
        "north": { "uv": [ 7.875, 13.25, 8.125, 13.75 ], "texture": "#texture" },
        "south": { "uv": [ 7.875, 13.25, 8.125, 13.75 ], "texture": "#texture" },
        "west":  { "uv": [ 7.875, 13.25, 8.125, 13.75 ], "texture": "#texture" },
        "east":  { "uv": [ 8, 13.25, 8.25, 13.75 ], "texture": "#texture" }
    }
},
{
    "from": [ 1.7, 1.26, 3.85 ],
    "to": [ 2.7, 1.76, 4.35 ],
    "faces": {
        "down":  { "uv": [ 8, 13.625, 7.75, 13.375 ], "texture": "#texture" },
        "up":    { "uv": [ 7.875, 13.375, 8.125, 13.625 ], "texture": "#texture" },
        "north": { "uv": [ 7.875, 13.25, 8.125, 13.75 ], "texture": "#texture" },
        "south": { "uv": [ 7.875, 13.25, 8.125, 13.75 ], "texture": "#texture" },
        "west":  { "uv": [ 7.875, 13.25, 8.125, 13.75 ], "texture": "#texture" },
        "east":  { "uv": [ 8, 13.25, 8.25, 13.75 ], "texture": "#texture" }
    }
},
{
    "from": [ 2.35, 1.26, 2.4 ],
    "to": [ 2.85, 1.76, 3.4 ],
    "faces": {
        "down":  { "uv": [ 8.125, 13.75, 7.875, 13.25 ], "texture": "#texture" },
        "up":    { "uv": [ 8, 13.375, 8.25, 13.875 ], "texture": "#texture" },
        "north": { "uv": [ 7.875, 13.375, 8.125, 13.625 ], "texture": "#texture" },
        "south": { "uv": [ 8, 13.375, 8.25, 13.625 ], "texture": "#texture" },
        "west":  { "uv": [ 7.75, 13.5, 8.25, 13.75 ], "texture": "#texture" },
        "east":  { "uv": [ 7.75, 13.5, 8.25, 13.75 ], "texture": "#texture" }
    }
},
{
    "from": [ 2.35, 1.01, 2.65 ],
    "to": [ 2.85, 2.01, 3.15 ],
    "faces": {
        "down":  { "uv": [ 8, 13.625, 7.75, 13.375 ], "texture": "#texture" },
        "up":    { "uv": [ 7.875, 13.375, 8.125, 13.625 ], "texture": "#texture" },
        "north": { "uv": [ 7.875, 13.25, 8.125, 13.75 ], "texture": "#texture" },
        "south": { "uv": [ 7.875, 13.25, 8.125, 13.75 ], "texture": "#texture" },
        "west":  { "uv": [ 7.875, 13.25, 8.125, 13.75 ], "texture": "#texture" },
        "east":  { "uv": [ 8, 13.25, 8.25, 13.75 ], "texture": "#texture" }
    }
},
{
    "from": [ 2.1, 1.26, 2.65 ],
    "to": [ 3.1, 1.76, 3.15 ],
    "faces": {
        "down":  { "uv": [ 8, 13.625, 7.75, 13.375 ], "texture": "#texture" },
        "up":    { "uv": [ 7.875, 13.375, 8.125, 13.625 ], "texture": "#texture" },
        "north": { "uv": [ 7.875, 13.25, 8.125, 13.75 ], "texture": "#texture" },
        "south": { "uv": [ 7.875, 13.25, 8.125, 13.75 ], "texture": "#texture" },
        "west":  { "uv": [ 7.875, 13.25, 8.125, 13.75 ], "texture": "#texture" },
        "east":  { "uv": [ 8, 13.25, 8.25, 13.75 ], "texture": "#texture" }
    }
},
{
    "from": [ 2.55, 1.66, 1.4 ],
    "to": [ 3.05, 2.16, 2.4 ],
    "faces": {
        "down":  { "uv": [ 8.125, 13.75, 7.875, 13.25 ], "texture": "#texture" },
        "up":    { "uv": [ 8, 13.375, 8.25, 13.875 ], "texture": "#texture" },
        "north": { "uv": [ 7.875, 13.375, 8.125, 13.625 ], "texture": "#texture" },
        "south": { "uv": [ 8, 13.375, 8.25, 13.625 ], "texture": "#texture" },
        "west":  { "uv": [ 7.75, 13.5, 8.25, 13.75 ], "texture": "#texture" },
        "east":  { "uv": [ 7.75, 13.5, 8.25, 13.75 ], "texture": "#texture" }
    }
},
{
    "from": [ 2.55, 1.41, 1.65 ],
    "to": [ 3.05, 2.41, 2.15 ],
    "faces": {
        "down":  { "uv": [ 8, 13.625, 7.75, 13.375 ], "texture": "#texture" },
        "up":    { "uv": [ 7.875, 13.375, 8.125, 13.625 ], "texture": "#texture" },
        "north": { "uv": [ 7.875, 13.25, 8.125, 13.75 ], "texture": "#texture" },
        "south": { "uv": [ 7.875, 13.25, 8.125, 13.75 ], "texture": "#texture" },
        "west":  { "uv": [ 7.875, 13.25, 8.125, 13.75 ], "texture": "#texture" },
        "east":  { "uv": [ 8, 13.25, 8.25, 13.75 ], "texture": "#texture" }
    }
},
{
    "from": [ 2.3, 1.66, 1.65 ],
    "to": [ 3.3, 2.16, 2.15 ],
    "faces": {
        "down":  { "uv": [ 8, 13.625, 7.75, 13.375 ], "texture": "#texture" },
        "up":    { "uv": [ 7.875, 13.375, 8.125, 13.625 ], "texture": "#texture" },
        "north": { "uv": [ 7.875, 13.25, 8.125, 13.75 ], "texture": "#texture" },
        "south": { "uv": [ 7.875, 13.25, 8.125, 13.75 ], "texture": "#texture" },
        "west":  { "uv": [ 7.875, 13.25, 8.125, 13.75 ], "texture": "#texture" },
        "east":  { "uv": [ 8, 13.25, 8.25, 13.75 ], "texture": "#texture" }
    }
},
{
    "from": [ 6, 9.375, 4.5 ],
    "to": [ 10, 9.875, 12 ],
    "faces": {
        "up":    { "uv": [ 5.5, 4, 7, 7.75 ], "rotation": 180, "texture": "#texture" },
        "north": { "uv": [ 5.5, 3.5, 7, 3.75 ], "texture": "#texture" },
        "south": { "uv": [ 9, 3.5, 10.5, 3.75 ], "texture": "#texture" },
        "west":  { "uv": [ 8.25, 3.5, 12, 3.75 ], "texture": "#texture" },
        "east":  { "uv": [ 4, 3.5, 7.75, 3.75 ], "texture": "#texture" }
    }
}
],
"display": {
    "thirdperson_righthand": {
        "rotation": [ 40, 0, 0 ],
        "translation": [ 0, 0.57, -0.94 ],
        "scale": [ 0.7, 0.7, 0.7 ]
    },
    "thirdperson_lefthand": {
        "rotation": [ 40, 0, 0 ],
        "translation": [ 0, 0.57, -0.94 ],
        "scale": [ 0.7, 0.7, 0.7 ]
    },
    "head": {
        "rotation": [ 5, 0, 0 ],
        "translation": [ 0, 13, 1.32 ],
        "scale": [ 1.2, 1.15, 1.2 ]
    },
    "ground": {
        "rotation": [ 0, 0, 0 ],
        "translation": [ 0, 3, 0 ],
        "scale": [ 0.5, 0.5, 0.5 ]
    },
    "fixed": {
        "rotation": [ 0, 0, 0 ],
        "translation": [ 0, 3, 0 ],
        "scale": [ 1, 1, 1 ]
    },
    "firstperson_righthand": {
        "rotation": [ 9, 105, -7 ],
        "translation": [ 1.12, 4.54, -3.97 ],
        "scale": [ 1, 1, 1 ]
    },
    "firstperson_lefthand": {
        "rotation": [ 9, 105, -7 ],
        "translation": [ 1.12, 4.54, -3.97 ],
        "scale": [ 1, 1, 1 ]
    },
    "gui": {
        "rotation": [ 0, 180, 0 ],
        "translation": [ 0, 2.4, 0 ],
        "scale": [ 0.8, 0.8, 0.8 ]
    }
}
}