{"textures":{"0":"mcbt/wool_colored_brown","1":"blocks/planks_oak","2":"blocks/glass_white"},"elements":[{"from":[4,0,12],"to":[6,1,13.5],"faces":{"north":{"texture":"#0","uv":[0,0,2,1]},"east":{"texture":"#0","uv":[0,0,1.5,1]},"south":{"texture":"#0","uv":[0,0,2,1]},"west":{"texture":"#0","uv":[0,0,1.5,1]},"up":{"texture":"#0","uv":[0,0,2,1.5]},"down":{"texture":"#0","uv":[0,0,2,1.5]}}},{"from":[10,0,12],"to":[12,1,13.5],"faces":{"north":{"texture":"#0","uv":[0,0,2,1]},"east":{"texture":"#0","uv":[0,0,1.5,1]},"south":{"texture":"#0","uv":[0,0,2,1]},"west":{"texture":"#0","uv":[0,0,1.5,1]},"up":{"texture":"#0","uv":[0,0,2,1.5]},"down":{"texture":"#0","uv":[0,0,2,1.5]}}},{"from":[5,1,12],"to":[7,2,13.5],"faces":{"north":{"texture":"#0","uv":[0,5,2,6]},"east":{"texture":"#0","uv":[5,6,6.5,7]},"south":{"texture":"#0","uv":[2,6,4,7]},"west":{"texture":"#0","uv":[5,9,6.5,10]},"up":{"texture":"#0","uv":[3,3,5,4.5]},"down":{"texture":"#0","uv":[6,4,8,5.5]}}},{"from":[9,1,12],"to":[11,2,13.5],"faces":{"north":{"texture":"#0","uv":[0,5,2,6]},"east":{"texture":"#0","uv":[5,6,6.5,7]},"south":{"texture":"#0","uv":[2,6,4,7]},"west":{"texture":"#0","uv":[5,9,6.5,10]},"up":{"texture":"#0","uv":[3,3,5,4.5]},"down":{"texture":"#0","uv":[6,4,8,5.5]}}},{"from":[6,2,12],"to":[10,3,13.5],"faces":{"north":{"texture":"#0","uv":[5,7,9,8]},"east":{"texture":"#0","uv":[7,10,8.5,11]},"south":{"texture":"#0","uv":[5,9,9,10]},"west":{"texture":"#0","uv":[8,13,9.5,14]},"up":{"texture":"#0","uv":[3,7,7,8.5]},"down":{"texture":"#0","uv":[7,5,11,6.5]}}},{"from":[2.5,0,10],"to":[4,1,12],"faces":{"north":{"texture":"#0","uv":[0,0,1.5,1]},"east":{"texture":"#0","uv":[0,0,2,1]},"south":{"texture":"#0","uv":[0,0,1.5,1]},"west":{"texture":"#0","uv":[0,0,2,1]},"up":{"texture":"#0","uv":[0,0,1.5,2]},"down":{"texture":"#0","uv":[0,0,1.5,2]}}},{"from":[2.5,1,9],"to":[4,2,11],"faces":{"north":{"texture":"#0","uv":[0,0,1.5,1]},"east":{"texture":"#0","uv":[0,0,2,1]},"south":{"texture":"#0","uv":[0,0,1.5,1]},"west":{"texture":"#0","uv":[0,0,2,1]},"up":{"texture":"#0","uv":[0,0,1.5,2]},"down":{"texture":"#0","uv":[0,0,1.5,2]}}},{"from":[2.5,2,8],"to":[4,3,10],"faces":{"north":{"texture":"#0","uv":[0,0,1.5,1]},"east":{"texture":"#0","uv":[0,0,2,1]},"south":{"texture":"#0","uv":[0,0,1.5,1]},"west":{"texture":"#0","uv":[0,0,2,1]},"up":{"texture":"#0","uv":[0,0,1.5,2]},"down":{"texture":"#0","uv":[0,0,1.5,2]}}},{"from":[2.5,7,4],"to":[4,8,12],"faces":{"north":{"texture":"#0","uv":[0,0,1.5,1]},"east":{"texture":"#0","uv":[0,0,8,1]},"south":{"texture":"#0","uv":[0,0,1.5,1]},"west":{"texture":"#0","uv":[0,0,8,1]},"up":{"texture":"#0","uv":[0,0,1.5,8]},"down":{"texture":"#0","uv":[0,0,1.5,8]}}},{"from":[2.5,5,4],"to":[4,6,11],"faces":{"north":{"texture":"#0","uv":[0,0,1.5,1]},"east":{"texture":"#0","uv":[0,0,7,1]},"south":{"texture":"#0","uv":[0,0,1.5,1]},"west":{"texture":"#0","uv":[0,0,7,1]},"up":{"texture":"#0","uv":[0,0,1.5,7]},"down":{"texture":"#0","uv":[0,0,1.5,7]}}},{"from":[2.5,3,4],"to":[4,5,10],"faces":{"north":{"texture":"#0","uv":[0,0,1.5,2]},"east":{"texture":"#0","uv":[0,0,6,2]},"south":{"texture":"#0","uv":[0,0,1.5,2]},"west":{"texture":"#0","uv":[0,0,6,2]},"up":{"texture":"#0","uv":[0,0,1.5,6]},"down":{"texture":"#0","uv":[0,0,1.5,6]}}},{"from":[2.5,1,4],"to":[4,3,7],"faces":{"north":{"texture":"#0","uv":[0,0,1.5,2]},"east":{"texture":"#0","uv":[0,0,3,2]},"south":{"texture":"#0","uv":[0,0,1.5,2]},"west":{"texture":"#0","uv":[0,0,3,2]},"up":{"texture":"#0","uv":[0,0,1.5,3]},"down":{"texture":"#0","uv":[0,0,1.5,3]}}},{"from":[4,1,2.5],"to":[12,6,4],"faces":{"north":{"texture":"#0","uv":[0,0,8,5]},"east":{"texture":"#0","uv":[0,0,1.5,5]},"south":{"texture":"#0","uv":[0,0,8,5]},"west":{"texture":"#0","uv":[0,0,1.5,5]},"up":{"texture":"#0","uv":[0,0,8,1.5]},"down":{"texture":"#0","uv":[0,0,8,1.5]}}},{"from":[4,7,2.5],"to":[12,8,4],"faces":{"north":{"texture":"#0","uv":[0,0,8,1]},"east":{"texture":"#0","uv":[0,0,1.5,1]},"south":{"texture":"#0","uv":[0,0,8,1]},"west":{"texture":"#0","uv":[0,0,1.5,1]},"up":{"texture":"#0","uv":[0,0,8,1.5]},"down":{"texture":"#0","uv":[0,0,8,1.5]}}},{"from":[12,1,4],"to":[13.5,3,7],"faces":{"north":{"texture":"#0","uv":[0,0,1.5,2]},"east":{"texture":"#0","uv":[0,0,3,2]},"south":{"texture":"#0","uv":[0,0,1.5,2]},"west":{"texture":"#0","uv":[0,0,3,2]},"up":{"texture":"#0","uv":[0,0,1.5,3]},"down":{"texture":"#0","uv":[0,0,1.5,3]}}},{"from":[12,3,4],"to":[13.5,5,10],"faces":{"north":{"texture":"#0","uv":[0,0,1.5,2]},"east":{"texture":"#0","uv":[0,0,6,2]},"south":{"texture":"#0","uv":[0,0,1.5,2]},"west":{"texture":"#0","uv":[0,0,6,2]},"up":{"texture":"#0","uv":[0,0,1.5,6]},"down":{"texture":"#0","uv":[0,0,1.5,6]}}},{"from":[12,5,4],"to":[13.5,6,11],"faces":{"north":{"texture":"#0","uv":[0,0,1.5,1]},"east":{"texture":"#0","uv":[0,0,7,1]},"south":{"texture":"#0","uv":[0,0,1.5,1]},"west":{"texture":"#0","uv":[0,0,7,1]},"up":{"texture":"#0","uv":[0,0,1.5,7]},"down":{"texture":"#0","uv":[0,0,1.5,7]}}},{"from":[12,7,4],"to":[13.5,8,12],"faces":{"north":{"texture":"#0","uv":[0,0,1.5,1]},"east":{"texture":"#0","uv":[0,0,8,1]},"south":{"texture":"#0","uv":[0,0,1.5,1]},"west":{"texture":"#0","uv":[0,0,8,1]},"up":{"texture":"#0","uv":[0,0,1.5,8]},"down":{"texture":"#0","uv":[0,0,1.5,8]}}},{"from":[4,7,12],"to":[5,8,13.5],"faces":{"north":{"texture":"#0","uv":[0,0,1,1]},"east":{"texture":"#0","uv":[0,0,1.5,1]},"south":{"texture":"#0","uv":[0,0,1,1]},"west":{"texture":"#0","uv":[0,0,1.5,1]},"up":{"texture":"#0","uv":[0,0,1,1.5]},"down":{"texture":"#0","uv":[0,0,1,1.5]}}},{"from":[4,8,3.5],"to":[12,9,12],"faces":{"north":{"texture":"#0","uv":[0,0,8,1]},"east":{"texture":"#0","uv":[0,0,8.5,1]},"south":{"texture":"#0","uv":[0,0,8,1]},"west":{"texture":"#0","uv":[0,0,8.5,1]},"up":{"texture":"#0","uv":[0,0,8,8.5]},"down":{"texture":"#0","uv":[0,0,8,8.5]}}},{"from":[12,1,9],"to":[13.5,2,11],"faces":{"north":{"texture":"#0","uv":[0,0,1.5,1]},"east":{"texture":"#0","uv":[0,0,2,1]},"south":{"texture":"#0","uv":[0,0,1.5,1]},"west":{"texture":"#0","uv":[0,0,2,1]},"up":{"texture":"#0","uv":[0,0,1.5,2]},"down":{"texture":"#0","uv":[0,0,1.5,2]}}},{"from":[12,0,10],"to":[13.5,1,12],"faces":{"north":{"texture":"#0","uv":[0,0,1.5,1]},"east":{"texture":"#0","uv":[0,0,2,1]},"south":{"texture":"#0","uv":[0,0,1.5,1]},"west":{"texture":"#0","uv":[0,0,2,1]},"up":{"texture":"#0","uv":[0,0,1.5,2]},"down":{"texture":"#0","uv":[0,0,1.5,2]}}},{"from":[12,2,8],"to":[13.5,3,10],"faces":{"north":{"texture":"#0","uv":[0,0,1.5,1]},"east":{"texture":"#0","uv":[0,0,2,1]},"south":{"texture":"#0","uv":[0,0,1.5,1]},"west":{"texture":"#0","uv":[0,0,2,1]},"up":{"texture":"#0","uv":[0,0,1.5,2]},"down":{"texture":"#0","uv":[0,0,1.5,2]}}},{"from":[2.5,6,4],"to":[4,7,12],"faces":{"north":{"texture":"#1","uv":[0,0,1.5,1]},"east":{"texture":"#1","uv":[0,0,8,1]},"south":{"texture":"#1","uv":[0,0,1.5,1]},"west":{"texture":"#1","uv":[0,0,8,1]},"up":{"texture":"#1","uv":[0,0,1.5,8]},"down":{"texture":"#1","uv":[0,0,1.5,8]}}},{"from":[12,6,4],"to":[13.5,7,12],"faces":{"north":{"texture":"#1","uv":[0,0,1.5,1]},"east":{"texture":"#1","uv":[0,0,8,1]},"south":{"texture":"#1","uv":[0,0,1.5,1]},"west":{"texture":"#1","uv":[0,0,8,1]},"up":{"texture":"#1","uv":[0,0,1.5,8]},"down":{"texture":"#1","uv":[0,0,1.5,8]}}},{"from":[4,6,2.5],"to":[12,7,4],"faces":{"north":{"texture":"#1","uv":[0,0,8,1]},"east":{"texture":"#1","uv":[0,0,1.5,1]},"south":{"texture":"#1","uv":[0,0,8,1]},"west":{"texture":"#1","uv":[0,0,1.5,1]},"up":{"texture":"#1","uv":[0,0,8,1.5]},"down":{"texture":"#1","uv":[0,0,8,1.5]}}},{"from":[4,6,12],"to":[5,7,13.5],"faces":{"north":{"texture":"#1","uv":[0,0,1,1]},"east":{"texture":"#1","uv":[0,0,1.5,1]},"south":{"texture":"#1","uv":[0,0,1,1]},"west":{"texture":"#1","uv":[0,0,1.5,1]},"up":{"texture":"#1","uv":[0,0,1,1.5]},"down":{"texture":"#1","uv":[0,0,1,1.5]}}},{"from":[11,6,12],"to":[12,7,13.5],"faces":{"north":{"texture":"#1","uv":[0,0,1,1]},"east":{"texture":"#1","uv":[0,0,1.5,1]},"south":{"texture":"#1","uv":[0,0,1,1]},"west":{"texture":"#1","uv":[0,0,1.5,1]},"up":{"texture":"#1","uv":[0,0,1,1.5]},"down":{"texture":"#1","uv":[0,0,1,1.5]}}},{"from":[7,6,12],"to":[9,7,13.5],"faces":{"north":{"texture":"#1","uv":[0,0,2,1]},"east":{"texture":"#1","uv":[0,0,1.5,1]},"south":{"texture":"#1","uv":[0,0,2,1]},"west":{"texture":"#1","uv":[0,0,1.5,1]},"up":{"texture":"#1","uv":[0,0,2,1.5]},"down":{"texture":"#1","uv":[0,0,2,1.5]}}},{"from":[7,7,12],"to":[9,8,13.5],"faces":{"north":{"texture":"#0","uv":[0,0,2,1]},"east":{"texture":"#0","uv":[0,0,1.5,1]},"south":{"texture":"#0","uv":[0,0,2,1]},"west":{"texture":"#0","uv":[0,0,1.5,1]},"up":{"texture":"#0","uv":[0,0,2,1.5]},"down":{"texture":"#0","uv":[0,0,2,1.5]}}},{"from":[11,7,12],"to":[12,8,13.5],"faces":{"north":{"texture":"#0","uv":[0,0,1,1]},"east":{"texture":"#0","uv":[0,0,1.5,1]},"south":{"texture":"#0","uv":[0,0,1,1]},"west":{"texture":"#0","uv":[0,0,1.5,1]},"up":{"texture":"#0","uv":[0,0,1,1.5]},"down":{"texture":"#0","uv":[0,0,1,1.5]}}},{"from":[9,6,12],"to":[11,8,13.5],"faces":{"north":{"texture":"#2","uv":[0,0,2,2]},"east":{"texture":"#2","uv":[0,0,1.5,2]},"south":{"texture":"#2","uv":[0,0,2,2]},"west":{"texture":"#2","uv":[0,0,1.5,2]},"up":{"texture":"#2","uv":[0,0,2,1.5]},"down":{"texture":"#2","uv":[0,0,2,1.5]}}},{"from":[5,6,12],"to":[7,8,13.5],"faces":{"north":{"texture":"#2","uv":[0,0,2,2]},"east":{"texture":"#2","uv":[0,0,1.5,2]},"south":{"texture":"#2","uv":[0,0,2,2]},"west":{"texture":"#2","uv":[0,0,1.5,2]},"up":{"texture":"#2","uv":[0,0,2,1.5]},"down":{"texture":"#2","uv":[0,0,2,1.5]}}}],"display":{"head":{"rotation":[0,180,0],"translation":[0,8,0],"scale":[1.7,1.7,1.7]},"gui":{"rotation":[0,-20,0],"translation":[0,4,0]}}}