{
"__comment": "Designed by Sager2210 with BDcraft Cubik PRO 0.95 Beta - http://bdcraft.net",
"textures": {
    "texture": "mcbt/beerusears",
    "gold": "mcbt/gold"
},
"elements": [ 
{
    "from": [ 3.5, 1, 12.5 ],
    "to": [ 5, 11.5, 17.5 ],
    "faces": {
        "down":  { "uv": [ 12, 6, 11, 3 ], "texture": "#texture" },
        "up":    { "uv": [ 4, 3, 5, 6 ], "texture": "#texture" },
        "north": { "uv": [ 11, 2.5, 12, 13 ], "texture": "#texture" },
        "south": { "uv": [ 4, 2.5, 5, 13 ], "texture": "#texture" },
        "west":  { "uv": [ 3, 2.5, 6, 13 ], "texture": "#texture" },
        "east":  { "uv": [ 10, 2.5, 13, 13 ], "texture": "#texture" }
    }
},
{
    "from": [ 3.5, -0.5, 12.5 ],
    "to": [ 5, 1, 17 ],
    "faces": {
        "down":  { "uv": [ 12, 6, 11, 3 ], "texture": "#texture" },
        "up":    { "uv": [ 4, 3, 5, 6 ], "texture": "#texture" },
        "north": { "uv": [ 11, 2.5, 12, 13 ], "texture": "#texture" },
        "south": { "uv": [ 4, 2.5, 5, 13 ], "texture": "#texture" },
        "west":  { "uv": [ 3, 2.5, 6, 13 ], "texture": "#texture" },
        "east":  { "uv": [ 10, 2.5, 13, 13 ], "texture": "#texture" }
    }
},
{
    "from": [ 3.5, 2, 17.5 ],
    "to": [ 5, 11.5, 18 ],
    "faces": {
        "down":  { "uv": [ 12, 6, 11, 3 ], "texture": "#texture" },
        "up":    { "uv": [ 4, 3, 5, 6 ], "texture": "#texture" },
        "north": { "uv": [ 11, 2.5, 12, 13 ], "texture": "#texture" },
        "south": { "uv": [ 4, 2.5, 5, 13 ], "texture": "#texture" },
        "west":  { "uv": [ 3, 2.5, 6, 13 ], "texture": "#texture" },
        "east":  { "uv": [ 10, 2.5, 13, 13 ], "texture": "#texture" }
    }
},
{
    "from": [ 3.5, 11.5, 12.5 ],
    "to": [ 5, 13, 17.5 ],
    "faces": {
        "down":  { "uv": [ 12, 6, 11, 3 ], "texture": "#texture" },
        "up":    { "uv": [ 4, 3, 5, 6 ], "texture": "#texture" },
        "north": { "uv": [ 11, 2.5, 12, 13 ], "texture": "#texture" },
        "south": { "uv": [ 4, 2.5, 5, 13 ], "texture": "#texture" },
        "west":  { "uv": [ 3, 2.5, 6, 13 ], "texture": "#texture" },
        "east":  { "uv": [ 10, 2.5, 13, 13 ], "texture": "#texture" }
    }
},
{
    "from": [ 3.5, 6, 12 ],
    "to": [ 5, 11.5, 12.5 ],
    "faces": {
        "down":  { "uv": [ 12, 6, 11, 3 ], "texture": "#texture" },
        "up":    { "uv": [ 4, 3, 5, 6 ], "texture": "#texture" },
        "north": { "uv": [ 11, 2.5, 12, 13 ], "texture": "#texture" },
        "south": { "uv": [ 4, 2.5, 5, 13 ], "texture": "#texture" },
        "west":  { "uv": [ 3, 2.5, 6, 13 ], "texture": "#texture" },
        "east":  { "uv": [ 10, 2.5, 13, 13 ], "texture": "#texture" }
    }
},
{
    "from": [ 3.5, 13, 13 ],
    "to": [ 5, 14, 17 ],
    "faces": {
        "down":  { "uv": [ 12, 6, 11, 3 ], "texture": "#texture" },
        "up":    { "uv": [ 4, 3, 5, 6 ], "texture": "#texture" },
        "north": { "uv": [ 11, 2.5, 12, 13 ], "texture": "#texture" },
        "south": { "uv": [ 4, 2.5, 5, 13 ], "texture": "#texture" },
        "west":  { "uv": [ 3, 2.5, 6, 13 ], "texture": "#texture" },
        "east":  { "uv": [ 10, 2.5, 13, 13 ], "texture": "#texture" }
    }
},
{
    "from": [ 3.5, 14, 13 ],
    "to": [ 5, 15, 16 ],
    "faces": {
        "down":  { "uv": [ 12, 6, 11, 3 ], "texture": "#texture" },
        "up":    { "uv": [ 4, 3, 5, 6 ], "texture": "#texture" },
        "north": { "uv": [ 11, 2.5, 12, 13 ], "texture": "#texture" },
        "south": { "uv": [ 4, 2.5, 5, 13 ], "texture": "#texture" },
        "west":  { "uv": [ 3, 2.5, 6, 13 ], "texture": "#texture" },
        "east":  { "uv": [ 10, 2.5, 13, 13 ], "texture": "#texture" }
    }
},
{
    "from": [ 3.5, 15, 13.5 ],
    "to": [ 5, 16, 15.5 ],
    "faces": {
        "down":  { "uv": [ 12, 6, 11, 3 ], "texture": "#texture" },
        "up":    { "uv": [ 4, 3, 5, 6 ], "texture": "#texture" },
        "north": { "uv": [ 11, 2.5, 12, 13 ], "texture": "#texture" },
        "south": { "uv": [ 4, 2.5, 5, 13 ], "texture": "#texture" },
        "west":  { "uv": [ 3, 2.5, 6, 13 ], "texture": "#texture" },
        "east":  { "uv": [ 10, 2.5, 13, 13 ], "texture": "#texture" }
    }
},
{
    "from": [ 3.5, 16, 14 ],
    "to": [ 5, 16.5, 15 ],
    "faces": {
        "down":  { "uv": [ 12, 6, 11, 3 ], "texture": "#texture" },
        "up":    { "uv": [ 4, 3, 5, 6 ], "texture": "#texture" },
        "north": { "uv": [ 11, 2.5, 12, 13 ], "texture": "#texture" },
        "south": { "uv": [ 4, 2.5, 5, 13 ], "texture": "#texture" },
        "west":  { "uv": [ 3, 2.5, 6, 13 ], "texture": "#texture" },
        "east":  { "uv": [ 10, 2.5, 13, 13 ], "texture": "#texture" }
    }
},
{
    "from": [ 3.5, -0.5, -1 ],
    "to": [ 5, 1, 3.5 ],
    "faces": {
        "down":  { "uv": [ 12, 6, 11, 3 ], "texture": "#texture" },
        "up":    { "uv": [ 4, 3, 5, 6 ], "texture": "#texture" },
        "north": { "uv": [ 11, 2.5, 12, 13 ], "texture": "#texture" },
        "south": { "uv": [ 4, 2.5, 5, 13 ], "texture": "#texture" },
        "west":  { "uv": [ 3, 2.5, 6, 13 ], "texture": "#texture" },
        "east":  { "uv": [ 10, 2.5, 13, 13 ], "texture": "#texture" }
    }
},
{
    "from": [ 3.5, 1, -1.5 ],
    "to": [ 5, 11.5, 3.5 ],
    "faces": {
        "down":  { "uv": [ 12, 6, 11, 3 ], "texture": "#texture" },
        "up":    { "uv": [ 4, 3, 5, 6 ], "texture": "#texture" },
        "north": { "uv": [ 11, 2.5, 12, 13 ], "texture": "#texture" },
        "south": { "uv": [ 4, 2.5, 5, 13 ], "texture": "#texture" },
        "west":  { "uv": [ 3, 2.5, 6, 13 ], "texture": "#texture" },
        "east":  { "uv": [ 10, 2.5, 13, 13 ], "texture": "#texture" }
    }
},
{
    "from": [ 3.5, 2, -2 ],
    "to": [ 5, 11.5, -1.5 ],
    "faces": {
        "down":  { "uv": [ 12, 6, 11, 3 ], "texture": "#texture" },
        "up":    { "uv": [ 4, 3, 5, 6 ], "texture": "#texture" },
        "north": { "uv": [ 11, 2.5, 12, 13 ], "texture": "#texture" },
        "south": { "uv": [ 4, 2.5, 5, 13 ], "texture": "#texture" },
        "west":  { "uv": [ 3, 2.5, 6, 13 ], "texture": "#texture" },
        "east":  { "uv": [ 10, 2.5, 13, 13 ], "texture": "#texture" }
    }
},
{
    "from": [ 3.5, 6, 3.5 ],
    "to": [ 5, 11.5, 4 ],
    "faces": {
        "down":  { "uv": [ 12, 6, 11, 3 ], "texture": "#texture" },
        "up":    { "uv": [ 4, 3, 5, 6 ], "texture": "#texture" },
        "north": { "uv": [ 11, 2.5, 12, 13 ], "texture": "#texture" },
        "south": { "uv": [ 4, 2.5, 5, 13 ], "texture": "#texture" },
        "west":  { "uv": [ 3, 2.5, 6, 13 ], "texture": "#texture" },
        "east":  { "uv": [ 10, 2.5, 13, 13 ], "texture": "#texture" }
    }
},
{
    "from": [ 3.5, 11.5, -1.5 ],
    "to": [ 5, 13, 3.5 ],
    "faces": {
        "down":  { "uv": [ 12, 6, 11, 3 ], "texture": "#texture" },
        "up":    { "uv": [ 4, 3, 5, 6 ], "texture": "#texture" },
        "north": { "uv": [ 11, 2.5, 12, 13 ], "texture": "#texture" },
        "south": { "uv": [ 4, 2.5, 5, 13 ], "texture": "#texture" },
        "west":  { "uv": [ 3, 2.5, 6, 13 ], "texture": "#texture" },
        "east":  { "uv": [ 10, 2.5, 13, 13 ], "texture": "#texture" }
    }
},
{
    "from": [ 3.5, 13, -1 ],
    "to": [ 5, 14, 3 ],
    "faces": {
        "down":  { "uv": [ 12, 6, 11, 3 ], "texture": "#texture" },
        "up":    { "uv": [ 4, 3, 5, 6 ], "texture": "#texture" },
        "north": { "uv": [ 11, 2.5, 12, 13 ], "texture": "#texture" },
        "south": { "uv": [ 4, 2.5, 5, 13 ], "texture": "#texture" },
        "west":  { "uv": [ 3, 2.5, 6, 13 ], "texture": "#texture" },
        "east":  { "uv": [ 10, 2.5, 13, 13 ], "texture": "#texture" }
    }
},
{
    "from": [ 3.5, 14, 0 ],
    "to": [ 5, 15, 3 ],
    "faces": {
        "down":  { "uv": [ 12, 6, 11, 3 ], "texture": "#texture" },
        "up":    { "uv": [ 4, 3, 5, 6 ], "texture": "#texture" },
        "north": { "uv": [ 11, 2.5, 12, 13 ], "texture": "#texture" },
        "south": { "uv": [ 4, 2.5, 5, 13 ], "texture": "#texture" },
        "west":  { "uv": [ 3, 2.5, 6, 13 ], "texture": "#texture" },
        "east":  { "uv": [ 10, 2.5, 13, 13 ], "texture": "#texture" }
    }
},
{
    "from": [ 3.5, 15, 0.5 ],
    "to": [ 5, 16, 2.5 ],
    "faces": {
        "down":  { "uv": [ 12, 6, 11, 3 ], "texture": "#texture" },
        "up":    { "uv": [ 4, 3, 5, 6 ], "texture": "#texture" },
        "north": { "uv": [ 11, 2.5, 12, 13 ], "texture": "#texture" },
        "south": { "uv": [ 4, 2.5, 5, 13 ], "texture": "#texture" },
        "west":  { "uv": [ 3, 2.5, 6, 13 ], "texture": "#texture" },
        "east":  { "uv": [ 10, 2.5, 13, 13 ], "texture": "#texture" }
    }
},
{
    "from": [ 3.5, 16, 1 ],
    "to": [ 5, 16.5, 2 ],
    "faces": {
        "down":  { "uv": [ 12, 6, 11, 3 ], "texture": "#texture" },
        "up":    { "uv": [ 4, 3, 5, 6 ], "texture": "#texture" },
        "north": { "uv": [ 11, 2.5, 12, 13 ], "texture": "#texture" },
        "south": { "uv": [ 4, 2.5, 5, 13 ], "texture": "#texture" },
        "west":  { "uv": [ 3, 2.5, 6, 13 ], "texture": "#texture" },
        "east":  { "uv": [ 10, 2.5, 13, 13 ], "texture": "#texture" }
    }
},
{
    "from": [ 3.5, -2, 12.5 ],
    "to": [ 5, -0.5, 16.5 ],
    "faces": {
        "down":  { "uv": [ 12, 6, 11, 3 ], "texture": "#texture" },
        "up":    { "uv": [ 4, 3, 5, 6 ], "texture": "#texture" },
        "north": { "uv": [ 11, 2.5, 12, 13 ], "texture": "#texture" },
        "south": { "uv": [ 4, 2.5, 5, 13 ], "texture": "#texture" },
        "west":  { "uv": [ 3, 2.5, 6, 13 ], "texture": "#texture" },
        "east":  { "uv": [ 10, 2.5, 13, 13 ], "texture": "#texture" }
    }
},
{
    "from": [ 3.5, -2, -0.5 ],
    "to": [ 5, -0.5, 3.5 ],
    "faces": {
        "down":  { "uv": [ 12, 6, 11, 3 ], "texture": "#texture" },
        "up":    { "uv": [ 4, 3, 5, 6 ], "texture": "#texture" },
        "north": { "uv": [ 11, 2.5, 12, 13 ], "texture": "#texture" },
        "south": { "uv": [ 4, 2.5, 5, 13 ], "texture": "#texture" },
        "west":  { "uv": [ 3, 2.5, 6, 13 ], "texture": "#texture" },
        "east":  { "uv": [ 10, 2.5, 13, 13 ], "texture": "#texture" }
    }
},
{
    "from": [ 3.5, -3.5, 12.5 ],
    "to": [ 5, -2, 16 ],
    "faces": {
        "down":  { "uv": [ 12, 6, 11, 3 ], "texture": "#texture" },
        "up":    { "uv": [ 4, 3, 5, 6 ], "texture": "#texture" },
        "north": { "uv": [ 11, 2.5, 12, 13 ], "texture": "#texture" },
        "south": { "uv": [ 4, 2.5, 5, 13 ], "texture": "#texture" },
        "west":  { "uv": [ 3, 2.5, 6, 13 ], "texture": "#texture" },
        "east":  { "uv": [ 10, 2.5, 13, 13 ], "texture": "#texture" }
    }
},
{
    "from": [ 3.5, -3.5, 0 ],
    "to": [ 5, -2, 3.5 ],
    "faces": {
        "down":  { "uv": [ 12, 6, 11, 3 ], "texture": "#texture" },
        "up":    { "uv": [ 4, 3, 5, 6 ], "texture": "#texture" },
        "north": { "uv": [ 11, 2.5, 12, 13 ], "texture": "#texture" },
        "south": { "uv": [ 4, 2.5, 5, 13 ], "texture": "#texture" },
        "west":  { "uv": [ 3, 2.5, 6, 13 ], "texture": "#texture" },
        "east":  { "uv": [ 10, 2.5, 13, 13 ], "texture": "#texture" }
    }
},
{
    "from": [ 3, 1, 12.5 ],
    "to": [ 3.5, 11.5, 17.5 ],
    "faces": {
        "down":  { "uv": [ 12, 6, 11, 3 ], "texture": "#texture" },
        "up":    { "uv": [ 4, 3, 5, 6 ], "texture": "#texture" },
        "north": { "uv": [ 11, 2.5, 12, 13 ], "texture": "#texture" },
        "south": { "uv": [ 4, 2.5, 5, 13 ], "texture": "#texture" },
        "west":  { "uv": [ 3, 2.5, 6, 13 ], "texture": "#texture" },
        "east":  { "uv": [ 10, 2.5, 13, 13 ], "texture": "#texture" }
    }
},
{
    "from": [ 3, 11.5, 13 ],
    "to": [ 3.5, 13, 17 ],
    "faces": {
        "down":  { "uv": [ 12, 6, 11, 3 ], "texture": "#texture" },
        "up":    { "uv": [ 4, 3, 5, 6 ], "texture": "#texture" },
        "north": { "uv": [ 11, 2.5, 12, 13 ], "texture": "#texture" },
        "south": { "uv": [ 4, 2.5, 5, 13 ], "texture": "#texture" },
        "west":  { "uv": [ 3, 2.5, 6, 13 ], "texture": "#texture" },
        "east":  { "uv": [ 10, 2.5, 13, 13 ], "texture": "#texture" }
    }
},
{
    "from": [ 3, 13, 13.5 ],
    "to": [ 3.5, 14, 16 ],
    "faces": {
        "down":  { "uv": [ 12, 6, 11, 3 ], "texture": "#texture" },
        "up":    { "uv": [ 4, 3, 5, 6 ], "texture": "#texture" },
        "north": { "uv": [ 11, 2.5, 12, 13 ], "texture": "#texture" },
        "south": { "uv": [ 4, 2.5, 5, 13 ], "texture": "#texture" },
        "west":  { "uv": [ 3, 2.5, 6, 13 ], "texture": "#texture" },
        "east":  { "uv": [ 10, 2.5, 13, 13 ], "texture": "#texture" }
    }
},
{
    "from": [ 3, 14, 13.5 ],
    "to": [ 3.5, 15, 15.5 ],
    "faces": {
        "down":  { "uv": [ 12, 6, 11, 3 ], "texture": "#texture" },
        "up":    { "uv": [ 4, 3, 5, 6 ], "texture": "#texture" },
        "north": { "uv": [ 11, 2.5, 12, 13 ], "texture": "#texture" },
        "south": { "uv": [ 4, 2.5, 5, 13 ], "texture": "#texture" },
        "west":  { "uv": [ 3, 2.5, 6, 13 ], "texture": "#texture" },
        "east":  { "uv": [ 10, 2.5, 13, 13 ], "texture": "#texture" }
    }
},
{
    "from": [ 3, 15, 14 ],
    "to": [ 3.5, 16, 15 ],
    "faces": {
        "down":  { "uv": [ 12, 6, 11, 3 ], "texture": "#texture" },
        "up":    { "uv": [ 4, 3, 5, 6 ], "texture": "#texture" },
        "north": { "uv": [ 11, 2.5, 12, 13 ], "texture": "#texture" },
        "south": { "uv": [ 4, 2.5, 5, 13 ], "texture": "#texture" },
        "west":  { "uv": [ 3, 2.5, 6, 13 ], "texture": "#texture" },
        "east":  { "uv": [ 10, 2.5, 13, 13 ], "texture": "#texture" }
    }
},
{
    "from": [ 3, -0.5, 12 ],
    "to": [ 3.5, 1, 16.5 ],
    "faces": {
        "down":  { "uv": [ 12, 6, 11, 3 ], "texture": "#texture" },
        "up":    { "uv": [ 4, 3, 5, 6 ], "texture": "#texture" },
        "north": { "uv": [ 11, 2.5, 12, 13 ], "texture": "#texture" },
        "south": { "uv": [ 4, 2.5, 5, 13 ], "texture": "#texture" },
        "west":  { "uv": [ 3, 2.5, 6, 13 ], "texture": "#texture" },
        "east":  { "uv": [ 10, 2.5, 13, 13 ], "texture": "#texture" }
    }
},
{
    "from": [ 3, 15, 1 ],
    "to": [ 3.5, 16, 2 ],
    "faces": {
        "down":  { "uv": [ 12, 6, 11, 3 ], "texture": "#texture" },
        "up":    { "uv": [ 4, 3, 5, 6 ], "texture": "#texture" },
        "north": { "uv": [ 11, 2.5, 12, 13 ], "texture": "#texture" },
        "south": { "uv": [ 4, 2.5, 5, 13 ], "texture": "#texture" },
        "west":  { "uv": [ 3, 2.5, 6, 13 ], "texture": "#texture" },
        "east":  { "uv": [ 10, 2.5, 13, 13 ], "texture": "#texture" }
    }
},
{
    "from": [ 3, 14, 0.5 ],
    "to": [ 3.5, 15, 2.5 ],
    "faces": {
        "down":  { "uv": [ 12, 6, 11, 3 ], "texture": "#texture" },
        "up":    { "uv": [ 4, 3, 5, 6 ], "texture": "#texture" },
        "north": { "uv": [ 11, 2.5, 12, 13 ], "texture": "#texture" },
        "south": { "uv": [ 4, 2.5, 5, 13 ], "texture": "#texture" },
        "west":  { "uv": [ 3, 2.5, 6, 13 ], "texture": "#texture" },
        "east":  { "uv": [ 10, 2.5, 13, 13 ], "texture": "#texture" }
    }
},
{
    "from": [ 3, 13, 0 ],
    "to": [ 3.5, 14, 2.5 ],
    "faces": {
        "down":  { "uv": [ 12, 6, 11, 3 ], "texture": "#texture" },
        "up":    { "uv": [ 4, 3, 5, 6 ], "texture": "#texture" },
        "north": { "uv": [ 11, 2.5, 12, 13 ], "texture": "#texture" },
        "south": { "uv": [ 4, 2.5, 5, 13 ], "texture": "#texture" },
        "west":  { "uv": [ 3, 2.5, 6, 13 ], "texture": "#texture" },
        "east":  { "uv": [ 10, 2.5, 13, 13 ], "texture": "#texture" }
    }
},
{
    "from": [ 3, 11.5, -1 ],
    "to": [ 3.5, 13, 3 ],
    "faces": {
        "down":  { "uv": [ 12, 6, 11, 3 ], "texture": "#texture" },
        "up":    { "uv": [ 4, 3, 5, 6 ], "texture": "#texture" },
        "north": { "uv": [ 11, 2.5, 12, 13 ], "texture": "#texture" },
        "south": { "uv": [ 4, 2.5, 5, 13 ], "texture": "#texture" },
        "west":  { "uv": [ 3, 2.5, 6, 13 ], "texture": "#texture" },
        "east":  { "uv": [ 10, 2.5, 13, 13 ], "texture": "#texture" }
    }
},
{
    "from": [ 3, 1, -1.5 ],
    "to": [ 3.5, 11.5, 3.5 ],
    "faces": {
        "down":  { "uv": [ 12, 6, 11, 3 ], "texture": "#texture" },
        "up":    { "uv": [ 4, 3, 5, 6 ], "texture": "#texture" },
        "north": { "uv": [ 11, 2.5, 12, 13 ], "texture": "#texture" },
        "south": { "uv": [ 4, 2.5, 5, 13 ], "texture": "#texture" },
        "west":  { "uv": [ 3, 2.5, 6, 13 ], "texture": "#texture" },
        "east":  { "uv": [ 10, 2.5, 13, 13 ], "texture": "#texture" }
    }
},
{
    "from": [ 3, -0.5, -0.5 ],
    "to": [ 3.5, 1, 4 ],
    "faces": {
        "down":  { "uv": [ 12, 6, 11, 3 ], "texture": "#texture" },
        "up":    { "uv": [ 4, 3, 5, 6 ], "texture": "#texture" },
        "north": { "uv": [ 11, 2.5, 12, 13 ], "texture": "#texture" },
        "south": { "uv": [ 4, 2.5, 5, 13 ], "texture": "#texture" },
        "west":  { "uv": [ 3, 2.5, 6, 13 ], "texture": "#texture" },
        "east":  { "uv": [ 10, 2.5, 13, 13 ], "texture": "#texture" }
    }
},
{
    "from": [ 2.5, 1, 13 ],
    "to": [ 3, 11.5, 17 ],
    "faces": {
        "down":  { "uv": [ 12, 6, 11, 3 ], "texture": "#texture" },
        "up":    { "uv": [ 4, 3, 5, 6 ], "texture": "#texture" },
        "north": { "uv": [ 11, 2.5, 12, 13 ], "texture": "#texture" },
        "south": { "uv": [ 4, 2.5, 5, 13 ], "texture": "#texture" },
        "west":  { "uv": [ 3, 2.5, 6, 13 ], "texture": "#texture" },
        "east":  { "uv": [ 10, 2.5, 13, 13 ], "texture": "#texture" }
    }
},
{
    "from": [ 2.5, 1, -1 ],
    "to": [ 3, 11.5, 3 ],
    "faces": {
        "down":  { "uv": [ 12, 6, 11, 3 ], "texture": "#texture" },
        "up":    { "uv": [ 4, 3, 5, 6 ], "texture": "#texture" },
        "north": { "uv": [ 11, 2.5, 12, 13 ], "texture": "#texture" },
        "south": { "uv": [ 4, 2.5, 5, 13 ], "texture": "#texture" },
        "west":  { "uv": [ 3, 2.5, 6, 13 ], "texture": "#texture" },
        "east":  { "uv": [ 10, 2.5, 13, 13 ], "texture": "#texture" }
    }
},
{
    "from": [ 2.5, 11.5, 14 ],
    "to": [ 3, 13, 16 ],
    "faces": {
        "down":  { "uv": [ 12, 6, 11, 3 ], "texture": "#texture" },
        "up":    { "uv": [ 4, 3, 5, 6 ], "texture": "#texture" },
        "north": { "uv": [ 11, 2.5, 12, 13 ], "texture": "#texture" },
        "south": { "uv": [ 4, 2.5, 5, 13 ], "texture": "#texture" },
        "west":  { "uv": [ 3, 2.5, 6, 13 ], "texture": "#texture" },
        "east":  { "uv": [ 10, 2.5, 13, 13 ], "texture": "#texture" }
    }
},
{
    "from": [ 2.5, 11.5, 0 ],
    "to": [ 2.5625, 13, 2 ],
    "faces": {
        "down":  { "uv": [ 12, 6, 11, 3 ], "texture": "#texture" },
        "up":    { "uv": [ 4, 3, 5, 6 ], "texture": "#texture" },
        "north": { "uv": [ 11, 2.5, 12, 13 ], "texture": "#texture" },
        "south": { "uv": [ 4, 2.5, 5, 13 ], "texture": "#texture" },
        "west":  { "uv": [ 3, 2.5, 6, 13 ], "texture": "#texture" },
        "east":  { "uv": [ 10, 2.5, 13, 13 ], "texture": "#texture" }
    }
},
{
    "from": [ 2, 1.5, 13.5 ],
    "to": [ 2.5, 11, 16.5 ],
    "faces": {
        "down":  { "uv": [ 12, 6, 11, 3 ], "texture": "#texture" },
        "up":    { "uv": [ 4, 3, 5, 6 ], "texture": "#texture" },
        "north": { "uv": [ 11, 2.5, 12, 13 ], "texture": "#texture" },
        "south": { "uv": [ 4, 2.5, 5, 13 ], "texture": "#texture" },
        "west":  { "uv": [ 3, 2.5, 6, 13 ], "texture": "#texture" },
        "east":  { "uv": [ 10, 2.5, 13, 13 ], "texture": "#texture" }
    }
},
{
    "from": [ 2, 1.5, -0.5 ],
    "to": [ 2.5, 11, 2.5 ],
    "faces": {
        "down":  { "uv": [ 12, 6, 11, 3 ], "texture": "#texture" },
        "up":    { "uv": [ 4, 3, 5, 6 ], "texture": "#texture" },
        "north": { "uv": [ 11, 2.5, 12, 13 ], "texture": "#texture" },
        "south": { "uv": [ 4, 2.5, 5, 13 ], "texture": "#texture" },
        "west":  { "uv": [ 3, 2.5, 6, 13 ], "texture": "#texture" },
        "east":  { "uv": [ 10, 2.5, 13, 13 ], "texture": "#texture" }
    }
},
{
    "from": [ 2, 11, 0.5 ],
    "to": [ 2.5, 12.5, 1.5 ],
    "faces": {
        "down":  { "uv": [ 12, 6, 11, 3 ], "texture": "#texture" },
        "up":    { "uv": [ 4, 3, 5, 6 ], "texture": "#texture" },
        "north": { "uv": [ 11, 2.5, 12, 13 ], "texture": "#texture" },
        "south": { "uv": [ 4, 2.5, 5, 13 ], "texture": "#texture" },
        "west":  { "uv": [ 3, 2.5, 6, 13 ], "texture": "#texture" },
        "east":  { "uv": [ 10, 2.5, 13, 13 ], "texture": "#texture" }
    }
},
{
    "from": [ 2, 11, 14.5 ],
    "to": [ 2.5, 12.5, 15.5 ],
    "faces": {
        "down":  { "uv": [ 12, 6, 11, 3 ], "texture": "#texture" },
        "up":    { "uv": [ 4, 3, 5, 6 ], "texture": "#texture" },
        "north": { "uv": [ 11, 2.5, 12, 13 ], "texture": "#texture" },
        "south": { "uv": [ 4, 2.5, 5, 13 ], "texture": "#texture" },
        "west":  { "uv": [ 3, 2.5, 6, 13 ], "texture": "#texture" },
        "east":  { "uv": [ 10, 2.5, 13, 13 ], "texture": "#texture" }
    }
},
{
    "from": [ 2.5, 13, 14.5 ],
    "to": [ 3, 14, 15.5 ],
    "faces": {
        "down":  { "uv": [ 12, 6, 11, 3 ], "texture": "#texture" },
        "up":    { "uv": [ 4, 3, 5, 6 ], "texture": "#texture" },
        "north": { "uv": [ 11, 2.5, 12, 13 ], "texture": "#texture" },
        "south": { "uv": [ 4, 2.5, 5, 13 ], "texture": "#texture" },
        "west":  { "uv": [ 3, 2.5, 6, 13 ], "texture": "#texture" },
        "east":  { "uv": [ 10, 2.5, 13, 13 ], "texture": "#texture" }
    }
},
{
    "from": [ 3.5, 8.5, -2.5 ],
    "to": [ 5.5, 10.5, -0.5 ],
    "faces": {
        "down":  { "uv": [ 16, 16, 14, 14 ], "texture": "#gold" },
        "up":    { "uv": [ 14, 14, 16, 16 ], "texture": "#gold" },
        "north": { "uv": [ 14, 14, 16, 16 ], "texture": "#gold" },
        "south": { "uv": [ 14, 14, 16, 16 ], "texture": "#gold" },
        "west":  { "uv": [ 14, 14, 16, 16 ], "texture": "#gold" },
        "east":  { "uv": [ 14, 14, 16, 16 ], "texture": "#gold" }
    }
}
],
"display": {
    "head": {
        "rotation": [ 0, 90, 0 ],
        "translation": [ 0, 5.2, -0.4 ],
        "scale": [ 1, 1, 1 ]
    },
    "gui": {
        "rotation": [ 90, -90, 50 ],
        "translation": [ 0, 1, 3.9 ],
        "scale": [ 0.45, 0.7, 0.7 ]
    }
}
}