{
    "__comment": "Model generated using MrCrayfish's Model Creator (http://mrcrayfish.com/modelcreator/)",
"ambientocclusion": false,
    "textures": {
        "particle": "mcbt/spruce_planks",
        "0": "mcbt/stone",
        "1": "mcbt/spruce_planks",
        "2": "mcbt/bed_feet_top"
    },
    "display": {
    "thirdperson_righthand": {
        "rotation": [ -20, -90, 20 ],
        "translation": [ 0, 2, 2 ],
        "scale": [ 0.8, 0.8, 0.8 ]
    },
    "head": {
        "rotation": [ 20, 90, 75 ],
        "translation": [ 0, 6.5, -15 ],
        "scale": [ 1.5, 1.5, 1.5 ]
    },
    "ground": {
        "rotation": [ 0, 100, 25 ],
        "translation": [ 0, 3, 0 ],
        "scale": [ 0.8, 0.8, 0.8 ]
    },
    "gui": {
        "rotation": [ 0, 40, 25 ],
        "translation": [ 0, 0, 0 ],
        "scale": [ 1.5, 1.1, 1.2 ]
    },
    "firstperson_righthand": {
        "rotation": [ -20, -90, 20 ],
        "translation": [ 0, 2, 2 ],
        "scale": [ 0.8, 0.8, 0.8 ]
    }
},
    "elements": [
        {
            "name": "Element",
            "from": [ 1.3125, 1.4375, 7.5 ], 
            "to": [ 18.0625, 2.4375, 8.5 ], 
            "rotation": { "origin": [ 1.3125, 2.4375, 7.5 ], "axis": "z", "angle": 45.0 },
            "faces": {
                "north": { "texture": "#0", "uv": [ 3.0, 7.0, 13.0, 8.5 ] },
                "east": { "texture": "#0", "uv": [ 3.0, 7.0, 4.0, 8.0 ] },
                "south": { "texture": "#0", "uv": [ 3.0, 7.0, 13.0, 8.0 ] },
                "west": { "texture": "#0", "uv": [ 12.0, 7.0, 13.0, 8.0 ] },
                "up": { "texture": "#0", "uv": [ 3.0, 7.0, 13.0, 8.0 ] },
                "down": { "texture": "#0", "uv": [ 13.0, 8.0, 3.0, 7.0 ] }
            }
        },
        {
            "name": "Element",
            "from": [ 1.5625, 1.6875, 7.0 ], 
            "to": [ 17.5625, 2.6875, 9.0 ], 
            "rotation": { "origin": [ 1.5625, 2.6875, 7.0 ], "axis": "z", "angle": 45.0 },
            "faces": {
                "north": { "texture": "#1", "uv": [ 16.0, 0.0, 0.0, 1.0 ] },
                "east": { "texture": "#1", "uv": [ 15.0, 0.0, 16.0, 1.0 ] },
                "south": { "texture": "#1", "uv": [ 0.0, 0.0, 16.0, 1.0 ] },
                "west": { "texture": "#1", "uv": [ 0.0, 0.0, 1.0, 1.0 ] },
                "up": { "texture": "#1", "uv": [ 0.0, 0.0, 16.0, 1.0 ] },
                "down": { "texture": "#1", "uv": [ 0.0, 1.0, 16.0, 0.0 ] }
            }
        },
        {
            "name": "Element",
            "from": [ 1.1875, 1.0625, 7.5 ], 
            "to": [ 17.1875, 3.0625, 8.5 ], 
            "rotation": { "origin": [ 1.1875, 3.0625, 7.5 ], "axis": "z", "angle": 45.0 },
            "faces": {
                "north": { "texture": "#1", "uv": [ 16.0, 0.0, 0.0, 1.0 ] },
                "east": { "texture": "#1", "uv": [ 15.0, 0.0, 16.0, 1.0 ] },
                "south": { "texture": "#1", "uv": [ 0.0, 0.0, 16.0, 1.0 ] },
                "west": { "texture": "#1", "uv": [ 0.0, 0.0, 1.0, 1.0 ] },
                "up": { "texture": "#1", "uv": [ 0.0, 0.0, 16.0, 1.0 ] },
                "down": { "texture": "#1", "uv": [ 0.0, 1.0, 16.0, 0.0 ] }
            }
        },
        {
            "name": "Element",
            "from": [ 9.5625, 11.9375, 7.0 ], 
            "to": [ 12.5625, 14.9375, 9.0 ], 
            "rotation": { "origin": [ 9.5625, 14.9375, 7.0 ], "axis": "z", "angle": -45.0 },
            "faces": {
                "north": { "texture": "#0", "uv": [ 5.0, 7.0, 8.0, 10.0 ] },
                "east": { "texture": "#0", "uv": [ 5.0, 7.0, 7.0, 10.0 ] },
                "south": { "texture": "#0", "uv": [ 5.0, 7.0, 8.0, 10.0 ] },
                "west": { "texture": "#0", "uv": [ 5.0, 7.0, 7.0, 10.0 ] },
                "up": { "texture": "#0", "uv": [ 5.0, 7.0, 8.0, 9.0 ] },
                "down": { "texture": "#0", "uv": [ 8.0, 9.0, 5.0, 7.0 ] }
            }
        },
        {
            "name": "Element",
            "from": [ 6.25, 10.625, 7.5625 ], 
            "to": [ 11.25, 12.625, 8.5625 ], 
            "rotation": { "origin": [ 6.25, 12.625, 7.5625 ], "axis": "z", "angle": 45.0 },
            "faces": {
                "north": { "texture": "#0", "uv": [ 5.0, 7.0, 10.0, 9.0 ] },
                "east": { "texture": "#0", "uv": [ 5.0, 7.0, 6.0, 9.0 ] },
                "south": { "texture": "#0", "uv": [ 5.0, 7.0, 10.0, 9.0 ] },
                "west": { "texture": "#0", "uv": [ 5.0, 7.0, 6.0, 9.0 ] },
                "up": { "texture": "#0", "uv": [ 5.0, 8.0, 10.0, 9.0 ] },
                "down": { "texture": "#0", "uv": [ 10.0, 8.0, 5.0, 7.0 ] }
            }
        },
        {
            "name": "Element",
            "from": [ 5.0625, 10.4375, 7.875 ], 
            "to": [ 12.0625, 12.4375, 8.25 ], 
            "rotation": { "origin": [ 5.0625, 12.4375, 7.875 ], "axis": "z", "angle": 45.0 },
            "faces": {
                "north": { "texture": "#0", "uv": [ 5.0, 7.0, 10.3125, 9.0 ] },
                "east": { "texture": "#0", "uv": [ 5.0, 7.0, 5.375, 9.0 ] },
                "south": { "texture": "#0", "uv": [ 5.6875, 3.0625, 11.0, 5.0625 ] },
                "west": { "texture": "#0", "uv": [ 5.0, 7.0, 5.375, 9.0 ] },
                "up": { "texture": "#0", "uv": [ 5.0, 8.5, 10.3125, 8.875 ] },
                "down": { "texture": "#0", "uv": [ 5.0, 9.0, 10.3125, 8.625 ] }
            }
        },
        {
            "name": "Cube",
            "from": [ -5.0, 14.0, 8.0 ], 
            "to": [ -4.0, 16.0, 9.0 ], 
            "rotation": { "origin": [ 0.0, 0.0, 0.0 ], "axis": "z", "angle": -45.0 },
            "faces": {
                "north": { "texture": "#2", "uv": [ 0.0, 0.0, 1.0, 2.0 ] },
                "east": { "texture": "#2", "uv": [ 0.0, 0.0, 1.0, 2.0 ] },
                "south": { "texture": "#2", "uv": [ 0.0, 0.0, 1.0, 2.0 ] },
                "west": { "texture": "#2", "uv": [ 0.0, 0.0, 1.0, 2.0 ] },
                "up": { "texture": "#2", "uv": [ 0.0, 0.0, 1.0, 1.0 ] },
                "down": { "texture": "#2", "uv": [ 0.0, 0.0, 1.0, 1.0 ] }
            }
        },
        {
            "name": "Cube",
            "from": [ -6.0, 13.0, 8.0 ], 
            "to": [ -5.0, 15.0, 9.0 ], 
            "rotation": { "origin": [ 0.0, 0.0, 0.0 ], "axis": "z", "angle": -45.0 },
            "faces": {
                "north": { "texture": "#2", "uv": [ 0.0, 0.0, 1.0, 2.0 ] },
                "east": { "texture": "#2", "uv": [ 0.0, 0.0, 1.0, 2.0 ] },
                "south": { "texture": "#2", "uv": [ 0.0, 0.0, 1.0, 2.0 ] },
                "west": { "texture": "#2", "uv": [ 0.0, 0.0, 1.0, 2.0 ] },
                "up": { "texture": "#2", "uv": [ 0.0, 0.0, 1.0, 1.0 ] },
                "down": { "texture": "#2", "uv": [ 0.0, 0.0, 1.0, 1.0 ] }
            }
        },
        {
            "name": "Cube",
            "from": [ -5.499999992549419, 12.699999995529652, 7.0 ], 
            "to": [ -4.499999992549419, 13.699999995529652, 8.0 ], 
            "rotation": { "origin": [ 0.0, 0.0, 0.0 ], "axis": "z", "angle": -45.0 },
            "faces": {
                "north": { "texture": "#2", "uv": [ 0.0, 0.0, 1.0, 1.0 ] },
                "east": { "texture": "#2", "uv": [ 0.0, 0.0, 1.0, 1.0 ] },
                "south": { "texture": "#2", "uv": [ 0.0, 0.0, 1.0, 1.0 ] },
                "west": { "texture": "#2", "uv": [ 0.0, 0.0, 1.0, 1.0 ] },
                "up": { "texture": "#2", "uv": [ 0.0, 0.0, 1.0, 1.0 ] },
                "down": { "texture": "#2", "uv": [ 0.0, 0.0, 1.0, 1.0 ] }
            }
        },
        {
            "name": "Cube",
            "from": [ -5.699999995529652, 14.599999994039536, 7.500000007450581 ], 
            "to": [ -4.699999995529652, 16.599999994039536, 8.50000000745058 ], 
            "rotation": { "origin": [ 0.0, 0.0, 0.0 ], "axis": "z", "angle": -45.0 },
            "faces": {
                "north": { "texture": "#2", "uv": [ 0.0, 0.0, 1.0, 2.0 ] },
                "east": { "texture": "#2", "uv": [ 0.0, 0.0, 1.0, 2.0 ] },
                "south": { "texture": "#2", "uv": [ 0.0, 0.0, 1.0, 2.0 ] },
                "west": { "texture": "#2", "uv": [ 0.0, 0.0, 1.0, 2.0 ] },
                "up": { "texture": "#2", "uv": [ 0.0, 0.0, 1.0, 1.0 ] },
                "down": { "texture": "#2", "uv": [ 0.0, 0.0, 1.0, 1.0 ] }
            }
        },
        {
            "name": "Cube",
            "from": [ -5.399999991059303, 15.899999983608723, 7.100000001490116 ], 
            "to": [ -4.399999991059303, 17.899999983608723, 8.100000001490116 ], 
            "rotation": { "origin": [ 0.0, 0.0, 0.0 ], "axis": "z", "angle": -45.0 },
            "faces": {
                "north": { "texture": "#2", "uv": [ 0.0, 0.0, 1.0, 2.0 ] },
                "east": { "texture": "#2", "uv": [ 0.0, 0.0, 1.0, 2.0 ] },
                "south": { "texture": "#2", "uv": [ 0.0, 0.0, 1.0, 2.0 ] },
                "west": { "texture": "#2", "uv": [ 0.0, 0.0, 1.0, 2.0 ] },
                "up": { "texture": "#2", "uv": [ 0.0, 0.0, 1.0, 1.0 ] },
                "down": { "texture": "#2", "uv": [ 0.0, 0.0, 1.0, 1.0 ] }
            }
        },
        {
            "name": "Cube",
            "from": [ -6.399999991059303, 15.499999977648258, 6.899999998509884 ], 
            "to": [ -5.399999991059303, 16.499999977648258, 7.899999998509884 ], 
            "rotation": { "origin": [ 0.0, 0.0, 0.0 ], "axis": "z", "angle": -45.0 },
            "faces": {
                "north": { "texture": "#2", "uv": [ 0.0, 0.0, 1.0, 1.0 ] },
                "east": { "texture": "#2", "uv": [ 0.0, 0.0, 1.0, 1.0 ] },
                "south": { "texture": "#2", "uv": [ 0.0, 0.0, 1.0, 1.0 ] },
                "west": { "texture": "#2", "uv": [ 0.0, 0.0, 1.0, 1.0 ] },
                "up": { "texture": "#2", "uv": [ 0.0, 0.0, 1.0, 1.0 ] },
                "down": { "texture": "#2", "uv": [ 0.0, 0.0, 1.0, 1.0 ] }
            }
        },
        {
            "name": "Cube",
            "from": [ -4.199999988079071, 15.499999977648258, 6.899999998509884 ], 
            "to": [ -3.3999999910593033, 16.69999998062849, 7.899999998509884 ], 
            "rotation": { "origin": [ 0.0, 0.0, 0.0 ], "axis": "z", "angle": -45.0 },
            "faces": {
                "north": { "texture": "#2", "uv": [ 0.0, 0.0, 0.7999999970197678, 1.2000000029802322 ] },
                "east": { "texture": "#2", "uv": [ 0.0, 0.0, 1.0, 1.2000000029802322 ] },
                "south": { "texture": "#2", "uv": [ 0.0, 0.0, 0.7999999970197678, 1.2000000029802322 ] },
                "west": { "texture": "#2", "uv": [ 0.0, 0.0, 1.0, 1.2000000029802322 ] },
                "up": { "texture": "#2", "uv": [ 0.0, 0.0, 0.7999999970197678, 1.0 ] },
                "down": { "texture": "#2", "uv": [ 0.0, 0.0, 0.7999999970197678, 1.0 ] }
            }
        },
        {
            "name": "Cube",
            "from": [ -4.299999989569187, 13.799999982118607, 7.200000002980232 ], 
            "to": [ -3.299999989569187, 15.099999986588955, 8.200000002980232 ], 
            "rotation": { "origin": [ 0.0, 0.0, 0.0 ], "axis": "z", "angle": -45.0 },
            "faces": {
                "north": { "texture": "#2", "uv": [ 0.0, 0.0, 1.0, 1.3000000044703484 ] },
                "east": { "texture": "#2", "uv": [ 0.0, 0.0, 1.0, 1.3000000044703484 ] },
                "south": { "texture": "#2", "uv": [ 0.0, 0.0, 1.0, 1.3000000044703484 ] },
                "west": { "texture": "#2", "uv": [ 0.0, 0.0, 1.0, 1.3000000044703484 ] },
                "up": { "texture": "#2", "uv": [ 0.0, 0.0, 1.0, 1.0 ] },
                "down": { "texture": "#2", "uv": [ 0.0, 0.0, 1.0, 1.0 ] }
            }
        }
    ]
}