{
"__comment": "Designed by Sager2210 with BDcraft Cubik PRO 0.95 Beta - http://bdcraft.net",
"textures": {
    "texture": "mcbt/transblu",
    "sword1": "mcbt/slime"
},
"elements": [ 
{
    "from": [ 4, 15.5, 0 ],
    "to": [ 12, 16, 1 ],
    "faces": {
        "down":  { "uv": [ 12, 1, 4, 0 ], "texture": "#texture" },
        "up":    { "uv": [ 4, 0, 12, 1 ], "texture": "#texture", "cullface": "up" },
        "north": { "uv": [ 4, 0, 12, 0.5 ], "texture": "#texture", "cullface": "north" },
        "south": { "uv": [ 4, 0, 12, 0.5 ], "texture": "#texture" },
        "west":  { "uv": [ 0, 0, 1, 0.5 ], "texture": "#texture" },
        "east":  { "uv": [ 15, 0, 16, 0.5 ], "texture": "#texture" }
    }
},
{
    "from": [ 4, 15.5, 15 ],
    "to": [ 12, 16, 16 ],
    "faces": {
        "down":  { "uv": [ 12, 16, 4, 15 ], "texture": "#texture" },
        "up":    { "uv": [ 4, 15, 12, 16 ], "texture": "#texture", "cullface": "up" },
        "north": { "uv": [ 4, 0, 12, 0.5 ], "texture": "#texture" },
        "south": { "uv": [ 4, 0, 12, 0.5 ], "texture": "#texture", "cullface": "south" },
        "west":  { "uv": [ 15, 0, 16, 0.5 ], "texture": "#texture" },
        "east":  { "uv": [ 0, 0, 1, 0.5 ], "texture": "#texture" }
    }
},
{
    "from": [ 12, 15.5, 14 ],
    "to": [ 14, 16, 15 ],
    "faces": {
        "down":  { "uv": [ 4, 15, 2, 14 ], "texture": "#texture" },
        "up":    { "uv": [ 12, 14, 14, 15 ], "texture": "#texture", "cullface": "up" },
        "north": { "uv": [ 2, 0, 4, 0.5 ], "texture": "#texture" },
        "south": { "uv": [ 12, 0, 14, 0.5 ], "texture": "#texture" },
        "west":  { "uv": [ 14, 0, 15, 0.5 ], "texture": "#texture" },
        "east":  { "uv": [ 1, 0, 2, 0.5 ], "texture": "#texture" }
    }
},
{
    "from": [ 2, 15.5, 14 ],
    "to": [ 4, 16, 15 ],
    "faces": {
        "down":  { "uv": [ 14, 15, 12, 14 ], "texture": "#texture" },
        "up":    { "uv": [ 2, 14, 4, 15 ], "texture": "#texture", "cullface": "up" },
        "north": { "uv": [ 12, 0, 14, 0.5 ], "texture": "#texture" },
        "south": { "uv": [ 2, 0, 4, 0.5 ], "texture": "#texture" },
        "west":  { "uv": [ 14, 0, 15, 0.5 ], "texture": "#texture" },
        "east":  { "uv": [ 1, 0, 2, 0.5 ], "texture": "#texture" }
    }
},
{
    "from": [ 2, 15.5, 1 ],
    "to": [ 4, 16, 2 ],
    "faces": {
        "down":  { "uv": [ 14, 2, 12, 1 ], "texture": "#texture" },
        "up":    { "uv": [ 2, 1, 4, 2 ], "texture": "#texture", "cullface": "up" },
        "north": { "uv": [ 12, 0, 14, 0.5 ], "texture": "#texture" },
        "south": { "uv": [ 2, 0, 4, 0.5 ], "texture": "#texture" },
        "west":  { "uv": [ 1, 0, 2, 0.5 ], "texture": "#texture" },
        "east":  { "uv": [ 14, 0, 15, 0.5 ], "texture": "#texture" }
    }
},
{
    "from": [ 12, 15.5, 1 ],
    "to": [ 14, 16, 2 ],
    "faces": {
        "down":  { "uv": [ 4, 2, 2, 1 ], "texture": "#texture" },
        "up":    { "uv": [ 12, 1, 14, 2 ], "texture": "#texture", "cullface": "up" },
        "north": { "uv": [ 2, 0, 4, 0.5 ], "texture": "#texture" },
        "south": { "uv": [ 12, 0, 14, 0.5 ], "texture": "#texture" },
        "west":  { "uv": [ 1, 0, 2, 0.5 ], "texture": "#texture" },
        "east":  { "uv": [ 14, 0, 15, 0.5 ], "texture": "#texture" }
    }
},
{
    "from": [ 14, 15.5, 2 ],
    "to": [ 15, 16, 4 ],
    "faces": {
        "down":  { "uv": [ 2, 4, 1, 2 ], "texture": "#texture" },
        "up":    { "uv": [ 14, 2, 15, 4 ], "texture": "#texture", "cullface": "up" },
        "north": { "uv": [ 1, 0, 2, 0.5 ], "texture": "#texture" },
        "south": { "uv": [ 14, 0, 15, 0.5 ], "texture": "#texture" },
        "west":  { "uv": [ 2, 0, 4, 0.5 ], "texture": "#texture" },
        "east":  { "uv": [ 12, 0, 14, 0.5 ], "texture": "#texture" }
    }
},
{
    "from": [ 14, 15.5, 12 ],
    "to": [ 15, 16, 14 ],
    "faces": {
        "down":  { "uv": [ 2, 14, 1, 12 ], "texture": "#texture" },
        "up":    { "uv": [ 14, 12, 15, 14 ], "texture": "#texture", "cullface": "up" },
        "north": { "uv": [ 1, 0, 2, 0.5 ], "texture": "#texture" },
        "south": { "uv": [ 14, 0, 15, 0.5 ], "texture": "#texture" },
        "west":  { "uv": [ 12, 0, 14, 0.5 ], "texture": "#texture" },
        "east":  { "uv": [ 2, 0, 4, 0.5 ], "texture": "#texture" }
    }
},
{
    "from": [ 1, 15.5, 12 ],
    "to": [ 2, 16, 14 ],
    "faces": {
        "down":  { "uv": [ 15, 14, 14, 12 ], "texture": "#texture" },
        "up":    { "uv": [ 1, 12, 2, 14 ], "texture": "#texture", "cullface": "up" },
        "north": { "uv": [ 14, 0, 15, 0.5 ], "texture": "#texture" },
        "south": { "uv": [ 1, 0, 2, 0.5 ], "texture": "#texture" },
        "west":  { "uv": [ 12, 0, 14, 0.5 ], "texture": "#texture" },
        "east":  { "uv": [ 2, 0, 4, 0.5 ], "texture": "#texture" }
    }
},
{
    "from": [ 1, 15.5, 2 ],
    "to": [ 2, 16, 4 ],
    "faces": {
        "down":  { "uv": [ 15, 4, 14, 2 ], "texture": "#texture" },
        "up":    { "uv": [ 1, 2, 2, 4 ], "texture": "#texture", "cullface": "up" },
        "north": { "uv": [ 14, 0, 15, 0.5 ], "texture": "#texture" },
        "south": { "uv": [ 1, 0, 2, 0.5 ], "texture": "#texture" },
        "west":  { "uv": [ 2, 0, 4, 0.5 ], "texture": "#texture" },
        "east":  { "uv": [ 12, 0, 14, 0.5 ], "texture": "#texture" }
    }
},
{
    "from": [ 0, 15.5, 4 ],
    "to": [ 1, 16, 12 ],
    "faces": {
        "down":  { "uv": [ 16, 12, 15, 4 ], "texture": "#texture" },
        "up":    { "uv": [ 0, 4, 1, 12 ], "texture": "#texture", "cullface": "up" },
        "north": { "uv": [ 15, 0, 16, 0.5 ], "texture": "#texture" },
        "south": { "uv": [ 0, 0, 1, 0.5 ], "texture": "#texture" },
        "west":  { "uv": [ 4, 0, 12, 0.5 ], "texture": "#texture", "cullface": "west" },
        "east":  { "uv": [ 4, 0, 12, 0.5 ], "texture": "#texture" }
    }
},
{
    "from": [ 15, 15.5, 4 ],
    "to": [ 16, 16, 12 ],
    "faces": {
        "down":  { "uv": [ 1, 12, 0, 4 ], "texture": "#texture" },
        "up":    { "uv": [ 15, 4, 16, 12 ], "texture": "#texture", "cullface": "up" },
        "north": { "uv": [ 0, 0, 1, 0.5 ], "texture": "#texture" },
        "south": { "uv": [ 15, 0, 16, 0.5 ], "texture": "#texture" },
        "west":  { "uv": [ 4, 0, 12, 0.5 ], "texture": "#texture" },
        "east":  { "uv": [ 4, 0, 12, 0.5 ], "texture": "#texture", "cullface": "east" }
    }
},
{
    "from": [ 14, 15.5, 14 ],
    "to": [ 14.5, 16, 14.5 ],
    "faces": {
        "down":  { "uv": [ 2, 14.5, 1.5, 14 ], "texture": "#texture" },
        "up":    { "uv": [ 14, 14, 14.5, 14.5 ], "texture": "#texture", "cullface": "up" },
        "south": { "uv": [ 14, 0, 14.5, 0.5 ], "texture": "#texture" },
        "east":  { "uv": [ 1.5, 0, 2, 0.5 ], "texture": "#texture" }
    }
},
{
    "from": [ 1.5, 15.5, 14 ],
    "to": [ 2, 16, 14.5 ],
    "faces": {
        "down":  { "uv": [ 14.5, 14.5, 14, 14 ], "texture": "#texture" },
        "up":    { "uv": [ 1.5, 14, 2, 14.5 ], "texture": "#texture", "cullface": "up" },
        "south": { "uv": [ 1.5, 0, 2, 0.5 ], "texture": "#texture" },
        "west":  { "uv": [ 14, 0, 14.5, 0.5 ], "texture": "#texture" }
    }
},
{
    "from": [ 2, 15.5, 13 ],
    "to": [ 2.5, 16, 14 ],
    "faces": {
        "down":  { "uv": [ 14, 14, 13.5, 13 ], "texture": "#texture" },
        "up":    { "uv": [ 2, 13, 2.5, 14 ], "texture": "#texture", "cullface": "up" },
        "north": { "uv": [ 13.5, 0, 14, 0.5 ], "texture": "#texture" },
        "east":  { "uv": [ 2, 0, 3, 0.5 ], "texture": "#texture" }
    }
},
{
    "from": [ 2.5, 15.5, 13.5 ],
    "to": [ 3, 16, 14 ],
    "faces": {
        "down":  { "uv": [ 13.5, 14, 13, 13.5 ], "texture": "#texture" },
        "up":    { "uv": [ 2.5, 13.5, 3, 14 ], "texture": "#texture", "cullface": "up" },
        "north": { "uv": [ 13, 0, 13.5, 0.5 ], "texture": "#texture" },
        "east":  { "uv": [ 2, 0, 2.5, 0.5 ], "texture": "#texture" }
    }
},
{
    "from": [ 13.5, 15.5, 2 ],
    "to": [ 14, 16, 3 ],
    "faces": {
        "down":  { "uv": [ 2.5, 3, 2, 2 ], "texture": "#texture" },
        "up":    { "uv": [ 13.5, 2, 14, 3 ], "texture": "#texture", "cullface": "up" },
        "south": { "uv": [ 13.5, 0, 14, 0.5 ], "texture": "#texture" },
        "west":  { "uv": [ 2, 0, 3, 0.5 ], "texture": "#texture" }
    }
},
{
    "from": [ 14, 15.5, 1.5 ],
    "to": [ 14.5, 16, 2 ],
    "faces": {
        "down":  { "uv": [ 2, 2, 1.5, 1.5 ], "texture": "#texture" },
        "up":    { "uv": [ 14, 1.5, 14.5, 2 ], "texture": "#texture", "cullface": "up" },
        "north": { "uv": [ 1.5, 0, 2, 0.5 ], "texture": "#texture" },
        "east":  { "uv": [ 14, 0, 14.5, 0.5 ], "texture": "#texture" }
    }
},
{
    "from": [ 1.5, 15.5, 1.5 ],
    "to": [ 2, 16, 2 ],
    "faces": {
        "down":  { "uv": [ 14.5, 2, 14, 1.5 ], "texture": "#texture" },
        "up":    { "uv": [ 1.5, 1.5, 2, 2 ], "texture": "#texture", "cullface": "up" },
        "north": { "uv": [ 14, 0, 14.5, 0.5 ], "texture": "#texture" },
        "west":  { "uv": [ 1.5, 0, 2, 0.5 ], "texture": "#texture" }
    }
},
{
    "from": [ 2.5, 15.5, 2 ],
    "to": [ 3, 16, 2.5 ],
    "faces": {
        "down":  { "uv": [ 13.5, 2.5, 13, 2 ], "texture": "#texture" },
        "up":    { "uv": [ 2.5, 2, 3, 2.5 ], "texture": "#texture", "cullface": "up" },
        "south": { "uv": [ 2.5, 0, 3, 0.5 ], "texture": "#texture" },
        "east":  { "uv": [ 13.5, 0, 14, 0.5 ], "texture": "#texture" }
    }
},
{
    "from": [ 4, 15.5, 1 ],
    "to": [ 5, 16, 1.5 ],
    "faces": {
        "down":  { "uv": [ 12, 1.5, 11, 1 ], "texture": "#texture" },
        "up":    { "uv": [ 4, 1, 5, 1.5 ], "texture": "#texture", "cullface": "up" },
        "south": { "uv": [ 4, 0, 5, 0.5 ], "texture": "#texture" },
        "east":  { "uv": [ 14.5, 0, 15, 0.5 ], "texture": "#texture" }
    }
},
{
    "from": [ 3, 15.5, 0.5 ],
    "to": [ 4, 16, 1 ],
    "faces": {
        "down":  { "uv": [ 13, 1, 12, 0.5 ], "texture": "#texture" },
        "up":    { "uv": [ 3, 0.5, 4, 1 ], "texture": "#texture", "cullface": "up" },
        "north": { "uv": [ 12, 0, 13, 0.5 ], "texture": "#texture" },
        "west":  { "uv": [ 0.5, 0, 1, 0.5 ], "texture": "#texture" }
    }
},
{
    "from": [ 12, 15.5, 0.5 ],
    "to": [ 13, 16, 1 ],
    "faces": {
        "down":  { "uv": [ 4, 1, 3, 0.5 ], "texture": "#texture" },
        "up":    { "uv": [ 12, 0.5, 13, 1 ], "texture": "#texture", "cullface": "up" },
        "north": { "uv": [ 3, 0, 4, 0.5 ], "texture": "#texture" },
        "east":  { "uv": [ 15, 0, 15.5, 0.5 ], "texture": "#texture" }
    }
},
{
    "from": [ 12, 15.5, 15 ],
    "to": [ 13, 16, 15.5 ],
    "faces": {
        "down":  { "uv": [ 4, 15.5, 3, 15 ], "texture": "#texture" },
        "up":    { "uv": [ 12, 15, 13, 15.5 ], "texture": "#texture", "cullface": "up" },
        "south": { "uv": [ 12, 0, 13, 0.5 ], "texture": "#texture" },
        "east":  { "uv": [ 0.5, 0, 1, 0.5 ], "texture": "#texture" }
    }
},
{
    "from": [ 3, 15.5, 15 ],
    "to": [ 4, 16, 15.5 ],
    "faces": {
        "down":  { "uv": [ 13, 15.5, 12, 15 ], "texture": "#texture" },
        "up":    { "uv": [ 3, 15, 4, 15.5 ], "texture": "#texture", "cullface": "up" },
        "south": { "uv": [ 3, 0, 4, 0.5 ], "texture": "#texture" },
        "west":  { "uv": [ 15, 0, 15.5, 0.5 ], "texture": "#texture" }
    }
},
{
    "from": [ 0.5, 15.5, 3 ],
    "to": [ 1, 16, 4 ],
    "faces": {
        "down":  { "uv": [ 15.5, 4, 15, 3 ], "texture": "#texture" },
        "up":    { "uv": [ 0.5, 3, 1, 4 ], "texture": "#texture", "cullface": "up" },
        "north": { "uv": [ 15, 0, 15.5, 0.5 ], "texture": "#texture" },
        "west":  { "uv": [ 3, 0, 4, 0.5 ], "texture": "#texture" }
    }
},
{
    "from": [ 0.5, 15.5, 12 ],
    "to": [ 1, 16, 13 ],
    "faces": {
        "down":  { "uv": [ 15.5, 13, 15, 12 ], "texture": "#texture" },
        "up":    { "uv": [ 0.5, 12, 1, 13 ], "texture": "#texture", "cullface": "up" },
        "south": { "uv": [ 0.5, 0, 1, 0.5 ], "texture": "#texture" },
        "west":  { "uv": [ 12, 0, 13, 0.5 ], "texture": "#texture" }
    }
},
{
    "from": [ 1, 15.5, 11 ],
    "to": [ 1.5, 16, 12 ],
    "faces": {
        "down":  { "uv": [ 15, 12, 14.5, 11 ], "texture": "#texture" },
        "up":    { "uv": [ 1, 11, 1.5, 12 ], "texture": "#texture", "cullface": "up" },
        "north": { "uv": [ 14.5, 0, 15, 0.5 ], "texture": "#texture" },
        "east":  { "uv": [ 4, 0, 5, 0.5 ], "texture": "#texture" }
    }
},
{
    "from": [ 1, 15.5, 4 ],
    "to": [ 1.5, 16, 5 ],
    "faces": {
        "down":  { "uv": [ 15, 5, 14.5, 4 ], "texture": "#texture" },
        "up":    { "uv": [ 1, 4, 1.5, 5 ], "texture": "#texture", "cullface": "up" },
        "south": { "uv": [ 1, 0, 1.5, 0.5 ], "texture": "#texture" },
        "east":  { "uv": [ 11, 0, 12, 0.5 ], "texture": "#texture" }
    }
},
{
    "from": [ 14.5, 15.5, 11 ],
    "to": [ 15, 16, 12 ],
    "faces": {
        "down":  { "uv": [ 1.5, 12, 1, 11 ], "texture": "#texture" },
        "up":    { "uv": [ 14.5, 11, 15, 12 ], "texture": "#texture", "cullface": "up" },
        "north": { "uv": [ 1, 0, 1.5, 0.5 ], "texture": "#texture" },
        "west":  { "uv": [ 11, 0, 12, 0.5 ], "texture": "#texture" }
    }
},
{
    "from": [ 14.5, 15.5, 4 ],
    "to": [ 15, 16, 5 ],
    "faces": {
        "down":  { "uv": [ 1.5, 5, 1, 4 ], "texture": "#texture" },
        "up":    { "uv": [ 14.5, 4, 15, 5 ], "texture": "#texture", "cullface": "up" },
        "south": { "uv": [ 14.5, 0, 15, 0.5 ], "texture": "#texture" },
        "west":  { "uv": [ 4, 0, 5, 0.5 ], "texture": "#texture" }
    }
},
{
    "from": [ 15, 15.5, 3 ],
    "to": [ 15.5, 16, 4 ],
    "faces": {
        "down":  { "uv": [ 1, 4, 0.5, 3 ], "texture": "#texture" },
        "up":    { "uv": [ 15, 3, 15.5, 4 ], "texture": "#texture", "cullface": "up" },
        "north": { "uv": [ 0.5, 0, 1, 0.5 ], "texture": "#texture" },
        "east":  { "uv": [ 12, 0, 13, 0.5 ], "texture": "#texture" }
    }
},
{
    "from": [ 15, 15.5, 12 ],
    "to": [ 15.5, 16, 13 ],
    "faces": {
        "down":  { "uv": [ 1, 13, 0.5, 12 ], "texture": "#texture" },
        "up":    { "uv": [ 15, 12, 15.5, 13 ], "texture": "#texture", "cullface": "up" },
        "south": { "uv": [ 15, 0, 15.5, 0.5 ], "texture": "#texture" },
        "east":  { "uv": [ 3, 0, 4, 0.5 ], "texture": "#texture" }
    }
},
{
    "from": [ 4, 15.5, 14.5 ],
    "to": [ 5, 16, 15 ],
    "faces": {
        "down":  { "uv": [ 12, 15, 11, 14.5 ], "texture": "#texture" },
        "up":    { "uv": [ 4, 14.5, 5, 15 ], "texture": "#texture", "cullface": "up" },
        "north": { "uv": [ 11, 0, 12, 0.5 ], "texture": "#texture" },
        "east":  { "uv": [ 1, 0, 1.5, 0.5 ], "texture": "#texture" }
    }
},
{
    "from": [ 11, 15.5, 14.5 ],
    "to": [ 12, 16, 15 ],
    "faces": {
        "down":  { "uv": [ 5, 15, 4, 14.5 ], "texture": "#texture" },
        "up":    { "uv": [ 11, 14.5, 12, 15 ], "texture": "#texture", "cullface": "up" },
        "north": { "uv": [ 4, 0, 5, 0.5 ], "texture": "#texture" },
        "west":  { "uv": [ 14.5, 0, 15, 0.5 ], "texture": "#texture" }
    }
},
{
    "from": [ 13.5, 15.5, 13 ],
    "to": [ 14, 16, 14 ],
    "faces": {
        "down":  { "uv": [ 2.5, 14, 2, 13 ], "texture": "#texture" },
        "up":    { "uv": [ 13.5, 13, 14, 14 ], "texture": "#texture", "cullface": "up" },
        "north": { "uv": [ 2, 0, 2.5, 0.5 ], "texture": "#texture" },
        "west":  { "uv": [ 13, 0, 14, 0.5 ], "texture": "#texture" }
    }
},
{
    "from": [ 13, 15.5, 13.5 ],
    "to": [ 13.5, 16, 14 ],
    "faces": {
        "down":  { "uv": [ 3, 14, 2.5, 13.5 ], "texture": "#texture" },
        "up":    { "uv": [ 13, 13.5, 13.5, 14 ], "texture": "#texture", "cullface": "up" },
        "north": { "uv": [ 2.5, 0, 3, 0.5 ], "texture": "#texture" },
        "west":  { "uv": [ 13.5, 0, 14, 0.5 ], "texture": "#texture" }
    }
},
{
    "from": [ 13, 15.5, 2 ],
    "to": [ 13.5, 16, 2.5 ],
    "faces": {
        "down":  { "uv": [ 3, 2.5, 2.5, 2 ], "texture": "#texture" },
        "up":    { "uv": [ 13, 2, 13.5, 2.5 ], "texture": "#texture", "cullface": "up" },
        "south": { "uv": [ 13, 0, 13.5, 0.5 ], "texture": "#texture" },
        "west":  { "uv": [ 2, 0, 2.5, 0.5 ], "texture": "#texture" }
    }
},
{
    "from": [ 2, 15.5, 2 ],
    "to": [ 2.5, 16, 3 ],
    "faces": {
        "down":  { "uv": [ 14, 3, 13.5, 2 ], "texture": "#texture" },
        "up":    { "uv": [ 2, 2, 2.5, 3 ], "texture": "#texture", "cullface": "up" },
        "south": { "uv": [ 2, 0, 2.5, 0.5 ], "texture": "#texture" },
        "east":  { "uv": [ 13, 0, 14, 0.5 ], "texture": "#texture" }
    }
},
{
    "from": [ 5.5, 15.5, -0.5 ],
    "to": [ 10.5, 16, 0 ],
    "faces": {
        "down":  { "uv": [ 10.5, 0, 5.5, 0 ], "texture": "#texture", "cullface": "north" },
        "up":    { "uv": [ 5.5, 0, 10.5, 0 ], "texture": "#texture", "cullface": "north" },
        "north": { "uv": [ 5.5, 0, 10.5, 0.5 ], "texture": "#texture", "cullface": "north" },
        "west":  { "uv": [ 0, 0, 0, 0.5 ], "texture": "#texture", "cullface": "north" },
        "east":  { "uv": [ 16, 0, 16, 0.5 ], "texture": "#texture", "cullface": "north" }
    }
},
{
    "from": [ 5.5, 15.5, 16 ],
    "to": [ 10.5, 16, 16.5 ],
    "faces": {
        "down":  { "uv": [ 10.5, 16, 5.5, 16 ], "texture": "#texture", "cullface": "south" },
        "up":    { "uv": [ 5.5, 16, 10.5, 16 ], "texture": "#texture", "cullface": "south" },
        "south": { "uv": [ 5.5, 0, 10.5, 0.5 ], "texture": "#texture", "cullface": "south" },
        "west":  { "uv": [ 16, 0, 16, 0.5 ], "texture": "#texture", "cullface": "south" },
        "east":  { "uv": [ 0, 0, 0, 0.5 ], "texture": "#texture", "cullface": "south" }
    }
},
{
    "from": [ 16, 15.5, 5.5 ],
    "to": [ 16.5, 16, 10.5 ],
    "faces": {
        "down":  { "uv": [ 0, 10.5, 0, 5.5 ], "texture": "#texture", "cullface": "east" },
        "up":    { "uv": [ 16, 5.5, 16, 10.5 ], "texture": "#texture", "cullface": "east" },
        "north": { "uv": [ 0, 0, 0, 0.5 ], "texture": "#texture", "cullface": "east" },
        "south": { "uv": [ 16, 0, 16, 0.5 ], "texture": "#texture", "cullface": "east" },
        "east":  { "uv": [ 5.5, 0, 10.5, 0.5 ], "texture": "#texture", "cullface": "east" }
    }
},
{
    "from": [ -0.5, 15.5, 5.5 ],
    "to": [ 0, 16, 10.5 ],
    "faces": {
        "down":  { "uv": [ 16, 10.5, 16, 5.5 ], "texture": "#texture", "cullface": "west" },
        "up":    { "uv": [ 0, 5.5, 0, 10.5 ], "texture": "#texture", "cullface": "west" },
        "north": { "uv": [ 16, 0, 16, 0.5 ], "texture": "#texture", "cullface": "west" },
        "south": { "uv": [ 0, 0, 0, 0.5 ], "texture": "#texture", "cullface": "west" },
        "west":  { "uv": [ 5.5, 0, 10.5, 0.5 ], "texture": "#texture", "cullface": "west" }
    }
},
{
    "from": [ 11, 15.5, 1 ],
    "to": [ 12, 16, 1.5 ],
    "faces": {
        "down":  { "uv": [ 5, 1.5, 4, 1 ], "texture": "#texture" },
        "up":    { "uv": [ 11, 1, 12, 1.5 ], "texture": "#texture", "cullface": "up" },
        "south": { "uv": [ 11, 0, 12, 0.5 ], "texture": "#texture" },
        "west":  { "uv": [ 1, 0, 1.5, 0.5 ], "texture": "#texture" }
    }
},
{
    "from": [ 5, 15.3125, 6.6875 ],
    "to": [ 11, 21.3125, 10.6875 ],
    "rotation": { "origin": [ 5, 21.3125, 6.6875 ], "axis": "x", "angle": -45 },
    "faces": {
        "down":  { "uv": [ 10, 10.5, 6, 7 ], "texture": "#sword1" },
        "up":    { "uv": [ 6, 7, 10, 10.5 ], "texture": "#sword1" },
        "north": { "uv": [ 6, 0, 10, 0 ], "texture": "#sword1" },
        "south": { "uv": [ 6, 0, 10, 0 ], "texture": "#sword1" },
        "west":  { "uv": [ 7, 0, 10.5, 0 ], "texture": "#sword1" },
        "east":  { "uv": [ 5.5, 0, 9, 0 ], "texture": "#sword1" }
    }
},
{
    "from": [ 5.5625, 18.5625, 9.4375 ],
    "to": [ 10.5625, 24.0625, 13.9375 ],
    "rotation": { "origin": [ 5.5625, 24.0625, 9.4375 ], "axis": "x", "angle": -22.5 },
    "faces": {
        "down":  { "uv": [ 10, 10.5, 6, 7 ], "texture": "#sword1" },
        "up":    { "uv": [ 6, 7, 10, 10.5 ], "texture": "#sword1" },
        "north": { "uv": [ 6, 0, 10, 0 ], "texture": "#sword1" },
        "south": { "uv": [ 6, 0, 10, 0 ], "texture": "#sword1" },
        "west":  { "uv": [ 7, 0, 10.5, 0 ], "texture": "#sword1" },
        "east":  { "uv": [ 5.5, 0, 9, 0 ], "texture": "#sword1" }
    }
},
{
    "from": [ 5.9375, 20.5625, 13.625 ],
    "to": [ 9.9375, 25.5625, 16.625 ],
    "rotation": { "origin": [ 5.9375, 25.5625, 13.625 ], "axis": "x", "angle": -22.5 },
    "faces": {
        "down":  { "uv": [ 9, 16, 4, 15.5 ], "texture": "#sword1" },
        "up":    { "uv": [ 5, 15.5, 10, 16 ], "texture": "#sword1" },
        "north": { "uv": [ 6, 0, 10, 0 ], "texture": "#sword1" },
        "south": { "uv": [ 6, 0, 10, 0 ], "texture": "#sword1" },
        "west":  { "uv": [ 7, 0, 10.5, 0 ], "texture": "#sword1" },
        "east":  { "uv": [ 5.5, 0, 9, 0 ], "texture": "#sword1" }
    }
},
{
    "from": [ 6.125, 22.0625, 16.375 ],
    "to": [ 9.625, 26.5625, 20.375 ],
    "faces": {
        "down":  { "uv": [ 9, 16, 4, 15.5 ], "texture": "#sword1" },
        "up":    { "uv": [ 5, 15.5, 10, 16 ], "texture": "#sword1" },
        "north": { "uv": [ 6, 0, 10, 0 ], "texture": "#sword1" },
        "south": { "uv": [ 6, 0, 10, 0 ], "texture": "#sword1" },
        "west":  { "uv": [ 7, 0, 10.5, 0 ], "texture": "#sword1" },
        "east":  { "uv": [ 5.5, 0, 9, 0 ], "texture": "#sword1" }
    }
}
],
"display": {
    "head": {
        "rotation": [ -10, 0, 0 ],
        "translation": [ 0, -5.7, 3.5 ],
        "scale": [ 1.55, 1.55, 1.55 ]
    },
    "gui": {
        "rotation": [ 15, 140, 0 ],
        "translation": [ 0, -13, 3.9 ],
        "scale": [ 1, 1, 1 ]
    }
}
}