{"textures":{"1":"mcbt/iron_door_bottom"},"elements":[{"from":[3.5,4.75,3.25],"to":[12.75,6,12.75],"faces":{"down":{"uv":[12.5,12.75,3.25,3.25],"texture":"#1"},"up":{"uv":[3.5,3.25,12.75,12.75],"texture":"#1"},"north":{"uv":[3.25,10,12.5,11.25],"texture":"#1"},"south":{"uv":[3.5,10,12.75,11.25],"texture":"#1"},"west":{"uv":[3.25,10,12.75,11.25],"texture":"#1"},"east":{"uv":[3.25,10,12.75,11.25],"texture":"#1"}}},{"from":[3.75,6,3.75],"to":[12.5,13.5,12.25],"faces":{"down":{"uv":[12.25,12.25,3.5,3.75],"texture":"#1"},"up":{"uv":[3.75,3.75,12.5,12.25],"texture":"#1"},"north":{"uv":[3.5,2.5,12.25,10],"texture":"#1"},"south":{"uv":[3.75,2.5,12.5,10],"texture":"#1"},"west":{"uv":[3.75,2.5,12.25,10],"texture":"#1"},"east":{"uv":[3.75,2.5,12.25,10],"texture":"#1"}}},{"from":[2.125,8.625,2.75],"to":[3.125,9.625,13.25],"rotation":{"origin":[2.125,9.625,2.75],"axis":"z","angle":22.5},"faces":{"down":{"uv":[14,13,13,2.75],"texture":"#1"},"up":{"uv":[2,2.75,3,13],"texture":"#1"},"north":{"uv":[13,5,14,6],"texture":"#1"},"south":{"uv":[2,5,3,6],"texture":"#1"},"west":{"uv":[2.75,5,13,6],"texture":"#1"},"east":{"uv":[3,5,13.25,6],"texture":"#1"}}},{"from":[3,9,2.75],"to":[9,10,3.75],"rotation":{"origin":[3,10,2.75],"axis":"z","angle":22.5},"faces":{"down":{"uv":[13,3.75,7,2.75],"texture":"#1"},"up":{"uv":[3,2.75,9,3.75],"texture":"#1"},"north":{"uv":[7,6,13,7],"texture":"#1"},"south":{"uv":[3,6,9,7],"texture":"#1"},"west":{"uv":[2.75,6,3.75,7],"texture":"#1"},"east":{"uv":[12.25,6,13.25,7],"texture":"#1"}}},{"from":[3,9,12.25],"to":[9,10,13.25],"rotation":{"origin":[3,10,12.25],"axis":"z","angle":22.5},"faces":{"down":{"uv":[13,13.25,7,12.25],"texture":"#1"},"up":{"uv":[3,12.25,9,13.25],"texture":"#1"},"north":{"uv":[7,6,13,7],"texture":"#1"},"south":{"uv":[3,6,9,7],"texture":"#1"},"west":{"uv":[12.25,6,13.25,7],"texture":"#1"},"east":{"uv":[2.75,6,3.75,7],"texture":"#1"}}}],"display":{"head":{"rotation":[0,0,10],"translation":[-0.35,4.5,0],"scale":[1.78,1.78,1.78]},"gui":{"rotation":[0,45,0],"translation":[0,-2,0],"scale":[0.9,0.9,0.9]}}}