{
"__comment": "Designed by Sager2210 with BDcraft Cubik PRO 0.93 Beta - http://bdcraft.net",
"textures": {
    "whitey": "mcbt/netherrack",
    "black": "mcbt/black"
},
"elements": [ 
{
    "from": [ 6.5, 6, 3 ],
    "to": [ 10.5, 10, 4 ],
    "faces": {
        "down":  { "uv": [ 9.5, 4, 5.5, 3 ], "texture": "#whitey" },
        "up":    { "uv": [ 6.5, 3, 10.5, 4 ], "texture": "#whitey" },
        "north": { "uv": [ 5.5, 6, 9.5, 10 ], "texture": "#whitey" },
        "south": { "uv": [ 6.5, 6, 10.5, 10 ], "texture": "#whitey" },
        "west":  { "uv": [ 3, 6, 4, 10 ], "texture": "#whitey" },
        "east":  { "uv": [ 12, 6, 13, 10 ], "texture": "#whitey" }
    }
},
{
    "from": [ 6.5, 6, 12 ],
    "to": [ 10.5, 10, 13 ],
    "faces": {
        "down":  { "uv": [ 9.5, 13, 5.5, 12 ], "texture": "#whitey" },
        "up":    { "uv": [ 6.5, 12, 10.5, 13 ], "texture": "#whitey" },
        "north": { "uv": [ 5.5, 6, 9.5, 10 ], "texture": "#whitey" },
        "south": { "uv": [ 6.5, 6, 10.5, 10 ], "texture": "#whitey" },
        "west":  { "uv": [ 12, 6, 13, 10 ], "texture": "#whitey" },
        "east":  { "uv": [ 3, 6, 4, 10 ], "texture": "#whitey" }
    }
},
{
    "from": [ 7, 5.875, 11.6875 ],
    "to": [ 10, 9.375, 15.1875 ],
    "rotation": { "origin": [ 7, 9.375, 11.6875 ], "axis": "x", "angle": -22.5 },
    "faces": {
        "down":  { "uv": [ 9, 16, 6, 13 ], "texture": "#whitey" },
        "up":    { "uv": [ 7, 13, 10, 16 ], "texture": "#whitey" },
        "north": { "uv": [ 6, 6, 9, 9.5 ], "texture": "#whitey" },
        "south": { "uv": [ 7, 6, 10, 9.5 ], "texture": "#whitey" },
        "west":  { "uv": [ 13, 6, 16, 9.5 ], "texture": "#whitey" },
        "east":  { "uv": [ 0, 6, 3, 9.5 ], "texture": "#whitey" }
    }
},
{
    "from": [ 7, 7.125, 1.125 ],
    "to": [ 10, 10.625, 4.625 ],
    "rotation": { "origin": [ 7, 10.625, 1.125 ], "axis": "x", "angle": 22.5 },
    "faces": {
        "down":  { "uv": [ 9, 3, 6, 0 ], "texture": "#whitey" },
        "up":    { "uv": [ 7, 0, 10, 3 ], "texture": "#whitey" },
        "north": { "uv": [ 6, 6, 9, 9.5 ], "texture": "#whitey" },
        "south": { "uv": [ 7, 6, 10, 9.5 ], "texture": "#whitey" },
        "west":  { "uv": [ 0, 6, 3, 9.5 ], "texture": "#whitey" },
        "east":  { "uv": [ 13, 6, 16, 9.5 ], "texture": "#whitey" }
    }
},
{
    "from": [ 6, 5.5, 4 ],
    "to": [ 11, 10.5, 4.5 ],
    "faces": {
        "down":  { "uv": [ 10, 4.5, 5, 4 ], "texture": "#black" },
        "up":    { "uv": [ 6, 4, 11, 4.5 ], "texture": "#black" },
        "north": { "uv": [ 5, 5.5, 10, 10.5 ], "texture": "#black" },
        "south": { "uv": [ 6, 5.5, 11, 10.5 ], "texture": "#black" },
        "west":  { "uv": [ 4, 5.5, 4.5, 10.5 ], "texture": "#black" },
        "east":  { "uv": [ 11.5, 5.5, 12, 10.5 ], "texture": "#black" }
    }
},
{
    "from": [ 6, 5.5, 11.5 ],
    "to": [ 11, 10.5, 12 ],
    "faces": {
        "down":  { "uv": [ 10, 12, 5, 11.5 ], "texture": "#black" },
        "up":    { "uv": [ 6, 11.5, 11, 12 ], "texture": "#black" },
        "north": { "uv": [ 5, 5.5, 10, 10.5 ], "texture": "#black" },
        "south": { "uv": [ 6, 5.5, 11, 10.5 ], "texture": "#black" },
        "west":  { "uv": [ 11.5, 5.5, 12, 10.5 ], "texture": "#black" },
        "east":  { "uv": [ 4, 5.5, 4.5, 10.5 ], "texture": "#black" }
    }
},
{
    "from": [ 7.5, 7.1875, -1.5625 ],
    "to": [ 9.5, 10.6875, 0.9375 ],
    "rotation": { "origin": [ 7.5, 10.6875, -1.5625 ], "axis": "x", "angle": -22.5 },
    "faces": {
        "down":  { "uv": [ 9, 3, 6, 0 ], "texture": "#whitey" },
        "up":    { "uv": [ 7, 0, 10, 3 ], "texture": "#whitey" },
        "north": { "uv": [ 6, 6, 9, 9.5 ], "texture": "#whitey" },
        "south": { "uv": [ 7, 6, 10, 9.5 ], "texture": "#whitey" },
        "west":  { "uv": [ 0, 6, 3, 9.5 ], "texture": "#whitey" },
        "east":  { "uv": [ 13, 6, 16, 9.5 ], "texture": "#whitey" }
    }
},
{
    "from": [ 7.5, 8.25, 15.375 ],
    "to": [ 9.5, 11.75, 17.875 ],
    "rotation": { "origin": [ 7.5, 11.75, 15.375 ], "axis": "x", "angle": 22.5 },
    "faces": {
        "down":  { "uv": [ 9, 3, 6, 0 ], "texture": "#whitey" },
        "up":    { "uv": [ 7, 0, 10, 3 ], "texture": "#whitey" },
        "north": { "uv": [ 6, 6, 9, 9.5 ], "texture": "#whitey" },
        "south": { "uv": [ 7, 6, 10, 9.5 ], "texture": "#whitey" },
        "west":  { "uv": [ 0, 6, 3, 9.5 ], "texture": "#whitey" },
        "east":  { "uv": [ 13, 6, 16, 9.5 ], "texture": "#whitey" }
    }
},
{
    "from": [ 8, 10, 15.75 ],
    "to": [ 9, 13.5, 17.25 ],
    "faces": {
        "down":  { "uv": [ 9, 3, 6, 0 ], "texture": "#whitey" },
        "up":    { "uv": [ 7, 0, 10, 3 ], "texture": "#whitey" },
        "north": { "uv": [ 6, 6, 9, 9.5 ], "texture": "#whitey" },
        "south": { "uv": [ 7, 6, 10, 9.5 ], "texture": "#whitey" },
        "west":  { "uv": [ 0, 6, 3, 9.5 ], "texture": "#whitey" },
        "east":  { "uv": [ 13, 6, 16, 9.5 ], "texture": "#whitey" }
    }
},
{
    "from": [ 8, 9.8125, -1.1875 ],
    "to": [ 9, 13.3125, 0.3125 ],
    "faces": {
        "down":  { "uv": [ 9, 3, 6, 0 ], "texture": "#whitey" },
        "up":    { "uv": [ 7, 0, 10, 3 ], "texture": "#whitey" },
        "north": { "uv": [ 6, 6, 9, 9.5 ], "texture": "#whitey" },
        "south": { "uv": [ 7, 6, 10, 9.5 ], "texture": "#whitey" },
        "west":  { "uv": [ 0, 6, 3, 9.5 ], "texture": "#whitey" },
        "east":  { "uv": [ 13, 6, 16, 9.5 ], "texture": "#whitey" }
    }
},
{
    "from": [ 8.25, 11.1875, -0.875 ],
    "to": [ 8.75, 14.6875, 0.125 ],
    "faces": {
        "down":  { "uv": [ 9, 3, 6, 0 ], "texture": "#whitey" },
        "up":    { "uv": [ 7, 0, 10, 3 ], "texture": "#whitey" },
        "north": { "uv": [ 6, 6, 9, 9.5 ], "texture": "#whitey" },
        "south": { "uv": [ 7, 6, 10, 9.5 ], "texture": "#whitey" },
        "west":  { "uv": [ 0, 6, 3, 9.5 ], "texture": "#whitey" },
        "east":  { "uv": [ 13, 6, 16, 9.5 ], "texture": "#whitey" }
    }
},
{
    "from": [ 8.25, 11, 16 ],
    "to": [ 8.75, 14.5, 17 ],
    "faces": {
        "down":  { "uv": [ 9, 3, 6, 0 ], "texture": "#whitey" },
        "up":    { "uv": [ 7, 0, 10, 3 ], "texture": "#whitey" },
        "north": { "uv": [ 6, 6, 9, 9.5 ], "texture": "#whitey" },
        "south": { "uv": [ 7, 6, 10, 9.5 ], "texture": "#whitey" },
        "west":  { "uv": [ 0, 6, 3, 9.5 ], "texture": "#whitey" },
        "east":  { "uv": [ 13, 6, 16, 9.5 ], "texture": "#whitey" }
    }
}
],
"display": {
    "head": {
        "rotation": [ 0, 90, -10 ],
        "translation": [ 0, 0.6, 0 ],
        "scale": [ 1.42, 1.95, 1.29 ]
    },
    "gui": {
        "rotation": [ 90, -90, 50 ],
        "translation": [ 0, 0, 3.9 ],
        "scale": [ 0.7, 1.3, 0.7 ]
    }
}
}