{"textures":{"1":"mcbt/wool_colored_red","2":"mcbt/wool_colored_orange","3":"mcbt/wool_colored_yellow","4":"mcbt/wool_colored_lime","5":"mcbt/wool_colored_cyan","6":"mcbt/wool_colored_blue","7":"mcbt/wool_colored_purple","8":"mcbt/wool_colored_magenta","9":"mcbt/wool_colored_pink"},"elements":[{"from":[3,5,3],"to":[6,9,6],"faces":{"down":{"uv":[13,6,10,3],"texture":"#1"},"up":{"uv":[3,3,6,6],"texture":"#1"},"north":{"uv":[10,7,13,11],"texture":"#1"},"south":{"uv":[3,7,6,11],"texture":"#1"},"west":{"uv":[3,7,6,11],"texture":"#1"},"east":{"uv":[10,7,13,11],"texture":"#1"}}},{"from":[10,5,10],"to":[13,9,13],"faces":{"down":{"uv":[6,13,3,10],"texture":"#5"},"up":{"uv":[10,10,13,13],"texture":"#5"},"north":{"uv":[3,7,6,11],"texture":"#5"},"south":{"uv":[10,7,13,11],"texture":"#5"},"west":{"uv":[10,7,13,11],"texture":"#5"},"east":{"uv":[3,7,6,11],"texture":"#5"}}},{"from":[10,5,3],"to":[13,9,6],"faces":{"down":{"uv":[6,6,3,3],"texture":"#3"},"up":{"uv":[10,3,13,6],"texture":"#3"},"north":{"uv":[3,7,6,11],"texture":"#3"},"south":{"uv":[10,7,13,11],"texture":"#3"},"west":{"uv":[3,7,6,11],"texture":"#3"},"east":{"uv":[10,7,13,11],"texture":"#3"}}},{"from":[3,5,10],"to":[6,9,13],"faces":{"down":{"uv":[13,13,10,10],"texture":"#7"},"up":{"uv":[3,10,6,13],"texture":"#7"},"north":{"uv":[10,7,13,11],"texture":"#7"},"south":{"uv":[3,7,6,11],"texture":"#7"},"west":{"uv":[10,7,13,11],"texture":"#7"},"east":{"uv":[3,7,6,11],"texture":"#7"}}},{"from":[6,5,2.5],"to":[10,10,5.5],"faces":{"down":{"uv":[10,5.5,6,2.5],"texture":"#2"},"up":{"uv":[6,2.5,10,5.5],"texture":"#2"},"north":{"uv":[6,6,10,11],"texture":"#2"},"south":{"uv":[6,6,10,11],"texture":"#2"},"west":{"uv":[2.5,6,5.5,11],"texture":"#2"},"east":{"uv":[10.5,6,13.5,11],"texture":"#2"}}},{"from":[10.5,5,6],"to":[13.5,10,10],"faces":{"down":{"uv":[5.5,10,2.5,6],"texture":"#4"},"up":{"uv":[10.5,6,13.5,10],"texture":"#4"},"north":{"uv":[2.5,6,5.5,11],"texture":"#4"},"south":{"uv":[10.5,6,13.5,11],"texture":"#4"},"west":{"uv":[6,6,10,11],"texture":"#4"},"east":{"uv":[6,6,10,11],"texture":"#4"}}},{"from":[6,5,10.5],"to":[10,10,13.5],"faces":{"down":{"uv":[10,13.5,6,10.5],"texture":"#6"},"up":{"uv":[6,10.5,10,13.5],"texture":"#6"},"north":{"uv":[6,6,10,11],"texture":"#6"},"south":{"uv":[6,6,10,11],"texture":"#6"},"west":{"uv":[10.5,6,13.5,11],"texture":"#6"},"east":{"uv":[2.5,6,5.5,11],"texture":"#6"}}},{"from":[2.5,5,6],"to":[5.5,10,10],"faces":{"down":{"uv":[13.5,10,10.5,6],"texture":"#8"},"up":{"uv":[2.5,6,5.5,10],"texture":"#8"},"north":{"uv":[10.5,6,13.5,11],"texture":"#8"},"south":{"uv":[2.5,6,5.5,11],"texture":"#8"},"west":{"uv":[6,6,10,11],"texture":"#8"},"east":{"uv":[6,6,10,11],"texture":"#8"}}},{"from":[5.5,9,5.5],"to":[10.5,11,10.5],"faces":{"down":{"uv":[10.5,10.5,5.5,5.5],"texture":"#9"},"up":{"uv":[5.5,5.5,10.5,10.5],"texture":"#9"},"north":{"uv":[5.5,5,10.5,7],"texture":"#9"},"south":{"uv":[5.5,5,10.5,7],"texture":"#9"},"west":{"uv":[5.5,5,10.5,7],"texture":"#9"},"east":{"uv":[5.5,5,10.5,7],"texture":"#9"}}}],"display":{"head":{"rotation":[0,90,0],"translation":[0,9,0],"scale":[1.7,1.7,1.7]},"gui":{"rotation":[10,-135,0]}}}