{"textures":{"1":"mcbt/wool_colored_white","2":"mcbt/hardened_clay","3":"mcbt/prismarine_bricks","4":"mcbt/coal_block","5":"mcbt/prismarine_dark"},"elements":[{"from":[5,8.5,9],"to":[11,9.5,14.75],"rotation":{"origin":[5,9.5,9],"axis":"x","angle":22.5},"faces":{"down":{"uv":[15,15,1,1],"texture":"#2"},"up":{"uv":[2,0,16,14],"texture":"#2"},"north":{"uv":[14,0,2,2],"texture":"#2"},"south":{"uv":[2.25,12,14.25,14],"texture":"#2"},"west":{"uv":[0,13,11.75,15],"texture":"#2"},"east":{"uv":[16,13,4,15],"texture":"#2"}}},{"from":[6.5,13.3125,14.625],"to":[9.75,16.5625,17.625],"rotation":{"origin":[6.5,16.5625,14.625],"axis":"x","angle":45},"faces":{"down":{"uv":[4,9,11,15],"texture":"#3"},"up":{"uv":[4,9,11,15],"texture":"#3"},"north":{"uv":[4,8,10,14],"texture":"#3"},"south":{"uv":[1,5,7,11],"texture":"#3"},"west":{"uv":[7,8,13,14],"texture":"#3"},"east":{"uv":[0,1,6,7],"texture":"#3"}}},{"from":[5.5,9,10.5],"to":[10.5,12,15.5],"rotation":{"origin":[5.5,12,10.5],"axis":"x","angle":22.5},"faces":{"down":{"uv":[14,12,4,2],"texture":"#3"},"up":{"uv":[2,2,12,12],"texture":"#3"},"north":{"uv":[13,4,3,10],"texture":"#3"},"south":{"uv":[3,5,13,11],"texture":"#3"},"west":{"uv":[5,9,15,15],"texture":"#3"},"east":{"uv":[12,5,2,11],"texture":"#3"}}},{"from":[6,11.5,12],"to":[10,14.5,16],"rotation":{"origin":[6,14.5,12],"axis":"x","angle":22.5},"faces":{"down":{"uv":[13,12,5,4],"texture":"#3"},"up":{"uv":[4,3,12,11],"texture":"#3"},"north":{"uv":[15,9,7,15],"texture":"#3"},"south":{"uv":[7,1,15,7],"texture":"#3"},"west":{"uv":[2,9,10,15],"texture":"#3"},"east":{"uv":[10,2,2,7],"texture":"#3"}}},{"from":[10,9.25,13],"to":[10.5,11.25,15],"rotation":{"origin":[10,9.25,13],"axis":"y","angle":45},"faces":{"down":{"uv":[12,6,11,2],"texture":"#3"},"up":{"uv":[11,1,12,5],"texture":"#3"},"north":{"uv":[5,3,4,7],"texture":"#3"},"south":{"uv":[2,1,3,5],"texture":"#3"},"west":{"uv":[1,1,5,5],"texture":"#3"},"east":{"uv":[14,1,10,5],"texture":"#3"}}},{"from":[5.60171,9.25,13],"to":[6.10171,11.25,15],"rotation":{"origin":[5.60171,9.25,13],"axis":"y","angle":-45},"faces":{"down":{"uv":[15,6,14,2],"texture":"#3"},"up":{"uv":[6,0,7,4],"texture":"#3"},"north":{"uv":[5,2,4,6],"texture":"#3"},"south":{"uv":[10,1,11,5],"texture":"#3"},"west":{"uv":[10,9,6.25,13],"rotation":90,"texture":"#3"},"east":{"uv":[8,2,4,6],"texture":"#3"}}},{"from":[5,9.5,10.5],"to":[11,10.5,11.5],"faces":{"down":{"uv":[11,11.5,5,10.5],"texture":"#1"},"up":{"uv":[5,10.5,11,11.5],"texture":"#1"},"north":{"uv":[5,5.5,11,6.5],"texture":"#1"},"south":{"uv":[5,5.5,11,6.5],"texture":"#1"},"west":{"uv":[10.5,5.5,11.5,6.5],"texture":"#1"},"east":{"uv":[4.5,5.5,5.5,6.5],"texture":"#1"}}},{"from":[4.75,10,10.75],"to":[11.25,10.25,11],"faces":{"down":{"uv":[11.25,11,4.75,10.75],"texture":"#4"},"up":{"uv":[4.75,10.75,11.25,11],"texture":"#4"},"north":{"uv":[4.75,5.75,11.25,6],"texture":"#4"},"south":{"uv":[4.75,5.75,11.25,6],"texture":"#4"},"west":{"uv":[10.75,5.75,11,6],"texture":"#4"},"east":{"uv":[5,5.75,5.25,6],"texture":"#4"}}},{"from":[7.75,10.75,11.25],"to":[8.25,13.25,13],"rotation":{"origin":[7.75,13.25,11.25],"axis":"x","angle":45},"faces":{"down":{"uv":[8,10.75,7.25,9.25],"texture":"#5"},"up":{"uv":[8,9.25,8.75,10.75],"texture":"#5"},"north":{"uv":[7.25,2.5,8,5],"texture":"#5"},"south":{"uv":[8,2.5,8.75,5],"texture":"#5"},"west":{"uv":[9.25,2.5,10.75,5],"texture":"#5"},"east":{"uv":[5.25,2.5,6.75,5],"texture":"#5"}}},{"from":[7.75,13,12.25],"to":[8.25,15.25,13.25],"rotation":{"origin":[7.75,15.25,12.25],"axis":"x","angle":45},"faces":{"down":{"uv":[8,9,9,11],"texture":"#5"},"up":{"uv":[8,9,9,11],"texture":"#5"},"north":{"uv":[8,1,9,5],"texture":"#5"},"south":{"uv":[8,1,9,5],"texture":"#5"},"west":{"uv":[12.25,0.75,13.25,3],"texture":"#5"},"east":{"uv":[12.25,0.75,13.25,3],"texture":"#5"}}},{"from":[7.875,15.75,16.25],"to":[8.5,17.75,18.5],"rotation":{"origin":[7.875,17.75,16.25],"axis":"x","angle":45},"faces":{"down":{"uv":[8.25,8.25,8.875,10.5],"texture":"#5"},"up":{"uv":[8.5,7.75,9.125,10],"texture":"#5"},"north":{"uv":[8.5,4.25,9.125,6.25],"texture":"#5"},"south":{"uv":[8,2.25,8.625,4.25],"texture":"#5"},"west":{"uv":[13.25,0.25,15.5,2.25],"texture":"#5"},"east":{"uv":[13.25,1,15.5,3],"texture":"#5"}}},{"from":[7.9375,16.9375,16.375],"to":[8.4375,18.6875,17.625],"faces":{"down":{"uv":[8,4,9,7],"texture":"#5"},"up":{"uv":[8,8,9,11],"texture":"#5"},"north":{"uv":[6,3,7,6],"texture":"#5"},"south":{"uv":[6,1.25,7,4],"texture":"#5"},"west":{"uv":[7,3,9,7],"texture":"#5"},"east":{"uv":[7,3,9,7],"texture":"#5"}}},{"from":[7.9375,16,17],"to":[8.4375,17.25,18.75],"faces":{"down":{"uv":[8,4,8.5,5.75],"texture":"#5"},"up":{"uv":[8,8,8.5,9.75],"texture":"#5"},"north":{"uv":[5,5.25,5.5,6.5],"texture":"#5"},"south":{"uv":[7,4.75,7.5,6],"texture":"#5"},"west":{"uv":[6,4,7.75,5.25],"texture":"#5"},"east":{"uv":[6,4.25,7.75,5.5],"texture":"#5"}}}],"display":{"thirdperson_righthand":{"rotation":[-108,0,0],"translation":[0,-5.5,2.83],"scale":[1,1,1]},"head":{"rotation":[20,0,30],"translation":[-2.65,6.24,-3.59],"scale":[2.5,2.5,2.5]},"gui":{"rotation":[0,90,0],"translation":[-6,-5,0],"scale":[1.1,1.1,1.1]}}}