{
"__comment": "Designed by Mickyp123 with BDcraft Cubik PRO 0.95 Beta - http://bdcraft.net",
"textures": {
    "texture": "mcbt/guitar"
},
"elements": [ 
{
    "__comment": "guitar x32",
    "from": [ 12.5, 7.875, 6.875 ],
    "to": [ 20, 13.875, 8.375 ],
    "faces": {
        "down":  { "uv": [ 0, 9.5, 10, 9 ], "rotation": 180, "texture": "#texture" },
        "up":    { "uv": [ 0, 1.5, 10, 2 ], "rotation": 180, "texture": "#texture" },
        "north": { "uv": [ 3.375, 0.9375, 5.625, 3.125 ], "texture": "#texture" },
        "south": { "uv": [ 10, 1.5, 0, 9.5 ], "texture": "#texture" },
        "west":  { "uv": [ 8.75, 1.25, 8.25, 9.25 ], "texture": "#texture" },
        "east":  { "uv": [ 0, 1.5, 0.5, 9.5 ], "texture": "#texture" }
    }
},
{
    "__comment": "guitar x32",
    "from": [ -1.375, 10.125, 7.4375 ],
    "to": [ 2.375, 12, 8.3375 ],
    "faces": {
        "down":  { "uv": [ 0, 15.5, 5, 15 ], "rotation": 180, "texture": "#texture" },
        "up":    { "uv": [ 0, 13, 5, 13.5 ], "rotation": 180, "texture": "#texture" },
        "north": { "uv": [ 1.8125, 0.6875, 6.8125, 3.1875 ], "texture": "#texture" },
        "south": { "uv": [ 5, 13, 0, 15.5 ], "texture": "#texture" },
        "west":  { "uv": [ 5, 13, 4.5, 15.5 ], "texture": "#texture" },
        "east":  { "uv": [ 0, 13, 0.5, 15.5 ], "texture": "#texture" }
    }
},
{
    "__comment": "guitar x32",
    "from": [ 8, 13.875, 6.875 ],
    "to": [ 19.625, 14.25, 8.375 ],
    "faces": {
        "down":  { "uv": [ 0.5, 1.5, 16, 1 ], "rotation": 180, "texture": "#texture" },
        "up":    { "uv": [ 0.5, 1, 16, 1.5 ], "rotation": 180, "texture": "#texture" },
        "north": { "uv": [ 0.5, 1, 16, 1.5 ], "texture": "#texture" },
        "south": { "uv": [ 16, 1, 0.5, 1.5 ], "texture": "#texture" },
        "west":  { "uv": [ 16, 1, 15.5, 1.5 ], "texture": "#texture" },
        "east":  { "uv": [ 0.5, 1, 1, 1.5 ], "texture": "#texture" }
    }
},
{
    "__comment": "guitar x32",
    "from": [ 14.375, 7.5, 6.875 ],
    "to": [ 19.625, 7.875, 8.375 ],
    "faces": {
        "down":  { "uv": [ 0.5, 10, 7.5, 9.5 ], "rotation": 180, "texture": "#texture" },
        "up":    { "uv": [ 0.5, 9.5, 7.5, 10 ], "rotation": 180, "texture": "#texture" },
        "north": { "uv": [ 1.1875, 2.25, 8.1875, 2.75 ], "texture": "#texture" },
        "south": { "uv": [ 7.5, 9.5, 0.5, 10 ], "texture": "#texture" },
        "west":  { "uv": [ 7.5, 9.5, 7, 10 ], "texture": "#texture" },
        "east":  { "uv": [ 0.5, 9.5, 1, 10 ], "texture": "#texture" }
    }
},
{
    "__comment": "guitar x32",
    "from": [ 14.375, 14.25, 6.875 ],
    "to": [ 19.25, 14.625, 8.375 ],
    "faces": {
        "down":  { "uv": [ 1, 1, 7.5, 0.5 ], "rotation": 180, "texture": "#texture" },
        "up":    { "uv": [ 1, 0.5, 7.5, 1 ], "rotation": 180, "texture": "#texture" },
        "north": { "uv": [ 1, 0.5, 7.5, 1 ], "texture": "#texture" },
        "south": { "uv": [ 7.5, 0.5, 1, 1 ], "texture": "#texture" },
        "west":  { "uv": [ 7.5, 0.5, 7, 1 ], "texture": "#texture" },
        "east":  { "uv": [ 1, 0.5, 1.5, 1 ], "texture": "#texture" }
    }
},
{
    "__comment": "guitar x32",
    "from": [ 15.125, 7.125, 6.875 ],
    "to": [ 19.25, 7.5, 8.375 ],
    "faces": {
        "down":  { "uv": [ 1, 10.5, 6.5, 10 ], "rotation": 180, "texture": "#texture" },
        "up":    { "uv": [ 1, 10, 6.5, 10.5 ], "rotation": 180, "texture": "#texture" },
        "north": { "uv": [ 2.125, 1.25, 7.625, 1.75 ], "texture": "#texture" },
        "south": { "uv": [ 6.5, 10, 1, 10.5 ], "texture": "#texture" },
        "west":  { "uv": [ 6.5, 10, 6, 10.5 ], "texture": "#texture" },
        "east":  { "uv": [ 1, 10, 1.5, 10.5 ], "texture": "#texture" }
    }
},
{
    "__comment": "guitar x32",
    "from": [ -0.625, 12, 7.4375 ],
    "to": [ 1.625, 12.375, 8.3375 ],
    "faces": {
        "down":  { "uv": [ 1, 13, 4, 12.5 ], "rotation": 180, "texture": "#texture" },
        "up":    { "uv": [ 1, 12.5, 4, 13 ], "rotation": 180, "texture": "#texture" },
        "north": { "uv": [ 1, 12.5, 4, 13 ], "texture": "#texture" },
        "south": { "uv": [ 4, 12.5, 1, 13 ], "texture": "#texture" },
        "west":  { "uv": [ 4, 12.5, 3.5, 13 ], "texture": "#texture" },
        "east":  { "uv": [ 1, 12.5, 1.5, 13 ], "texture": "#texture" }
    }
},
{
    "__comment": "guitar x32",
    "from": [ 15.125, 14.625, 6.875 ],
    "to": [ 18.875, 15, 8.375 ],
    "faces": {
        "down":  { "uv": [ 1.5, 0.5, 6.5, 0 ], "rotation": 180, "texture": "#texture" },
        "up":    { "uv": [ 1.5, 0, 6.5, 0.5 ], "rotation": 180, "texture": "#texture" },
        "north": { "uv": [ 1.5, 0, 6.5, 0.5 ], "texture": "#texture" },
        "south": { "uv": [ 6.5, 0, 1.5, 0.5 ], "texture": "#texture" },
        "west":  { "uv": [ 6.5, 0, 6, 0.5 ], "texture": "#texture" },
        "east":  { "uv": [ 1.5, 0, 2, 0.5 ], "texture": "#texture" }
    }
},
{
    "__comment": "guitar x32",
    "from": [ -1.375, 12, 7.4375 ],
    "to": [ -1, 12.375, 8.3375 ],
    "faces": {
        "down":  { "uv": [ 4.5, 13, 5, 12.5 ], "rotation": 180, "texture": "#texture" },
        "up":    { "uv": [ 4.5, 12.5, 5, 13 ], "rotation": 180, "texture": "#texture" },
        "north": { "uv": [ 4.5, 12.5, 5, 13 ], "texture": "#texture" },
        "south": { "uv": [ 5, 12.5, 4.5, 13 ], "texture": "#texture" },
        "west":  { "uv": [ 5, 12.5, 4.5, 13 ], "texture": "#texture" },
        "east":  { "uv": [ 4.5, 12.5, 5, 13 ], "texture": "#texture" }
    }
},
{
    "__comment": "guitar x32",
    "from": [ -4.75, 9.75, 7.4375 ],
    "to": [ -1, 10.125, 8.3375 ],
    "faces": {
        "down":  { "uv": [ 4.5, 16, 9.5, 15.5 ], "rotation": 180, "texture": "#texture" },
        "up":    { "uv": [ 4.5, 15.5, 9.5, 16 ], "rotation": 180, "texture": "#texture" },
        "north": { "uv": [ 4.5, 15.5, 9.5, 16 ], "texture": "#texture" },
        "south": { "uv": [ 9.5, 15.5, 4.5, 16 ], "texture": "#texture" },
        "west":  { "uv": [ 9.5, 15.5, 9, 16 ], "texture": "#texture" },
        "east":  { "uv": [ 4.5, 15.5, 5, 16 ], "texture": "#texture" }
    }
},
{
    "__comment": "guitar x32",
    "from": [ -3.25, 10.125, 7.4375 ],
    "to": [ -1.375, 11.625, 8.3375 ],
    "faces": {
        "down":  { "uv": [ 5, 15.5, 7.5, 15 ], "rotation": 180, "texture": "#texture" },
        "up":    { "uv": [ 5, 13.5, 7.5, 14 ], "rotation": 180, "texture": "#texture" },
        "north": { "uv": [ 3.25, 0.875, 5.75, 2.875 ], "texture": "#texture" },
        "south": { "uv": [ 7.5, 13.5, 5, 15.5 ], "texture": "#texture" },
        "west":  { "uv": [ 7.5, 13.5, 7, 15.5 ], "texture": "#texture" },
        "east":  { "uv": [ 5, 13.5, 5.5, 15.5 ], "texture": "#texture" }
    }
},
{
    "__comment": "guitar x32",
    "from": [ -2.5, 11.625, 7.4375 ],
    "to": [ -2.125, 12, 8.3375 ],
    "faces": {
        "down":  { "uv": [ 6, 13.5, 6.5, 13 ], "rotation": 180, "texture": "#texture" },
        "up":    { "uv": [ 6, 13, 6.5, 13.5 ], "rotation": 180, "texture": "#texture" },
        "north": { "uv": [ 6, 13, 6.5, 13.5 ], "texture": "#texture" },
        "south": { "uv": [ 6.5, 13, 6, 13.5 ], "texture": "#texture" },
        "west":  { "uv": [ 6.5, 13, 6, 13.5 ], "texture": "#texture" },
        "east":  { "uv": [ 6, 13, 6.5, 13.5 ], "texture": "#texture" }
    }
},
{
    "__comment": "guitar x32",
    "from": [ -3.25, 11.625, 7.4375 ],
    "to": [ -2.875, 12, 8.3375 ],
    "faces": {
        "down":  { "uv": [ 7, 13.5, 7.5, 13 ], "rotation": 180, "texture": "#texture" },
        "up":    { "uv": [ 7, 13, 7.5, 13.5 ], "rotation": 180, "texture": "#texture" },
        "north": { "uv": [ 7, 13, 7.5, 13.5 ], "texture": "#texture" },
        "south": { "uv": [ 7.5, 13, 7, 13.5 ], "texture": "#texture" },
        "west":  { "uv": [ 7.5, 13, 7, 13.5 ], "texture": "#texture" },
        "east":  { "uv": [ 7, 13, 7.5, 13.5 ], "texture": "#texture" }
    }
},
{
    "__comment": "guitar x32",
    "from": [ -4.375, 10.125, 7.4375 ],
    "to": [ -3.25, 11.25, 8.3375 ],
    "faces": {
        "down":  { "uv": [ 7.5, 15.5, 9, 15 ], "rotation": 180, "texture": "#texture" },
        "up":    { "uv": [ 7.5, 14, 9, 14.5 ], "rotation": 180, "texture": "#texture" },
        "north": { "uv": [ 4.0625, 0.625, 5.5625, 2.125 ], "texture": "#texture" },
        "south": { "uv": [ 9, 14, 7.5, 15.5 ], "texture": "#texture" },
        "west":  { "uv": [ 9, 14, 8.5, 15.5 ], "texture": "#texture" },
        "east":  { "uv": [ 7.5, 14, 8, 15.5 ], "texture": "#texture" }
    }
},
{
    "__comment": "guitar x32",
    "from": [ -4.375, 11.25, 7.4375 ],
    "to": [ -4, 11.625, 8.3375 ],
    "faces": {
        "down":  { "uv": [ 8.5, 14, 9, 13.5 ], "rotation": 180, "texture": "#texture" },
        "up":    { "uv": [ 8.5, 13.5, 9, 14 ], "rotation": 180, "texture": "#texture" },
        "north": { "uv": [ 8.5, 13.5, 9, 14 ], "texture": "#texture" },
        "south": { "uv": [ 9, 13.5, 8.5, 14 ], "texture": "#texture" },
        "west":  { "uv": [ 9, 13.5, 8.5, 14 ], "texture": "#texture" },
        "east":  { "uv": [ 8.5, 13.5, 9, 14 ], "texture": "#texture" }
    }
},
{
    "__comment": "guitar x32",
    "from": [ -4.75, 10.125, 7.4375 ],
    "to": [ -4.375, 10.5, 8.3375 ],
    "faces": {
        "down":  { "uv": [ 9, 15.5, 9.5, 15 ], "rotation": 180, "texture": "#texture" },
        "up":    { "uv": [ 9, 15, 9.5, 15.5 ], "rotation": 180, "texture": "#texture" },
        "north": { "uv": [ 9, 15, 9.5, 15.5 ], "texture": "#texture" },
        "south": { "uv": [ 9.5, 15, 9, 15.5 ], "texture": "#texture" },
        "west":  { "uv": [ 9.5, 15, 9, 15.5 ], "texture": "#texture" },
        "east":  { "uv": [ 9, 15, 9.5, 15.5 ], "texture": "#texture" }
    }
},
{
    "__comment": "guitar x32",
    "from": [ 10.625, 12, 6.875 ],
    "to": [ 12.5, 13.875, 8.375 ],
    "faces": {
        "down":  { "uv": [ 10, 4, 12.5, 3.5 ], "rotation": 180, "texture": "#texture" },
        "up":    { "uv": [ 10, 1.5, 12.5, 2 ], "rotation": 180, "texture": "#texture" },
        "north": { "uv": [ 10, 1.5, 12.5, 4 ], "texture": "#texture" },
        "south": { "uv": [ 12.5, 1.5, 10, 4 ], "texture": "#texture" },
        "west":  { "uv": [ 12.5, 1.5, 12, 4 ], "texture": "#texture" },
        "east":  { "uv": [ 10, 1.5, 10.5, 4 ], "texture": "#texture" }
    }
},
{
    "__comment": "guitar x32",
    "from": [ 11.75, 7.5, 6.875 ],
    "to": [ 12.5, 10.125, 8.375 ],
    "faces": {
        "down":  { "uv": [ 10, 10, 11, 9.5 ], "rotation": 180, "texture": "#texture" },
        "up":    { "uv": [ 10, 6.5, 11, 7 ], "rotation": 180, "texture": "#texture" },
        "north": { "uv": [ 10, 6.5, 11, 10 ], "texture": "#texture" },
        "south": { "uv": [ 11, 6.5, 10, 10 ], "texture": "#texture" },
        "west":  { "uv": [ 11, 6.5, 10.5, 10 ], "texture": "#texture" },
        "east":  { "uv": [ 10, 6.5, 10.5, 10 ], "texture": "#texture" }
    }
},
{
    "__comment": "guitar x32",
    "from": [ 8, 14.25, 6.875 ],
    "to": [ 11.75, 14.625, 8.375 ],
    "faces": {
        "down":  { "uv": [ 11, 1, 16, 0.5 ], "rotation": 180, "texture": "#texture" },
        "up":    { "uv": [ 11, 0.5, 16, 1 ], "rotation": 180, "texture": "#texture" },
        "north": { "uv": [ 11, 0.5, 16, 1 ], "texture": "#texture" },
        "south": { "uv": [ 16, 0.5, 11, 1 ], "texture": "#texture" },
        "west":  { "uv": [ 16, 0.5, 15.5, 1 ], "texture": "#texture" },
        "east":  { "uv": [ 11, 0.5, 11.5, 1 ], "texture": "#texture" }
    }
},
{
    "__comment": "guitar x32",
    "from": [ 11.375, 9.75, 6.875 ],
    "to": [ 11.75, 10.125, 8.375 ],
    "faces": {
        "down":  { "uv": [ 11, 7, 11.5, 6.5 ], "rotation": 180, "texture": "#texture" },
        "up":    { "uv": [ 11, 6.5, 11.5, 7 ], "rotation": 180, "texture": "#texture" },
        "north": { "uv": [ 11, 6.5, 11.5, 7 ], "texture": "#texture" },
        "south": { "uv": [ 11.5, 6.5, 11, 7 ], "texture": "#texture" },
        "west":  { "uv": [ 11.5, 6.5, 11, 7 ], "texture": "#texture" },
        "east":  { "uv": [ 11, 6.5, 11.5, 7 ], "texture": "#texture" }
    }
},
{
    "__comment": "guitar x32",
    "from": [ 11.375, 7.5, 6.875 ],
    "to": [ 11.75, 8.625, 8.375 ],
    "faces": {
        "down":  { "uv": [ 11, 10, 11.5, 9.5 ], "rotation": 180, "texture": "#texture" },
        "up":    { "uv": [ 11, 8.5, 11.5, 9 ], "rotation": 180, "texture": "#texture" },
        "north": { "uv": [ 11, 8.5, 11.5, 10 ], "texture": "#texture" },
        "south": { "uv": [ 11.5, 8.5, 11, 10 ], "texture": "#texture" },
        "west":  { "uv": [ 11.5, 8.5, 11, 10 ], "texture": "#texture" },
        "east":  { "uv": [ 11, 8.5, 11.5, 10 ], "texture": "#texture" }
    }
},
{
    "__comment": "guitar x32",
    "from": [ 11, 7.5, 6.875 ],
    "to": [ 11.375, 8.25, 8.375 ],
    "faces": {
        "down":  { "uv": [ 11.5, 10, 12, 9.5 ], "rotation": 180, "texture": "#texture" },
        "up":    { "uv": [ 11.5, 9, 12, 9.5 ], "rotation": 180, "texture": "#texture" },
        "north": { "uv": [ 11.5, 9, 12, 10 ], "texture": "#texture" },
        "south": { "uv": [ 12, 9, 11.5, 10 ], "texture": "#texture" },
        "west":  { "uv": [ 12, 9, 11.5, 10 ], "texture": "#texture" },
        "east":  { "uv": [ 11.5, 9, 12, 10 ], "texture": "#texture" }
    }
},
{
    "__comment": "guitar x32",
    "from": [ 10.25, 7.5, 6.875 ],
    "to": [ 11, 7.875, 8.375 ],
    "faces": {
        "down":  { "uv": [ 12, 10, 13, 9.5 ], "rotation": 180, "texture": "#texture" },
        "up":    { "uv": [ 12, 9.5, 13, 10 ], "rotation": 180, "texture": "#texture" },
        "north": { "uv": [ 12, 9.5, 13, 10 ], "texture": "#texture" },
        "south": { "uv": [ 13, 9.5, 12, 10 ], "texture": "#texture" },
        "west":  { "uv": [ 13, 9.5, 12.5, 10 ], "texture": "#texture" },
        "east":  { "uv": [ 12, 9.5, 12.5, 10 ], "texture": "#texture" }
    }
},
{
    "__comment": "guitar x32",
    "from": [ 10.25, 13.125, 6.875 ],
    "to": [ 10.625, 13.875, 8.375 ],
    "faces": {
        "down":  { "uv": [ 12.5, 2.5, 13, 2 ], "rotation": 180, "texture": "#texture" },
        "up":    { "uv": [ 12.5, 1.5, 13, 2 ], "rotation": 180, "texture": "#texture" },
        "north": { "uv": [ 12.5, 1.5, 13, 2.5 ], "texture": "#texture" },
        "south": { "uv": [ 13, 1.5, 12.5, 2.5 ], "texture": "#texture" },
        "west":  { "uv": [ 13, 1.5, 12.5, 2.5 ], "texture": "#texture" },
        "east":  { "uv": [ 12.5, 1.5, 13, 2.5 ], "texture": "#texture" }
    }
},
{
    "__comment": "guitar x32",
    "from": [ 10.25, 12, 6.875 ],
    "to": [ 10.625, 12.375, 8.375 ],
    "faces": {
        "down":  { "uv": [ 12.5, 4, 13, 3.5 ], "rotation": 180, "texture": "#texture" },
        "up":    { "uv": [ 12.5, 3.5, 13, 4 ], "rotation": 180, "texture": "#texture" },
        "north": { "uv": [ 12.5, 3.5, 13, 4 ], "texture": "#texture" },
        "south": { "uv": [ 13, 3.5, 12.5, 4 ], "texture": "#texture" },
        "west":  { "uv": [ 13, 3.5, 12.5, 4 ], "texture": "#texture" },
        "east":  { "uv": [ 12.5, 3.5, 13, 4 ], "texture": "#texture" }
    }
},
{
    "__comment": "guitar x32",
    "from": [ 8.75, 14.625, 6.875 ],
    "to": [ 10.25, 15, 8.375 ],
    "faces": {
        "down":  { "uv": [ 13, 0.5, 15, 0 ], "rotation": 180, "texture": "#texture" },
        "up":    { "uv": [ 13, 0, 15, 0.5 ], "rotation": 180, "texture": "#texture" },
        "north": { "uv": [ 13, 0, 15, 0.5 ], "texture": "#texture" },
        "south": { "uv": [ 15, 0, 13, 0.5 ], "texture": "#texture" },
        "west":  { "uv": [ 15, 0, 14.5, 0.5 ], "texture": "#texture" },
        "east":  { "uv": [ 13, 0, 13.5, 0.5 ], "texture": "#texture" }
    }
},
{
    "__comment": "guitar x32",
    "from": [ 9.875, 13.5, 6.875 ],
    "to": [ 10.25, 13.875, 8.375 ],
    "faces": {
        "down":  { "uv": [ 13, 2, 13.5, 1.5 ], "rotation": 180, "texture": "#texture" },
        "up":    { "uv": [ 13, 1.5, 13.5, 2 ], "rotation": 180, "texture": "#texture" },
        "north": { "uv": [ 13, 1.5, 13.5, 2 ], "texture": "#texture" },
        "south": { "uv": [ 13.5, 1.5, 13, 2 ], "texture": "#texture" },
        "west":  { "uv": [ 13.5, 1.5, 13, 2 ], "texture": "#texture" },
        "east":  { "uv": [ 13, 1.5, 13.5, 2 ], "texture": "#texture" }
    }
},
{
    "__comment": "guitar x32",
    "from": [ 2.375, 10.125, 7.625 ],
    "to": [ 12.5, 12, 8.375 ],
    "faces": {
        "down":  { "uv": [ 13.9375, 4.4375, 14.5, 5.4375 ], "rotation": 270, "texture": "#texture" },
        "up":    { "uv": [ 13.9375, 4.5, 14.5, 5.5625 ], "rotation": 270, "texture": "#texture" },
        "north": { "uv": [ 14.0625, 4.5, 14.5, 5.25 ], "rotation": 90, "texture": "#texture" },
        "south": { "uv": [ 13.5, 2, 16, 15.5 ], "rotation": 270, "texture": "#texture" },
        "west":  { "uv": [ 13.5, 7.5, 16, 8.5 ], "rotation": 270, "texture": "#texture" },
        "east":  { "uv": [ 13.5, 7.5, 16, 8.5 ], "rotation": 270, "texture": "#texture" }
    }
},
{
    "__comment": "guitar x32",
    "from": [ 8, 13.5, 6.875 ],
    "to": [ 8.375, 13.875, 8.375 ],
    "faces": {
        "down":  { "uv": [ 15.5, 2, 16, 1.5 ], "rotation": 180, "texture": "#texture" },
        "up":    { "uv": [ 15.5, 1.5, 16, 2 ], "rotation": 180, "texture": "#texture" },
        "north": { "uv": [ 15.5, 1.5, 16, 2 ], "texture": "#texture" },
        "south": { "uv": [ 16, 1.5, 15.5, 2 ], "texture": "#texture" },
        "west":  { "uv": [ 16, 1.5, 15.5, 2 ], "texture": "#texture" },
        "east":  { "uv": [ 15.5, 1.5, 16, 2 ], "texture": "#texture" }
    }
},
{
    "from": [ 17.1875, 10.125, 8.375 ],
    "to": [ 18.3594, 12, 8.5625 ],
    "faces": {
        "down":  { "uv": [ 2.6875, 5.0625, 3.875, 5.25 ], "texture": "#texture" },
        "up":    { "uv": [ 2.5625, 5.125, 3.6875, 5.3125 ], "texture": "#texture" },
        "north": { "uv": [ 2.625, 4, 4.0625, 6.5 ], "texture": "#texture" },
        "south": { "uv": [ 2.4375, 4.0625, 4, 6.5625 ], "texture": "#texture" },
        "west":  { "uv": [ 2.75, 3.9375, 3, 6.4375 ], "texture": "#texture" },
        "east":  { "uv": [ 2.6875, 3.875, 2.9375, 6.375 ], "texture": "#texture" }
    }
},
{
    "from": [ 15.875, 9.79688, 8.375 ],
    "to": [ 17.1406, 12.375, 8.5625 ],
    "faces": {
        "down":  { "uv": [ 2.75, 5.0625, 3.75, 5.3125 ], "texture": "#texture" },
        "up":    { "uv": [ 2.5625, 5.125, 3.625, 5.1875 ], "texture": "#texture" },
        "north": { "uv": [ 4.0625, 3.5625, 5.5, 6.9375 ], "texture": "#texture" },
        "south": { "uv": [ 3.9375, 3.4375, 5.375, 6.875 ], "texture": "#texture" },
        "west":  { "uv": [ 4.75, 3.5, 5, 6.9375 ], "texture": "#texture" },
        "east":  { "uv": [ 4.75, 3.5, 5, 6.9375 ], "texture": "#texture" }
    }
},
{
    "from": [ 16.75, 12, 8.5 ],
    "to": [ 19.3125, 12.25, 8.875 ],
    "rotation": { "origin": [ 16.75, 12.25, 8.5 ], "axis": "z", "angle": 45 },
    "faces": {
        "down":  { "uv": [ 2.6875, 4.3125, 4, 5.875 ], "texture": "#texture" },
        "up":    { "uv": [ 2.75, 4.125, 3.875, 6.125 ], "texture": "#texture" },
        "north": { "uv": [ 2.625, 4.25, 3.625, 5.6875 ], "texture": "#texture" },
        "south": { "uv": [ 2.5, 4.0625, 3.625, 6.375 ], "texture": "#texture" },
        "west":  { "uv": [ 2.625, 3.9375, 3.8125, 6.3125 ], "texture": "#texture" },
        "east":  { "uv": [ 2.8125, 4.1875, 3.8125, 6.25 ], "texture": "#texture" }
    }
}
],
"display": {
    "thirdperson": {
        "rotation": [ 10, -86, 4 ],
        "translation": [ 0.6, 0.4, -0.5 ],
        "scale": [ 1, 1, 1 ]
    },
    "head": {
        "rotation": [ 180, 0, 27 ],
        "translation": [ 0.8, -6, -4 ],
        "scale": [ 1.92, 2.17, 1.26 ]
    },
    "ground": {
        "rotation": [ 0, 0, 0 ],
        "translation": [ 0, 0, 0 ],
        "scale": [ 4, 4, 4 ]
    },
    "firstperson": {
        "rotation": [ -4, -50, -88 ],
        "translation": [ -8.3, 4.7, 1.7 ],
        "scale": [ 1, 1, 1 ]
    },
    "gui": {
        "rotation": [ -45, -25, -55 ],
        "translation": [ -4, -1.5, -0.2 ],
        "scale": [ 1.13, 1.32, 1.17 ]
    }
}
}