{
"__comment": "Designed by Mickyp123 with BDcraft Cubik PRO 0.95 Beta - http://bdcraft.net",
"textures": {
    "texture": "mcbt/gold_block"
},
"elements": [ 
{
    "__comment": "Angel x32",
    "from": [ 0, 7.5, 6 ],
    "to": [ 0.5, 8.5, 9.5 ],
    "faces": {
        "down":  { "uv": [ 0, 9.5, 0.5, 6 ], "texture": "#texture" },
        "up":    { "uv": [ 0, 6, 0.5, 9.5 ], "texture": "#texture" },
        "north": { "uv": [ 0.5, 6, 0, 6.5 ], "texture": "#texture" },
        "south": { "uv": [ 0, 9.5, 0.5, 9 ], "texture": "#texture" },
        "west":  { "uv": [ 0, 6, 0.5, 9.5 ], "rotation": 270, "texture": "#texture" },
        "east":  { "uv": [ 0.5, 6, 0, 9.5 ], "rotation": 90, "texture": "#texture" }
    }
},
{
    "__comment": "Angel x32",
    "from": [ 0.5, 7.5, 4.5 ],
    "to": [ 1, 8.5, 6 ],
    "faces": {
        "down":  { "uv": [ 0.5, 6, 1, 4.5 ], "texture": "#texture" },
        "up":    { "uv": [ 0.5, 4.5, 1, 6 ], "texture": "#texture" },
        "north": { "uv": [ 1, 4.5, 0.5, 5 ], "texture": "#texture" },
        "south": { "uv": [ 0.5, 6, 1, 5.5 ], "texture": "#texture" },
        "west":  { "uv": [ 0.5, 4.5, 1, 6 ], "rotation": 270, "texture": "#texture" },
        "east":  { "uv": [ 1, 4.5, 0.5, 6 ], "rotation": 90, "texture": "#texture" }
    }
},
{
    "__comment": "Angel x32",
    "from": [ 0.5, 7.5, 9.5 ],
    "to": [ 1, 8.5, 11 ],
    "faces": {
        "down":  { "uv": [ 0.5, 11, 1, 9.5 ], "texture": "#texture" },
        "up":    { "uv": [ 0.5, 9.5, 1, 11 ], "texture": "#texture" },
        "north": { "uv": [ 1, 9.5, 0.5, 10 ], "texture": "#texture" },
        "south": { "uv": [ 0.5, 11, 1, 10.5 ], "texture": "#texture" },
        "west":  { "uv": [ 0.5, 9.5, 1, 11 ], "rotation": 270, "texture": "#texture" },
        "east":  { "uv": [ 1, 9.5, 0.5, 11 ], "rotation": 90, "texture": "#texture" }
    }
},
{
    "__comment": "Angel x32",
    "from": [ 1, 7.5, 3.5 ],
    "to": [ 1.5, 8.5, 4.5 ],
    "faces": {
        "down":  { "uv": [ 1, 4.5, 1.5, 3.5 ], "texture": "#texture" },
        "up":    { "uv": [ 1, 3.5, 1.5, 4.5 ], "texture": "#texture" },
        "north": { "uv": [ 1.5, 3.5, 1, 4 ], "texture": "#texture" },
        "south": { "uv": [ 1, 4.5, 1.5, 4 ], "texture": "#texture" },
        "west":  { "uv": [ 1, 3.5, 1.5, 4.5 ], "rotation": 270, "texture": "#texture" },
        "east":  { "uv": [ 1.5, 3.5, 1, 4.5 ], "rotation": 90, "texture": "#texture" }
    }
},
{
    "__comment": "Angel x32",
    "from": [ 1, 7.5, 11 ],
    "to": [ 1.5, 8.5, 12 ],
    "faces": {
        "down":  { "uv": [ 1, 12, 1.5, 11 ], "texture": "#texture" },
        "up":    { "uv": [ 1, 11, 1.5, 12 ], "texture": "#texture" },
        "north": { "uv": [ 1.5, 11, 1, 11.5 ], "texture": "#texture" },
        "south": { "uv": [ 1, 12, 1.5, 11.5 ], "texture": "#texture" },
        "west":  { "uv": [ 1, 11, 1.5, 12 ], "rotation": 270, "texture": "#texture" },
        "east":  { "uv": [ 1.5, 11, 1, 12 ], "rotation": 90, "texture": "#texture" }
    }
},
{
    "__comment": "Angel x32",
    "from": [ 1.5, 7.5, 3 ],
    "to": [ 2, 8.5, 3.5 ],
    "faces": {
        "down":  { "uv": [ 1.5, 3.5, 2, 3 ], "texture": "#texture" },
        "up":    { "uv": [ 1.5, 3, 2, 3.5 ], "texture": "#texture" },
        "north": { "uv": [ 2, 3, 1.5, 3.5 ], "texture": "#texture" },
        "south": { "uv": [ 1.5, 3.5, 2, 3 ], "texture": "#texture" },
        "west":  { "uv": [ 1.5, 3, 2, 3.5 ], "rotation": 270, "texture": "#texture" },
        "east":  { "uv": [ 2, 3, 1.5, 3.5 ], "rotation": 90, "texture": "#texture" }
    }
},
{
    "__comment": "Angel x32",
    "from": [ 1.5, 7.5, 12 ],
    "to": [ 2, 8.5, 12.5 ],
    "faces": {
        "down":  { "uv": [ 1.5, 12.5, 2, 12 ], "texture": "#texture" },
        "up":    { "uv": [ 1.5, 12, 2, 12.5 ], "texture": "#texture" },
        "north": { "uv": [ 2, 12, 1.5, 12.5 ], "texture": "#texture" },
        "south": { "uv": [ 1.5, 12.5, 2, 12 ], "texture": "#texture" },
        "west":  { "uv": [ 1.5, 12, 2, 12.5 ], "rotation": 270, "texture": "#texture" },
        "east":  { "uv": [ 2, 12, 1.5, 12.5 ], "rotation": 90, "texture": "#texture" }
    }
},
{
    "__comment": "Angel x32",
    "from": [ 2, 7.5, 2.5 ],
    "to": [ 2.5, 8.5, 3 ],
    "faces": {
        "down":  { "uv": [ 2, 3, 2.5, 2.5 ], "texture": "#texture" },
        "up":    { "uv": [ 2, 2.5, 2.5, 3 ], "texture": "#texture" },
        "north": { "uv": [ 2.5, 2.5, 2, 3 ], "texture": "#texture" },
        "south": { "uv": [ 2, 3, 2.5, 2.5 ], "texture": "#texture" },
        "west":  { "uv": [ 2, 2.5, 2.5, 3 ], "rotation": 270, "texture": "#texture" },
        "east":  { "uv": [ 2.5, 2.5, 2, 3 ], "rotation": 90, "texture": "#texture" }
    }
},
{
    "__comment": "Angel x32",
    "from": [ 2, 7.5, 12.5 ],
    "to": [ 2.5, 8.5, 13 ],
    "faces": {
        "down":  { "uv": [ 2, 13, 2.5, 12.5 ], "texture": "#texture" },
        "up":    { "uv": [ 2, 12.5, 2.5, 13 ], "texture": "#texture" },
        "north": { "uv": [ 2.5, 12.5, 2, 13 ], "texture": "#texture" },
        "south": { "uv": [ 2, 13, 2.5, 12.5 ], "texture": "#texture" },
        "west":  { "uv": [ 2, 12.5, 2.5, 13 ], "rotation": 270, "texture": "#texture" },
        "east":  { "uv": [ 2.5, 12.5, 2, 13 ], "rotation": 90, "texture": "#texture" }
    }
},
{
    "__comment": "Angel x32",
    "from": [ 2.5, 7.5, 2 ],
    "to": [ 3, 8.5, 2.5 ],
    "faces": {
        "down":  { "uv": [ 2.5, 2.5, 3, 2 ], "texture": "#texture" },
        "up":    { "uv": [ 2.5, 2, 3, 2.5 ], "texture": "#texture" },
        "north": { "uv": [ 3, 2, 2.5, 2.5 ], "texture": "#texture" },
        "south": { "uv": [ 2.5, 2.5, 3, 2 ], "texture": "#texture" },
        "west":  { "uv": [ 2.5, 2, 3, 2.5 ], "rotation": 270, "texture": "#texture" },
        "east":  { "uv": [ 3, 2, 2.5, 2.5 ], "rotation": 90, "texture": "#texture" }
    }
},
{
    "__comment": "Angel x32",
    "from": [ 2.5, 7.5, 13 ],
    "to": [ 3, 8.5, 13.5 ],
    "faces": {
        "down":  { "uv": [ 2.5, 13.5, 3, 13 ], "texture": "#texture" },
        "up":    { "uv": [ 2.5, 13, 3, 13.5 ], "texture": "#texture" },
        "north": { "uv": [ 3, 13, 2.5, 13.5 ], "texture": "#texture" },
        "south": { "uv": [ 2.5, 13.5, 3, 13 ], "texture": "#texture" },
        "west":  { "uv": [ 2.5, 13, 3, 13.5 ], "rotation": 270, "texture": "#texture" },
        "east":  { "uv": [ 3, 13, 2.5, 13.5 ], "rotation": 90, "texture": "#texture" }
    }
},
{
    "__comment": "Angel x32",
    "from": [ 3, 7.5, 1.5 ],
    "to": [ 3.5, 8.5, 2 ],
    "faces": {
        "down":  { "uv": [ 3, 2, 3.5, 1.5 ], "texture": "#texture" },
        "up":    { "uv": [ 3, 1.5, 3.5, 2 ], "texture": "#texture" },
        "north": { "uv": [ 3.5, 1.5, 3, 2 ], "texture": "#texture" },
        "south": { "uv": [ 3, 2, 3.5, 1.5 ], "texture": "#texture" },
        "west":  { "uv": [ 3, 1.5, 3.5, 2 ], "rotation": 270, "texture": "#texture" },
        "east":  { "uv": [ 3.5, 1.5, 3, 2 ], "rotation": 90, "texture": "#texture" }
    }
},
{
    "__comment": "Angel x32",
    "from": [ 3, 7.5, 13.5 ],
    "to": [ 3.5, 8.5, 14 ],
    "faces": {
        "down":  { "uv": [ 3, 14, 3.5, 13.5 ], "texture": "#texture" },
        "up":    { "uv": [ 3, 13.5, 3.5, 14 ], "texture": "#texture" },
        "north": { "uv": [ 3.5, 13.5, 3, 14 ], "texture": "#texture" },
        "south": { "uv": [ 3, 14, 3.5, 13.5 ], "texture": "#texture" },
        "west":  { "uv": [ 3, 13.5, 3.5, 14 ], "rotation": 270, "texture": "#texture" },
        "east":  { "uv": [ 3.5, 13.5, 3, 14 ], "rotation": 90, "texture": "#texture" }
    }
},
{
    "__comment": "Angel x32",
    "from": [ 3.5, 7.5, 1 ],
    "to": [ 4.5, 8.5, 1.5 ],
    "faces": {
        "down":  { "uv": [ 3.5, 1.5, 4.5, 1 ], "texture": "#texture" },
        "up":    { "uv": [ 3.5, 1, 4.5, 1.5 ], "texture": "#texture" },
        "north": { "uv": [ 4.5, 1, 3.5, 1.5 ], "texture": "#texture" },
        "south": { "uv": [ 3.5, 1.5, 4.5, 1 ], "texture": "#texture" },
        "west":  { "uv": [ 3.5, 1, 4, 1.5 ], "rotation": 270, "texture": "#texture" },
        "east":  { "uv": [ 4.5, 1, 4, 1.5 ], "rotation": 90, "texture": "#texture" }
    }
},
{
    "__comment": "Angel x32",
    "from": [ 3.5, 7.5, 14 ],
    "to": [ 4.5, 8.5, 14.5 ],
    "faces": {
        "down":  { "uv": [ 3.5, 14.5, 4.5, 14 ], "texture": "#texture" },
        "up":    { "uv": [ 3.5, 14, 4.5, 14.5 ], "texture": "#texture" },
        "north": { "uv": [ 4.5, 14, 3.5, 14.5 ], "texture": "#texture" },
        "south": { "uv": [ 3.5, 14.5, 4.5, 14 ], "texture": "#texture" },
        "west":  { "uv": [ 3.5, 14, 4, 14.5 ], "rotation": 270, "texture": "#texture" },
        "east":  { "uv": [ 4.5, 14, 4, 14.5 ], "rotation": 90, "texture": "#texture" }
    }
},
{
    "__comment": "Angel x32",
    "from": [ 4.5, 7.5, 0.5 ],
    "to": [ 6, 8.5, 1 ],
    "faces": {
        "down":  { "uv": [ 4.5, 1, 6, 0.5 ], "texture": "#texture" },
        "up":    { "uv": [ 4.5, 0.5, 6, 1 ], "texture": "#texture" },
        "north": { "uv": [ 6, 0.5, 4.5, 1 ], "texture": "#texture" },
        "south": { "uv": [ 4.5, 1, 6, 0.5 ], "texture": "#texture" },
        "west":  { "uv": [ 4.5, 0.5, 5, 1 ], "rotation": 270, "texture": "#texture" },
        "east":  { "uv": [ 6, 0.5, 5.5, 1 ], "rotation": 90, "texture": "#texture" }
    }
},
{
    "__comment": "Angel x32",
    "from": [ 4.5, 7.5, 14.5 ],
    "to": [ 6, 8.5, 15 ],
    "faces": {
        "down":  { "uv": [ 4.5, 15, 6, 14.5 ], "texture": "#texture" },
        "up":    { "uv": [ 4.5, 14.5, 6, 15 ], "texture": "#texture" },
        "north": { "uv": [ 6, 14.5, 4.5, 15 ], "texture": "#texture" },
        "south": { "uv": [ 4.5, 15, 6, 14.5 ], "texture": "#texture" },
        "west":  { "uv": [ 4.5, 14.5, 5, 15 ], "rotation": 270, "texture": "#texture" },
        "east":  { "uv": [ 6, 14.5, 5.5, 15 ], "rotation": 90, "texture": "#texture" }
    }
},
{
    "__comment": "Angel x32",
    "from": [ 6, 7.5, 0 ],
    "to": [ 9.5, 8.5, 0.5 ],
    "faces": {
        "down":  { "uv": [ 6, 0.5, 9.5, 0 ], "texture": "#texture" },
        "up":    { "uv": [ 6, 0, 9.5, 0.5 ], "texture": "#texture" },
        "north": { "uv": [ 9.5, 0, 6, 0.5 ], "texture": "#texture" },
        "south": { "uv": [ 6, 0.5, 9.5, 0 ], "texture": "#texture" },
        "west":  { "uv": [ 6, 0, 6.5, 0.5 ], "rotation": 270, "texture": "#texture" },
        "east":  { "uv": [ 9.5, 0, 9, 0.5 ], "rotation": 90, "texture": "#texture" }
    }
},
{
    "__comment": "Angel x32",
    "from": [ 6, 7.5, 15 ],
    "to": [ 9.5, 8.5, 15.5 ],
    "faces": {
        "down":  { "uv": [ 6, 15.5, 9.5, 15 ], "texture": "#texture" },
        "up":    { "uv": [ 6, 15, 9.5, 15.5 ], "texture": "#texture" },
        "north": { "uv": [ 9.5, 15, 6, 15.5 ], "texture": "#texture" },
        "south": { "uv": [ 6, 15.5, 9.5, 15 ], "texture": "#texture" },
        "west":  { "uv": [ 6, 15, 6.5, 15.5 ], "rotation": 270, "texture": "#texture" },
        "east":  { "uv": [ 9.5, 15, 9, 15.5 ], "rotation": 90, "texture": "#texture" }
    }
},
{
    "__comment": "Angel x32",
    "from": [ 9.5, 7.5, 0.5 ],
    "to": [ 11, 8.5, 1 ],
    "faces": {
        "down":  { "uv": [ 9.5, 1, 11, 0.5 ], "texture": "#texture" },
        "up":    { "uv": [ 9.5, 0.5, 11, 1 ], "texture": "#texture" },
        "north": { "uv": [ 11, 0.5, 9.5, 1 ], "texture": "#texture" },
        "south": { "uv": [ 9.5, 1, 11, 0.5 ], "texture": "#texture" },
        "west":  { "uv": [ 9.5, 0.5, 10, 1 ], "rotation": 270, "texture": "#texture" },
        "east":  { "uv": [ 11, 0.5, 10.5, 1 ], "rotation": 90, "texture": "#texture" }
    }
},
{
    "__comment": "Angel x32",
    "from": [ 9.5, 7.5, 14.5 ],
    "to": [ 11, 8.5, 15 ],
    "faces": {
        "down":  { "uv": [ 9.5, 15, 11, 14.5 ], "texture": "#texture" },
        "up":    { "uv": [ 9.5, 14.5, 11, 15 ], "texture": "#texture" },
        "north": { "uv": [ 11, 14.5, 9.5, 15 ], "texture": "#texture" },
        "south": { "uv": [ 9.5, 15, 11, 14.5 ], "texture": "#texture" },
        "west":  { "uv": [ 9.5, 14.5, 10, 15 ], "rotation": 270, "texture": "#texture" },
        "east":  { "uv": [ 11, 14.5, 10.5, 15 ], "rotation": 90, "texture": "#texture" }
    }
},
{
    "__comment": "Angel x32",
    "from": [ 11, 7.5, 1 ],
    "to": [ 12, 8.5, 1.5 ],
    "faces": {
        "down":  { "uv": [ 11, 1.5, 12, 1 ], "texture": "#texture" },
        "up":    { "uv": [ 11, 1, 12, 1.5 ], "texture": "#texture" },
        "north": { "uv": [ 12, 1, 11, 1.5 ], "texture": "#texture" },
        "south": { "uv": [ 11, 1.5, 12, 1 ], "texture": "#texture" },
        "west":  { "uv": [ 11, 1, 11.5, 1.5 ], "rotation": 270, "texture": "#texture" },
        "east":  { "uv": [ 12, 1, 11.5, 1.5 ], "rotation": 90, "texture": "#texture" }
    }
},
{
    "__comment": "Angel x32",
    "from": [ 11, 7.5, 14 ],
    "to": [ 12, 8.5, 14.5 ],
    "faces": {
        "down":  { "uv": [ 11, 14.5, 12, 14 ], "texture": "#texture" },
        "up":    { "uv": [ 11, 14, 12, 14.5 ], "texture": "#texture" },
        "north": { "uv": [ 12, 14, 11, 14.5 ], "texture": "#texture" },
        "south": { "uv": [ 11, 14.5, 12, 14 ], "texture": "#texture" },
        "west":  { "uv": [ 11, 14, 11.5, 14.5 ], "rotation": 270, "texture": "#texture" },
        "east":  { "uv": [ 12, 14, 11.5, 14.5 ], "rotation": 90, "texture": "#texture" }
    }
},
{
    "__comment": "Angel x32",
    "from": [ 12, 7.5, 1.5 ],
    "to": [ 12.5, 8.5, 2 ],
    "faces": {
        "down":  { "uv": [ 12, 2, 12.5, 1.5 ], "texture": "#texture" },
        "up":    { "uv": [ 12, 1.5, 12.5, 2 ], "texture": "#texture" },
        "north": { "uv": [ 12.5, 1.5, 12, 2 ], "texture": "#texture" },
        "south": { "uv": [ 12, 2, 12.5, 1.5 ], "texture": "#texture" },
        "west":  { "uv": [ 12, 1.5, 12.5, 2 ], "rotation": 270, "texture": "#texture" },
        "east":  { "uv": [ 12.5, 1.5, 12, 2 ], "rotation": 90, "texture": "#texture" }
    }
},
{
    "__comment": "Angel x32",
    "from": [ 12, 7.5, 13.5 ],
    "to": [ 12.5, 8.5, 14 ],
    "faces": {
        "down":  { "uv": [ 12, 14, 12.5, 13.5 ], "texture": "#texture" },
        "up":    { "uv": [ 12, 13.5, 12.5, 14 ], "texture": "#texture" },
        "north": { "uv": [ 12.5, 13.5, 12, 14 ], "texture": "#texture" },
        "south": { "uv": [ 12, 14, 12.5, 13.5 ], "texture": "#texture" },
        "west":  { "uv": [ 12, 13.5, 12.5, 14 ], "rotation": 270, "texture": "#texture" },
        "east":  { "uv": [ 12.5, 13.5, 12, 14 ], "rotation": 90, "texture": "#texture" }
    }
},
{
    "__comment": "Angel x32",
    "from": [ 12.5, 7.5, 2 ],
    "to": [ 13, 8.5, 2.5 ],
    "faces": {
        "down":  { "uv": [ 12.5, 2.5, 13, 2 ], "texture": "#texture" },
        "up":    { "uv": [ 12.5, 2, 13, 2.5 ], "texture": "#texture" },
        "north": { "uv": [ 13, 2, 12.5, 2.5 ], "texture": "#texture" },
        "south": { "uv": [ 12.5, 2.5, 13, 2 ], "texture": "#texture" },
        "west":  { "uv": [ 12.5, 2, 13, 2.5 ], "rotation": 270, "texture": "#texture" },
        "east":  { "uv": [ 13, 2, 12.5, 2.5 ], "rotation": 90, "texture": "#texture" }
    }
},
{
    "__comment": "Angel x32",
    "from": [ 12.5, 7.5, 13 ],
    "to": [ 13, 8.5, 13.5 ],
    "faces": {
        "down":  { "uv": [ 12.5, 13.5, 13, 13 ], "texture": "#texture" },
        "up":    { "uv": [ 12.5, 13, 13, 13.5 ], "texture": "#texture" },
        "north": { "uv": [ 13, 13, 12.5, 13.5 ], "texture": "#texture" },
        "south": { "uv": [ 12.5, 13.5, 13, 13 ], "texture": "#texture" },
        "west":  { "uv": [ 12.5, 13, 13, 13.5 ], "rotation": 270, "texture": "#texture" },
        "east":  { "uv": [ 13, 13, 12.5, 13.5 ], "rotation": 90, "texture": "#texture" }
    }
},
{
    "__comment": "Angel x32",
    "from": [ 13, 7.5, 2.5 ],
    "to": [ 13.5, 8.5, 3 ],
    "faces": {
        "down":  { "uv": [ 13, 3, 13.5, 2.5 ], "texture": "#texture" },
        "up":    { "uv": [ 13, 2.5, 13.5, 3 ], "texture": "#texture" },
        "north": { "uv": [ 13.5, 2.5, 13, 3 ], "texture": "#texture" },
        "south": { "uv": [ 13, 3, 13.5, 2.5 ], "texture": "#texture" },
        "west":  { "uv": [ 13, 2.5, 13.5, 3 ], "rotation": 270, "texture": "#texture" },
        "east":  { "uv": [ 13.5, 2.5, 13, 3 ], "rotation": 90, "texture": "#texture" }
    }
},
{
    "__comment": "Angel x32",
    "from": [ 13, 7.5, 12.5 ],
    "to": [ 13.5, 8.5, 13 ],
    "faces": {
        "down":  { "uv": [ 13, 13, 13.5, 12.5 ], "texture": "#texture" },
        "up":    { "uv": [ 13, 12.5, 13.5, 13 ], "texture": "#texture" },
        "north": { "uv": [ 13.5, 12.5, 13, 13 ], "texture": "#texture" },
        "south": { "uv": [ 13, 13, 13.5, 12.5 ], "texture": "#texture" },
        "west":  { "uv": [ 13, 12.5, 13.5, 13 ], "rotation": 270, "texture": "#texture" },
        "east":  { "uv": [ 13.5, 12.5, 13, 13 ], "rotation": 90, "texture": "#texture" }
    }
},
{
    "__comment": "Angel x32",
    "from": [ 13.5, 7.5, 3 ],
    "to": [ 14, 8.5, 3.5 ],
    "faces": {
        "down":  { "uv": [ 13.5, 3.5, 14, 3 ], "texture": "#texture" },
        "up":    { "uv": [ 13.5, 3, 14, 3.5 ], "texture": "#texture" },
        "north": { "uv": [ 14, 3, 13.5, 3.5 ], "texture": "#texture" },
        "south": { "uv": [ 13.5, 3.5, 14, 3 ], "texture": "#texture" },
        "west":  { "uv": [ 13.5, 3, 14, 3.5 ], "rotation": 270, "texture": "#texture" },
        "east":  { "uv": [ 14, 3, 13.5, 3.5 ], "rotation": 90, "texture": "#texture" }
    }
},
{
    "__comment": "Angel x32",
    "from": [ 13.5, 7.5, 12 ],
    "to": [ 14, 8.5, 12.5 ],
    "faces": {
        "down":  { "uv": [ 13.5, 12.5, 14, 12 ], "texture": "#texture" },
        "up":    { "uv": [ 13.5, 12, 14, 12.5 ], "texture": "#texture" },
        "north": { "uv": [ 14, 12, 13.5, 12.5 ], "texture": "#texture" },
        "south": { "uv": [ 13.5, 12.5, 14, 12 ], "texture": "#texture" },
        "west":  { "uv": [ 13.5, 12, 14, 12.5 ], "rotation": 270, "texture": "#texture" },
        "east":  { "uv": [ 14, 12, 13.5, 12.5 ], "rotation": 90, "texture": "#texture" }
    }
},
{
    "__comment": "Angel x32",
    "from": [ 14, 7.5, 3.5 ],
    "to": [ 14.5, 8.5, 4.5 ],
    "faces": {
        "down":  { "uv": [ 14, 4.5, 14.5, 3.5 ], "texture": "#texture" },
        "up":    { "uv": [ 14, 3.5, 14.5, 4.5 ], "texture": "#texture" },
        "north": { "uv": [ 14.5, 3.5, 14, 4 ], "texture": "#texture" },
        "south": { "uv": [ 14, 4.5, 14.5, 4 ], "texture": "#texture" },
        "west":  { "uv": [ 14, 3.5, 14.5, 4.5 ], "rotation": 270, "texture": "#texture" },
        "east":  { "uv": [ 14.5, 3.5, 14, 4.5 ], "rotation": 90, "texture": "#texture" }
    }
},
{
    "__comment": "Angel x32",
    "from": [ 14, 7.5, 11 ],
    "to": [ 14.5, 8.5, 12 ],
    "faces": {
        "down":  { "uv": [ 14, 12, 14.5, 11 ], "texture": "#texture" },
        "up":    { "uv": [ 14, 11, 14.5, 12 ], "texture": "#texture" },
        "north": { "uv": [ 14.5, 11, 14, 11.5 ], "texture": "#texture" },
        "south": { "uv": [ 14, 12, 14.5, 11.5 ], "texture": "#texture" },
        "west":  { "uv": [ 14, 11, 14.5, 12 ], "rotation": 270, "texture": "#texture" },
        "east":  { "uv": [ 14.5, 11, 14, 12 ], "rotation": 90, "texture": "#texture" }
    }
},
{
    "__comment": "Angel x32",
    "from": [ 14.5, 7.5, 4.5 ],
    "to": [ 15, 8.5, 6 ],
    "faces": {
        "down":  { "uv": [ 14.5, 6, 15, 4.5 ], "texture": "#texture" },
        "up":    { "uv": [ 14.5, 4.5, 15, 6 ], "texture": "#texture" },
        "north": { "uv": [ 15, 4.5, 14.5, 5 ], "texture": "#texture" },
        "south": { "uv": [ 14.5, 6, 15, 5.5 ], "texture": "#texture" },
        "west":  { "uv": [ 14.5, 4.5, 15, 6 ], "rotation": 270, "texture": "#texture" },
        "east":  { "uv": [ 15, 4.5, 14.5, 6 ], "rotation": 90, "texture": "#texture" }
    }
},
{
    "__comment": "Angel x32",
    "from": [ 14.5, 7.5, 9.5 ],
    "to": [ 15, 8.5, 11 ],
    "faces": {
        "down":  { "uv": [ 14.5, 11, 15, 9.5 ], "texture": "#texture" },
        "up":    { "uv": [ 14.5, 9.5, 15, 11 ], "texture": "#texture" },
        "north": { "uv": [ 15, 9.5, 14.5, 10 ], "texture": "#texture" },
        "south": { "uv": [ 14.5, 11, 15, 10.5 ], "texture": "#texture" },
        "west":  { "uv": [ 14.5, 9.5, 15, 11 ], "rotation": 270, "texture": "#texture" },
        "east":  { "uv": [ 15, 9.5, 14.5, 11 ], "rotation": 90, "texture": "#texture" }
    }
},
{
    "__comment": "Angel x32",
    "from": [ 15, 7.5, 6 ],
    "to": [ 15.5, 8.5, 9.5 ],
    "faces": {
        "down":  { "uv": [ 15, 9.5, 15.5, 6 ], "texture": "#texture" },
        "up":    { "uv": [ 15, 6, 15.5, 9.5 ], "texture": "#texture" },
        "north": { "uv": [ 15.5, 6, 15, 6.5 ], "texture": "#texture" },
        "south": { "uv": [ 15, 9.5, 15.5, 9 ], "texture": "#texture" },
        "west":  { "uv": [ 15, 6, 15.5, 9.5 ], "rotation": 270, "texture": "#texture" },
        "east":  { "uv": [ 15.5, 6, 15, 9.5 ], "rotation": 90, "texture": "#texture" }
    }
}
],
"display": {
    "head": {
        "rotation": [ 0, 0, 0 ],
        "translation": [ 0.2, 9, 0 ],
        "scale": [ 1, 1, 1 ]
    }
}
}