{"textures":{"1":"mcbt/wool_colored_red","2":"mcbt/gold_block","3":"mcbt/diamond_block","4":"mcbt/emerald_block","5":"mcbt/purpur_block"},"elements":[{"from":[3.5,5.25,3.5],"to":[12.5,10.75,12.5],"faces":{"down":{"uv":[12,13,3,4],"texture":"#1"},"up":{"uv":[3,3,12,12],"texture":"#1"},"north":{"uv":[4,4,13,10],"texture":"#1"},"south":{"uv":[3,5,12,11],"texture":"#1"},"west":{"uv":[2,7,11,13],"texture":"#1"},"east":{"uv":[4,6,13,12],"texture":"#1"}}},{"from":[3,5,3],"to":[13,7,13],"faces":{"down":{"uv":[13,13,3,3],"texture":"#2"},"up":{"uv":[3,3,13,13],"texture":"#2"},"north":{"uv":[3,9,13,11],"texture":"#2"},"south":{"uv":[3,9,13,11],"texture":"#2"},"west":{"uv":[3,9,13,11],"texture":"#2"},"east":{"uv":[3,9,13,11],"texture":"#2"}}},{"from":[7,6.625,2.375],"to":[9,8.625,2.875],"rotation":{"origin":[7,8.625,2.375],"axis":"x","angle":-22.5},"faces":{"down":{"uv":[9,3.5,8,3],"texture":"#2"},"up":{"uv":[7,3,8,3.5],"texture":"#2"},"north":{"uv":[8,6.5,9,9],"texture":"#2"},"south":{"uv":[7,6.5,8,9],"texture":"#2"},"west":{"uv":[3,6.5,3.5,9],"texture":"#2"},"east":{"uv":[12.5,6.5,13,9],"texture":"#2"}}},{"from":[7,8.625,2.375],"to":[9,11.125,2.875],"faces":{"down":{"uv":[9,2.875,7,2.375],"texture":"#2"},"up":{"uv":[7,2.375,9,2.875],"texture":"#2"},"north":{"uv":[7,4.875,9,7.375],"texture":"#2"},"south":{"uv":[7,4.875,9,7.375],"texture":"#2"},"west":{"uv":[2.375,4.875,2.875,7.375],"texture":"#2"},"east":{"uv":[13.125,4.875,13.625,7.375],"texture":"#2"}}},{"from":[7,11.5,7],"to":[9,13,9],"faces":{"down":{"uv":[9,9,7,7],"texture":"#2"},"up":{"uv":[7,7,9,9],"texture":"#2"},"north":{"uv":[7,2.5,9,4.5],"texture":"#2"},"south":{"uv":[7,2.5,9,4.5],"texture":"#2"},"west":{"uv":[7,2.5,9,4.5],"texture":"#2"},"east":{"uv":[7,2.5,9,4.5],"texture":"#2"}}},{"from":[7,10.625,2.375],"to":[9,11.125,4.375],"rotation":{"origin":[7,11.125,2.375],"axis":"x","angle":-22.5},"faces":{"down":{"uv":[9,4,8,2],"texture":"#2"},"up":{"uv":[7,2,8,4],"texture":"#2"},"north":{"uv":[8,4,9,4.5],"texture":"#2"},"south":{"uv":[7,4,8,4.5],"texture":"#2"},"west":{"uv":[2,4,4,4.5],"texture":"#2"},"east":{"uv":[12,4,14,4.5],"texture":"#2"}}},{"from":[7,11.375,4.1875],"to":[9,11.875,7.1875],"faces":{"down":{"uv":[9,7.1875,7,4.1875],"texture":"#2"},"up":{"uv":[7,4.1875,9,7.1875],"texture":"#2"},"north":{"uv":[7,4.125,9,4.625],"texture":"#2"},"south":{"uv":[7,4.125,9,4.625],"texture":"#2"},"west":{"uv":[4.1875,4.125,7.1875,4.625],"texture":"#2"},"east":{"uv":[8.8125,4.125,11.8125,4.625],"texture":"#2"}}},{"from":[7,6.8125,13.1875],"to":[9,8.8125,13.6875],"rotation":{"origin":[7,8.8125,13.1875],"axis":"x","angle":22.5},"faces":{"down":{"uv":[9,3.5,8,3],"texture":"#2"},"up":{"uv":[7,3,8,3.5],"texture":"#2"},"north":{"uv":[8,6.5,9,9],"texture":"#2"},"south":{"uv":[7,6.5,8,9],"texture":"#2"},"west":{"uv":[3,6.5,3.5,9],"texture":"#2"},"east":{"uv":[12.5,6.5,13,9],"texture":"#2"}}},{"from":[7,8.625,13.125],"to":[9,11.125,13.625],"faces":{"down":{"uv":[9,13.625,7,13.125],"texture":"#2"},"up":{"uv":[7,13.125,9,13.625],"texture":"#2"},"north":{"uv":[7,4.875,9,7.375],"texture":"#2"},"south":{"uv":[7,4.875,9,7.375],"texture":"#2"},"west":{"uv":[13.125,4.875,13.625,7.375],"texture":"#2"},"east":{"uv":[2.375,4.875,2.875,7.375],"texture":"#2"}}},{"from":[7,11.375,11.75],"to":[9,11.875,13.75],"rotation":{"origin":[7,11.875,11.75],"axis":"x","angle":22.5},"faces":{"down":{"uv":[9,4,8,2],"texture":"#2"},"up":{"uv":[7,2,8,4],"texture":"#2"},"north":{"uv":[8,4,9,4.5],"texture":"#2"},"south":{"uv":[7,4,8,4.5],"texture":"#2"},"west":{"uv":[2,4,4,4.5],"texture":"#2"},"east":{"uv":[12,4,14,4.5],"texture":"#2"}}},{"from":[7,11.375,8.75],"to":[9,11.875,11.75],"faces":{"down":{"uv":[9,11.75,7,8.75],"texture":"#2"},"up":{"uv":[7,8.75,9,11.75],"texture":"#2"},"north":{"uv":[7,4.125,9,4.625],"texture":"#2"},"south":{"uv":[7,4.125,9,4.625],"texture":"#2"},"west":{"uv":[8.75,4.125,11.75,4.625],"texture":"#2"},"east":{"uv":[4.25,4.125,7.25,4.625],"texture":"#2"}}},{"from":[8,5.75,2.75],"to":[9,6.75,3.25],"rotation":{"origin":[8,6.75,2.75],"axis":"z","angle":-45},"faces":{"down":{"uv":[2,3,1,2],"texture":"#3"},"up":{"uv":[14,2,15,3],"texture":"#3"},"north":{"uv":[1,9.5,2,10.5],"texture":"#3"},"south":{"uv":[14,9.5,15,10.5],"texture":"#3"},"west":{"uv":[2,9.5,3,10.5],"texture":"#3"},"east":{"uv":[13,9.5,14,10.5],"texture":"#3"}}},{"from":[10.3125,5.75,2.8125],"to":[11.3125,6.25,3.3125],"faces":{"down":{"uv":[8,7.5,7,7],"texture":"#4"},"up":{"uv":[7,7,8,7.5],"texture":"#4"},"north":{"uv":[7,7,8,7.5],"texture":"#4"},"south":{"uv":[7,7,8,7.5],"texture":"#4"},"west":{"uv":[7.5,7.5,8,8],"texture":"#4"},"east":{"uv":[8,8,8.5,8.5],"texture":"#4"}}},{"from":[4.5,5.75,2.8125],"to":[5.5,6.25,3.3125],"faces":{"down":{"uv":[8,7.5,7,7],"texture":"#4"},"up":{"uv":[7,7,8,7.5],"texture":"#4"},"north":{"uv":[7,7,8,7.5],"texture":"#4"},"south":{"uv":[7,7,8,7.5],"texture":"#4"},"west":{"uv":[7.5,7.5,8,8],"texture":"#4"},"east":{"uv":[8,8,8.5,8.5],"texture":"#4"}}},{"from":[4.5,5.75,12.6875],"to":[5.5,6.25,13.1875],"faces":{"down":{"uv":[8,7.5,7,7],"texture":"#4"},"up":{"uv":[7,7,8,7.5],"texture":"#4"},"north":{"uv":[7,7,8,7.5],"texture":"#4"},"south":{"uv":[7,7,8,7.5],"texture":"#4"},"west":{"uv":[7.5,7.5,8,8],"texture":"#4"},"east":{"uv":[8,8,8.5,8.5],"texture":"#4"}}},{"from":[10.5,5.75,12.6875],"to":[11.5,6.25,13.1875],"faces":{"down":{"uv":[8,7.5,7,7],"texture":"#4"},"up":{"uv":[7,7,8,7.5],"texture":"#4"},"north":{"uv":[7,7,8,7.5],"texture":"#4"},"south":{"uv":[7,7,8,7.5],"texture":"#4"},"west":{"uv":[7.5,7.5,8,8],"texture":"#4"},"east":{"uv":[8,8,8.5,8.5],"texture":"#4"}}},{"from":[12.6875,5.75,10.5],"to":[13.1875,6.25,11.5],"faces":{"down":{"uv":[8,7.5,7,7],"texture":"#4"},"up":{"uv":[7,7,8,7.5],"texture":"#4"},"north":{"uv":[7,7,8,7.5],"texture":"#4"},"south":{"uv":[7,7,8,7.5],"texture":"#4"},"west":{"uv":[7.5,7.5,8,8],"texture":"#4"},"east":{"uv":[8,8,8.5,8.5],"texture":"#4"}}},{"from":[12.6875,5.75,4.5],"to":[13.1875,6.25,5.5],"faces":{"down":{"uv":[8,7.5,7,7],"texture":"#4"},"up":{"uv":[7,7,8,7.5],"texture":"#4"},"north":{"uv":[7,7,8,7.5],"texture":"#4"},"south":{"uv":[7,7,8,7.5],"texture":"#4"},"west":{"uv":[7.5,7.5,8,8],"texture":"#4"},"east":{"uv":[8,8,8.5,8.5],"texture":"#4"}}},{"from":[2.8125,5.75,10.5],"to":[3.3125,6.25,11.5],"faces":{"down":{"uv":[8,7.5,7,7],"texture":"#4"},"up":{"uv":[7,7,8,7.5],"texture":"#4"},"north":{"uv":[7,7,8,7.5],"texture":"#4"},"south":{"uv":[7,7,8,7.5],"texture":"#4"},"west":{"uv":[7.5,7.5,8,8],"texture":"#4"},"east":{"uv":[8,8,8.5,8.5],"texture":"#4"}}},{"from":[2.8125,5.75,4.5],"to":[3.3125,6.25,5.5],"faces":{"down":{"uv":[8,7.5,7,7],"texture":"#4"},"up":{"uv":[7,7,8,7.5],"texture":"#4"},"north":{"uv":[7,7,8,7.5],"texture":"#4"},"south":{"uv":[7,7,8,7.5],"texture":"#4"},"west":{"uv":[7.5,7.5,8,8],"texture":"#4"},"east":{"uv":[8,8,8.5,8.5],"texture":"#4"}}},{"from":[2.8125,5.5,7.5],"to":[3.3125,6.5,8.5],"faces":{"down":{"uv":[13,5,12.5,4],"texture":"#5"},"up":{"uv":[3,11.5,3.5,12.5],"texture":"#5"},"north":{"uv":[12.5,11,13,12],"texture":"#5"},"south":{"uv":[3,10,3.5,11],"texture":"#5"},"west":{"uv":[11,12,12,13],"texture":"#5"},"east":{"uv":[11,11,12,12],"texture":"#5"}}},{"from":[12.6875,5.5,7.5],"to":[13.1875,6.5,8.5],"faces":{"down":{"uv":[13,5,12.5,4],"texture":"#5"},"up":{"uv":[3,11.5,3.5,12.5],"texture":"#5"},"north":{"uv":[12.5,11,13,12],"texture":"#5"},"south":{"uv":[3,10,3.5,11],"texture":"#5"},"west":{"uv":[11,12,12,13],"texture":"#5"},"east":{"uv":[11,11,12,12],"texture":"#5"}}},{"from":[7.5,5.5,12.6875],"to":[8.5,6.5,13.1875],"faces":{"down":{"uv":[13,5,12.5,4],"texture":"#5"},"up":{"uv":[3,11.5,3.5,12.5],"texture":"#5"},"north":{"uv":[12.5,11,13,12],"texture":"#5"},"south":{"uv":[3,10,3.5,11],"texture":"#5"},"west":{"uv":[11,12,12,13],"texture":"#5"},"east":{"uv":[11,11,12,12],"texture":"#5"}}},{"from":[2.375,6.6875,7],"to":[2.875,8.6875,9],"rotation":{"origin":[2.375,8.6875,7],"axis":"z","angle":22.5},"faces":{"down":{"uv":[9,3.5,8,3],"texture":"#2"},"up":{"uv":[7,3,8,3.5],"texture":"#2"},"north":{"uv":[8,6.5,9,9],"texture":"#2"},"south":{"uv":[7,6.5,8,9],"texture":"#2"},"west":{"uv":[3,6.5,3.5,9],"texture":"#2"},"east":{"uv":[12.5,6.5,13,9],"texture":"#2"}}},{"from":[2.375,8.6875,7],"to":[2.875,11.1875,9],"faces":{"down":{"uv":[9,13.625,7,13.125],"texture":"#2"},"up":{"uv":[7,13.125,9,13.625],"texture":"#2"},"north":{"uv":[7,4.875,9,7.375],"texture":"#2"},"south":{"uv":[7,4.875,9,7.375],"texture":"#2"},"west":{"uv":[13.125,4.875,13.625,7.375],"texture":"#2"},"east":{"uv":[2.375,4.875,2.875,7.375],"texture":"#2"}}},{"from":[2.375,10.6875,7],"to":[4.375,11.1875,9],"rotation":{"origin":[2.375,11.1875,7],"axis":"z","angle":22.5},"faces":{"down":{"uv":[9,4,8,2],"texture":"#2"},"up":{"uv":[7,2,8,4],"texture":"#2"},"north":{"uv":[8,4,9,4.5],"texture":"#2"},"south":{"uv":[7,4,8,4.5],"texture":"#2"},"west":{"uv":[2,4,4,4.5],"texture":"#2"},"east":{"uv":[12,4,14,4.5],"texture":"#2"}}},{"from":[4.1875,11.4375,7],"to":[7.1875,11.9375,9],"faces":{"down":{"uv":[9,11.75,7,8.75],"texture":"#2"},"up":{"uv":[7,8.75,9,11.75],"texture":"#2"},"north":{"uv":[7,4.125,9,4.625],"texture":"#2"},"south":{"uv":[7,4.125,9,4.625],"texture":"#2"},"west":{"uv":[8.75,4.125,11.75,4.625],"texture":"#2"},"east":{"uv":[4.25,4.125,7.25,4.625],"texture":"#2"}}},{"from":[13.25,6.8125,7],"to":[13.75,8.8125,9],"rotation":{"origin":[13.25,8.8125,7],"axis":"z","angle":-22.5},"faces":{"down":{"uv":[9,3.5,8,3],"texture":"#2"},"up":{"uv":[7,3,8,3.5],"texture":"#2"},"north":{"uv":[8,6.5,9,9],"texture":"#2"},"south":{"uv":[7,6.5,8,9],"texture":"#2"},"west":{"uv":[3,6.5,3.5,9],"texture":"#2"},"east":{"uv":[12.5,6.5,13,9],"texture":"#2"}}},{"from":[13.1875,8.625,7],"to":[13.6875,11.125,9],"faces":{"down":{"uv":[9,13.625,7,13.125],"texture":"#2"},"up":{"uv":[7,13.125,9,13.625],"texture":"#2"},"north":{"uv":[7,4.875,9,7.375],"texture":"#2"},"south":{"uv":[7,4.875,9,7.375],"texture":"#2"},"west":{"uv":[13.125,4.875,13.625,7.375],"texture":"#2"},"east":{"uv":[2.375,4.875,2.875,7.375],"texture":"#2"}}},{"from":[11.8125,11.4375,7],"to":[13.8125,11.9375,9],"rotation":{"origin":[11.8125,11.9375,7],"axis":"z","angle":-22.5},"faces":{"down":{"uv":[9,4,8,2],"texture":"#2"},"up":{"uv":[7,2,8,4],"texture":"#2"},"north":{"uv":[8,4,9,4.5],"texture":"#2"},"south":{"uv":[7,4,8,4.5],"texture":"#2"},"west":{"uv":[2,4,4,4.5],"texture":"#2"},"east":{"uv":[12,4,14,4.5],"texture":"#2"}}},{"from":[8.8125,11.4375,7],"to":[11.8125,11.9375,9],"faces":{"down":{"uv":[9,11.75,7,8.75],"texture":"#2"},"up":{"uv":[7,8.75,9,11.75],"texture":"#2"},"north":{"uv":[7,4.125,9,4.625],"texture":"#2"},"south":{"uv":[7,4.125,9,4.625],"texture":"#2"},"west":{"uv":[8.75,4.125,11.75,4.625],"texture":"#2"},"east":{"uv":[4.25,4.125,7.25,4.625],"texture":"#2"}}}],"display":{"head":{"rotation":[0,0,5],"translation":[-0.5,7.5,0],"scale":[1.7,1.7,1.7]}}}