{"textures":{"0":"mcbt/gold_block","1":"mcbt/hardened_clay_stained_cyan","2":"mcbt/wool_colored_red"},"elements":[{"from":[3.5,8,4],"to":[12.5,10,12],"faces":{"north":{"texture":"#0","uv":[0,0,9,2]},"east":{"texture":"#0","uv":[0,0,8,2]},"south":{"texture":"#0","uv":[0,0,9,2]},"west":{"texture":"#0","uv":[0,0,8,2]},"up":{"texture":"#0","uv":[0,0,9,8]},"down":{"texture":"#0","uv":[0,0,9,8]}}},{"from":[7,0,12],"to":[9,4,14],"rotation":{"origin":[8,8,8],"axis":"y","angle":-45},"faces":{"north":{"texture":"#0","uv":[0,0,2,4]},"east":{"texture":"#0","uv":[0,0,2,4]},"south":{"texture":"#0","uv":[0,0,2,4]},"west":{"texture":"#0","uv":[0,0,2,4]},"up":{"texture":"#0","uv":[0,0,2,2]},"down":{"texture":"#0","uv":[0,0,2,2]}}},{"from":[7,0,12],"to":[9,4,14],"rotation":{"origin":[8,8,8],"axis":"y","angle":45},"faces":{"north":{"texture":"#0","uv":[0,0,2,4]},"east":{"texture":"#0","uv":[0,0,2,4]},"south":{"texture":"#0","uv":[0,0,2,4]},"west":{"texture":"#0","uv":[0,0,2,4]},"up":{"texture":"#0","uv":[0,0,2,2]},"down":{"texture":"#0","uv":[0,0,2,2]}}},{"from":[9,7,12],"to":[11,9,14],"rotation":{"origin":[8,8,8],"axis":"y","angle":45},"faces":{"north":{"texture":"#0","uv":[0,0,2,2]},"east":{"texture":"#0","uv":[0,0,2,2]},"south":{"texture":"#0","uv":[0,0,2,2]},"west":{"texture":"#0","uv":[0,0,2,2]},"up":{"texture":"#0","uv":[0,0,2,2]},"down":{"texture":"#0","uv":[0,0,2,2]}}},{"from":[6,7,12],"to":[11,9,14],"rotation":{"origin":[8,8,8],"axis":"y","angle":-45},"faces":{"north":{"texture":"#1","uv":[0,0,5,2]},"east":{"texture":"#1","uv":[0,0,2,2]},"south":{"texture":"#1","uv":[0,0,5,2]},"west":{"texture":"#1","uv":[0,0,2,2]},"up":{"texture":"#1","uv":[0,0,5,2]},"down":{"texture":"#1","uv":[0,0,5,2]}}},{"from":[9,0,12],"to":[11,4,14],"rotation":{"origin":[8,8,8],"axis":"y","angle":-45},"faces":{"north":{"texture":"#1","uv":[0,0,2,4]},"east":{"texture":"#1","uv":[0,0,2,4]},"south":{"texture":"#1","uv":[0,0,2,4]},"west":{"texture":"#1","uv":[0,0,2,4]},"up":{"texture":"#1","uv":[0,0,2,2]},"down":{"texture":"#1","uv":[0,0,2,2]}}},{"from":[5,0,12],"to":[7,4,14],"rotation":{"origin":[8,8,8],"axis":"y","angle":45},"faces":{"north":{"texture":"#1","uv":[0,0,2,4]},"east":{"texture":"#1","uv":[0,0,2,4]},"south":{"texture":"#1","uv":[0,0,2,4]},"west":{"texture":"#1","uv":[0,0,2,4]},"up":{"texture":"#1","uv":[0,0,2,2]},"down":{"texture":"#1","uv":[0,0,2,2]}}},{"from":[5,7,12],"to":[9,9,14],"rotation":{"origin":[8,8,8],"axis":"y","angle":45},"faces":{"north":{"texture":"#1","uv":[0,0,4,2]},"east":{"texture":"#1","uv":[0,0,2,2]},"south":{"texture":"#1","uv":[0,0,4,2]},"west":{"texture":"#1","uv":[0,0,2,2]},"up":{"texture":"#1","uv":[0,0,4,2]},"down":{"texture":"#1","uv":[0,0,4,2]}}},{"from":[6,7,12],"to":[10,9,14],"faces":{"north":{"texture":"#1","uv":[0,0,4,2]},"east":{"texture":"#1","uv":[0,0,2,2]},"south":{"texture":"#1","uv":[0,0,4,2]},"west":{"texture":"#1","uv":[0,0,2,2]},"up":{"texture":"#1","uv":[0,0,4,2]},"down":{"texture":"#1","uv":[0,0,4,2]}}},{"from":[5,1,12],"to":[8,4,14],"rotation":{"origin":[8,8,8],"axis":"y","angle":-45},"faces":{"north":{"texture":"#0","uv":[0,0,3,3]},"east":{"texture":"#0","uv":[0,0,2,3]},"south":{"texture":"#0","uv":[0,0,3,3]},"west":{"texture":"#0","uv":[0,0,2,3]},"up":{"texture":"#0","uv":[0,0,3,2]},"down":{"texture":"#0","uv":[0,0,3,2]}}},{"from":[9,1,12],"to":[11,7,14],"rotation":{"origin":[8,8,8],"axis":"y","angle":45},"faces":{"north":{"texture":"#0","uv":[0,0,2,6]},"east":{"texture":"#0","uv":[0,0,2,6]},"south":{"texture":"#0","uv":[0,0,2,6]},"west":{"texture":"#0","uv":[0,0,2,6]},"up":{"texture":"#0","uv":[0,0,2,2]},"down":{"texture":"#0","uv":[0,0,2,2]}}},{"from":[2,3,4.5],"to":[4,9,12.5],"rotation":{"origin":[8,8,8],"axis":"y","angle":-22.5},"faces":{"north":{"texture":"#0","uv":[0,0,2,6]},"east":{"texture":"#0","uv":[0,0,8,6]},"south":{"texture":"#0","uv":[0,0,2,6]},"west":{"texture":"#0","uv":[0,0,8,6]},"up":{"texture":"#0","uv":[0,0,2,8]},"down":{"texture":"#0","uv":[0,0,2,8]}}},{"from":[12,3,4.5],"to":[14,9,12.5],"rotation":{"origin":[8,8,8],"axis":"y","angle":22.5},"faces":{"north":{"texture":"#0","uv":[0,0,2,6]},"east":{"texture":"#0","uv":[0,0,8,6]},"south":{"texture":"#0","uv":[0,0,2,6]},"west":{"texture":"#0","uv":[0,0,8,6]},"up":{"texture":"#0","uv":[0,0,2,8]},"down":{"texture":"#0","uv":[0,0,2,8]}}},{"from":[4,3,2],"to":[12,9,4],"faces":{"north":{"texture":"#0","uv":[0,0,8,6]},"east":{"texture":"#0","uv":[0,0,2,6]},"south":{"texture":"#0","uv":[0,0,8,6]},"west":{"texture":"#0","uv":[0,0,2,6]},"up":{"texture":"#0","uv":[0,0,8,2]},"down":{"texture":"#0","uv":[0,0,8,2]}}},{"from":[6,9,4],"to":[10,11,13],"faces":{"north":{"texture":"#1","uv":[0,0,4,2]},"east":{"texture":"#1","uv":[0,0,9,2]},"south":{"texture":"#1","uv":[0,0,4,2]},"west":{"texture":"#1","uv":[0,0,9,2]},"up":{"texture":"#1","uv":[0,0,4,9]},"down":{"texture":"#1","uv":[0,0,4,9]}}},{"from":[6,10,3],"to":[10,13,7],"rotation":{"origin":[8,8,8],"axis":"x","angle":-45},"faces":{"north":{"texture":"#1","uv":[0,0,4,3]},"east":{"texture":"#1","uv":[0,0,4,3]},"south":{"texture":"#1","uv":[0,0,4,3]},"west":{"texture":"#1","uv":[0,0,4,3]},"up":{"texture":"#1","uv":[0,0,4,4]},"down":{"texture":"#1","uv":[0,0,4,4]}}},{"from":[6,8,1],"to":[10,11,2],"rotation":{"origin":[8,8,8],"axis":"x","angle":-22.5},"faces":{"north":{"texture":"#1","uv":[0,0,4,3]},"east":{"texture":"#1","uv":[0,0,1,3]},"south":{"texture":"#1","uv":[0,0,4,3]},"west":{"texture":"#1","uv":[0,0,1,3]},"up":{"texture":"#1","uv":[0,0,4,1]},"down":{"texture":"#1","uv":[0,0,4,1]}}},{"from":[6.5,10,10],"to":[9.5,18.5,11],"rotation":{"origin":[8,8,8],"axis":"x","angle":22.5},"faces":{"north":{"texture":"#2","uv":[7,8,10,16.5]},"east":{"texture":"#2","uv":[9,7,10,15.5]},"south":{"texture":"#2","uv":[3,3,6,11.5]},"west":{"texture":"#2","uv":[6,6,7,14.5]},"up":{"texture":"#2","uv":[4,8,7,9]},"down":{"texture":"#2","uv":[5,5,8,6]}}},{"from":[6.5,10,8],"to":[9.5,18.5,9],"rotation":{"origin":[8,8,8],"axis":"x","angle":45},"faces":{"north":{"texture":"#2","uv":[7,8,10,16.5]},"east":{"texture":"#2","uv":[9,7,10,15.5]},"south":{"texture":"#2","uv":[3,3,6,11.5]},"west":{"texture":"#2","uv":[6,6,7,14.5]},"up":{"texture":"#2","uv":[4,8,7,9]},"down":{"texture":"#2","uv":[5,5,8,6]}}},{"from":[6.5,10,8.6],"to":[9.5,18.5,9.6],"rotation":{"origin":[8,8,8],"axis":"x","angle":22.5},"faces":{"north":{"texture":"#2","uv":[7,8,10,16.5]},"east":{"texture":"#2","uv":[9,7,10,15.5]},"south":{"texture":"#2","uv":[3,3,6,11.5]},"west":{"texture":"#2","uv":[6,6,7,14.5]},"up":{"texture":"#2","uv":[4,8,7,9]},"down":{"texture":"#2","uv":[5,5,8,6]}}},{"from":[6.5,9,10.6],"to":[9.5,17.7,11.6],"faces":{"north":{"texture":"#2","uv":[7,8,10,16.7]},"east":{"texture":"#2","uv":[9,7,10,15.7]},"south":{"texture":"#2","uv":[3,3,6,11.7]},"west":{"texture":"#2","uv":[6,6,7,14.7]},"up":{"texture":"#2","uv":[4,8,7,9]},"down":{"texture":"#2","uv":[5,5,8,6]}}},{"from":[6.5,9,9.2],"to":[9.5,18,10.2],"faces":{"north":{"texture":"#2","uv":[7,8,10,17]},"east":{"texture":"#2","uv":[9,7,10,16]},"south":{"texture":"#2","uv":[3,3,6,12]},"west":{"texture":"#2","uv":[6,6,7,15]},"up":{"texture":"#2","uv":[4,8,7,9]},"down":{"texture":"#2","uv":[5,5,8,6]}}},{"from":[6.5,9,7.7],"to":[9.5,18,8.7],"faces":{"north":{"texture":"#2","uv":[7,8,10,17]},"east":{"texture":"#2","uv":[9,7,10,16]},"south":{"texture":"#2","uv":[3,3,6,12]},"west":{"texture":"#2","uv":[6,6,7,15]},"up":{"texture":"#2","uv":[4,8,7,9]},"down":{"texture":"#2","uv":[5,5,8,6]}}},{"from":[6.5,9,6.3],"to":[9.5,18,7.3],"faces":{"north":{"texture":"#2","uv":[7,8,10,17]},"east":{"texture":"#2","uv":[9,7,10,16]},"south":{"texture":"#2","uv":[3,3,6,12]},"west":{"texture":"#2","uv":[6,6,7,15]},"up":{"texture":"#2","uv":[4,8,7,9]},"down":{"texture":"#2","uv":[5,5,8,6]}}},{"from":[6.5,9,6.3],"to":[9.5,18,7.3],"rotation":{"origin":[8,8,8],"axis":"x","angle":-22.5},"faces":{"north":{"texture":"#2","uv":[7,8,10,17]},"east":{"texture":"#2","uv":[9,7,10,16]},"south":{"texture":"#2","uv":[3,3,6,12]},"west":{"texture":"#2","uv":[6,6,7,15]},"up":{"texture":"#2","uv":[4,8,7,9]},"down":{"texture":"#2","uv":[5,5,8,6]}}},{"from":[6.5,10,5],"to":[9.5,17.5,6],"rotation":{"origin":[8,8,8],"axis":"x","angle":-45},"faces":{"north":{"texture":"#2","uv":[7,8,10,15.5]},"east":{"texture":"#2","uv":[9,7,10,14.5]},"south":{"texture":"#2","uv":[3,3,6,10.5]},"west":{"texture":"#2","uv":[6,6,7,13.5]},"up":{"texture":"#2","uv":[4,8,7,9]},"down":{"texture":"#2","uv":[5,5,8,6]}}},{"from":[6.5,9,3.6],"to":[9.5,16.5,4.6],"rotation":{"origin":[8,8,8],"axis":"x","angle":-45},"faces":{"north":{"texture":"#2","uv":[7,8,10,15.5]},"east":{"texture":"#2","uv":[9,7,10,14.5]},"south":{"texture":"#2","uv":[3,3,6,10.5]},"west":{"texture":"#2","uv":[6,6,7,13.5]},"up":{"texture":"#2","uv":[4,8,7,9]},"down":{"texture":"#2","uv":[5,5,8,6]}}},{"from":[6.5,9,4.8],"to":[9.5,17.6,5.8],"faces":{"north":{"texture":"#2","uv":[7,8,10,16.6]},"east":{"texture":"#2","uv":[9,7,10,15.6]},"south":{"texture":"#2","uv":[3,3,6,11.6]},"west":{"texture":"#2","uv":[6,6,7,14.6]},"up":{"texture":"#2","uv":[4,8,7,9]},"down":{"texture":"#2","uv":[5,5,8,6]}}},{"from":[6.5,9,5],"to":[9.5,17.5,6],"rotation":{"origin":[8,8,8],"axis":"x","angle":-22.5},"faces":{"north":{"texture":"#2","uv":[7,8,10,16.5]},"east":{"texture":"#2","uv":[9,7,10,15.5]},"south":{"texture":"#2","uv":[3,3,6,11.5]},"west":{"texture":"#2","uv":[6,6,7,14.5]},"up":{"texture":"#2","uv":[4,8,7,9]},"down":{"texture":"#2","uv":[5,5,8,6]}}},{"from":[6.5,9,3.6],"to":[9.5,16.5,4.6],"rotation":{"origin":[8,8,8],"axis":"x","angle":-22.5},"faces":{"north":{"texture":"#2","uv":[7,8,10,15.5]},"east":{"texture":"#2","uv":[9,7,10,14.5]},"south":{"texture":"#2","uv":[3,3,6,10.5]},"west":{"texture":"#2","uv":[6,6,7,13.5]},"up":{"texture":"#2","uv":[4,8,7,9]},"down":{"texture":"#2","uv":[5,5,8,6]}}},{"from":[6,4,12],"to":[11,5,14],"rotation":{"origin":[8,8,8],"axis":"y","angle":-45},"faces":{"north":{"texture":"#1","uv":[0,0,5,1]},"east":{"texture":"#1","uv":[0,0,2,1]},"south":{"texture":"#1","uv":[0,0,5,1]},"west":{"texture":"#1","uv":[0,0,2,1]},"up":{"texture":"#1","uv":[0,0,5,2]},"down":{"texture":"#1","uv":[0,0,5,2]}}},{"from":[6,4,12],"to":[7,7,14],"rotation":{"origin":[8,8,8],"axis":"y","angle":-45},"faces":{"north":{"texture":"#1","uv":[0,0,1,3]},"east":{"texture":"#1","uv":[0,0,2,3]},"south":{"texture":"#1","uv":[0,0,1,3]},"west":{"texture":"#1","uv":[0,0,2,3]},"up":{"texture":"#1","uv":[0,0,1,2]},"down":{"texture":"#1","uv":[0,0,1,2]}}},{"from":[5,4,12],"to":[9,5,14],"rotation":{"origin":[8,8,8],"axis":"y","angle":45},"faces":{"north":{"texture":"#1","uv":[0,0,4,1]},"east":{"texture":"#1","uv":[0,0,2,1]},"south":{"texture":"#1","uv":[0,0,4,1]},"west":{"texture":"#1","uv":[0,0,2,1]},"up":{"texture":"#1","uv":[0,0,4,2]},"down":{"texture":"#1","uv":[0,0,4,2]}}},{"from":[8,5,12],"to":[9,7,14],"rotation":{"origin":[8,8,8],"axis":"y","angle":45},"faces":{"north":{"texture":"#1","uv":[0,0,1,2]},"east":{"texture":"#1","uv":[0,0,2,2]},"south":{"texture":"#1","uv":[0,0,1,2]},"west":{"texture":"#1","uv":[0,0,2,2]},"up":{"texture":"#1","uv":[0,0,1,2]},"down":{"texture":"#1","uv":[0,0,1,2]}}}],"display":{"head":{"rotation":[0,180,0],"translation":[0,7,-1],"scale":[1.7,1.7,1.7]},"gui":{"rotation":[0,-45,0],"translation":[0,-1,0],"scale":[0.7,0.7,0.7]}}}