{"textures":{"0":"mcbt/ice","1":"mcbt/iron_block","2":"mcbt/stonebrick_carved"},"elements":[{"from":[3,0,3],"to":[12,9,4],"faces":{"north":{"texture":"#0","uv":[0,0,9,9]},"east":{"texture":"#0","uv":[0,0,1,9]},"south":{"texture":"#0","uv":[0,0,9,9]},"west":{"texture":"#0","uv":[0,0,1,9]},"up":{"texture":"#0","uv":[0,0,9,1]},"down":{"texture":"#0","uv":[0,0,9,1]}}},{"from":[4,0,12],"to":[13,9,13],"faces":{"north":{"texture":"#0","uv":[0,0,9,9]},"east":{"texture":"#0","uv":[0,0,1,9]},"south":{"texture":"#0","uv":[0,0,9,9]},"west":{"texture":"#0","uv":[0,0,1,9]},"up":{"texture":"#0","uv":[0,0,9,1]},"down":{"texture":"#0","uv":[0,0,9,1]}}},{"from":[3,0,4],"to":[4,9,13],"faces":{"north":{"texture":"#0","uv":[0,0,1,9]},"east":{"texture":"#0","uv":[0,0,9,9]},"south":{"texture":"#0","uv":[0,0,1,9]},"west":{"texture":"#0","uv":[0,0,9,9]},"up":{"texture":"#0","uv":[0,0,1,9]},"down":{"texture":"#0","uv":[0,0,1,9]}}},{"from":[12,0,3],"to":[13,9,12],"faces":{"north":{"texture":"#0","uv":[0,0,1,9]},"east":{"texture":"#0","uv":[0,0,9,9]},"south":{"texture":"#0","uv":[0,0,1,9]},"west":{"texture":"#0","uv":[7,0,16,9]},"up":{"texture":"#0","uv":[0,0,1,9]},"down":{"texture":"#0","uv":[0,0,1,9]}}},{"from":[4,8,4],"to":[12,9,12],"faces":{"north":{"texture":"#0","uv":[0,0,8,1]},"east":{"texture":"#0","uv":[0,0,8,1]},"south":{"texture":"#0","uv":[0,0,8,1]},"west":{"texture":"#0","uv":[0,0,8,1]},"up":{"texture":"#0","uv":[0,0,8,8]},"down":{"texture":"#0","uv":[0,0,8,8]}}},{"from":[5,4,16],"to":[11,7,19],"rotation":{"origin":[8,8,8],"axis":"x","angle":45},"faces":{"north":{"texture":"#1","uv":[5,2,11,5]},"east":{"texture":"#1","uv":[7,1,10,4]},"south":{"texture":"#1","uv":[5,2,11,5]},"west":{"texture":"#1","uv":[6,2,6,4]},"up":{"texture":"#1","uv":[5,3,11,6]},"down":{"texture":"#1","uv":[5,2,11,5]}}},{"from":[3,-1.5,12.5],"to":[8,0.5,14.5],"rotation":{"origin":[8,8,8],"axis":"y","angle":-22.5},"faces":{"north":{"texture":"#2","uv":[10,6,15,8]},"east":{"texture":"#2","uv":[9,1,11,3]},"south":{"texture":"#2","uv":[0,5,5,7]},"west":{"texture":"#2","uv":[9,2,9,4]},"up":{"texture":"#2","uv":[0,6,5,7]},"down":{"texture":"#2","uv":[6,3,11,5]}}},{"from":[8,-1.5,12.5],"to":[13,0.5,14.5],"rotation":{"origin":[8,8,8],"axis":"y","angle":22.5},"faces":{"north":{"texture":"#2","uv":[10,6,15,8]},"east":{"texture":"#2","uv":[9,1,11,3]},"south":{"texture":"#2","uv":[0,5,5,7]},"west":{"texture":"#2","uv":[9,2,9,4]},"up":{"texture":"#2","uv":[0,6,5,7]},"down":{"texture":"#2","uv":[6,3,11,5]}}},{"from":[1,0.5996,9.5],"to":[3,2.5996,14.5],"rotation":{"origin":[8,8,8],"axis":"x","angle":22.5},"faces":{"north":{"texture":"#2","uv":[0,0,2,2]},"east":{"texture":"#2","uv":[10,6,15,8]},"south":{"texture":"#2","uv":[0,0,2,2]},"west":{"texture":"#2","uv":[0,8,5,10]},"up":{"texture":"#2","uv":[7,0,9,5]},"down":{"texture":"#2","uv":[7,0,3,5]}}},{"from":[13,0.5996,9.5],"to":[15,2.5996,14.5],"rotation":{"origin":[8,8,8],"axis":"x","angle":22.5},"faces":{"north":{"texture":"#2","uv":[0,0,2,2]},"east":{"texture":"#2","uv":[10,6,15,8]},"south":{"texture":"#2","uv":[0,0,2,2]},"west":{"texture":"#2","uv":[0,8,5,10]},"up":{"texture":"#2","uv":[7,0,9,5]},"down":{"texture":"#2","uv":[7,0,3,5]}}},{"from":[13.1,2.5996,-1.5],"to":[15.1,4.6,3.5],"rotation":{"origin":[8,8,8],"axis":"x","angle":-45},"faces":{"north":{"texture":"#2","uv":[0,0,2,2]},"east":{"texture":"#2","uv":[10,6,15,8]},"south":{"texture":"#2","uv":[0,0,2,2]},"west":{"texture":"#2","uv":[0,8,5,10]},"up":{"texture":"#2","uv":[7,0,9,5]},"down":{"texture":"#2","uv":[7,0,3,5]}}},{"from":[0.9,2.5996,-1.5],"to":[2.9,4.6,3.5],"rotation":{"origin":[8,8,8],"axis":"x","angle":-45},"faces":{"north":{"texture":"#2","uv":[0,0,2,2]},"east":{"texture":"#2","uv":[10,6,15,8]},"south":{"texture":"#2","uv":[0,0,2,2]},"west":{"texture":"#2","uv":[0,8,5,10]},"up":{"texture":"#2","uv":[7,0,9,5]},"down":{"texture":"#2","uv":[7,0,3,5]}}},{"from":[2,-3,9],"to":[14,0,13],"rotation":{"origin":[8,8,8],"axis":"x","angle":45},"faces":{"north":{"texture":"#1","uv":[2,2,14,5]},"east":{"texture":"#1","uv":[7,1,11,4]},"south":{"texture":"#1","uv":[1,3,13,6]},"west":{"texture":"#1","uv":[6,2,6,4]},"up":{"texture":"#1","uv":[2,3,14,7]},"down":{"texture":"#1","uv":[1,2,13,6]}}}],"display":{"head":{"rotation":[0,180,0],"translation":[0,7,0],"scale":[1.5,1.5,1.5]},"gui":{"translation":[0,4,0],"rotation":[10,-20,0],"scale":[0.8,0.8,0.8]}}}