{"textures":{"0":"mcbt/bed_feet_top","1":"mcbt/hardened_clay_stained_yellow"},"elements":[{"from":[3,8,3],"to":[7,13,7],"rotation":{"origin":[8,8,8],"axis":"x","angle":-22.5},"faces":{"north":{"texture":"#0","uv":[9,7,13,12]},"east":{"texture":"#0","uv":[12,10,16,15]},"south":{"texture":"#0","uv":[9,8,13,13]},"west":{"texture":"#0","uv":[9,10,13,15]},"up":{"texture":"#0","uv":[7,9,11,13]},"down":{"texture":"#0","uv":[11,4,15,8]}}},{"from":[4,6,1],"to":[4.5,11.5,1.5],"faces":{"north":{"texture":"#1","uv":[0,0,0.5,5.5]},"east":{"texture":"#1","uv":[0,0,0.5,5.5]},"south":{"texture":"#1","uv":[0,0,0.5,5.5]},"west":{"texture":"#1","uv":[0,0,0.5,5.5]},"up":{"texture":"#1","uv":[0,0,0.5,0.5]},"down":{"texture":"#1","uv":[0,0,0.5,0.5]}}},{"from":[4,11,1],"to":[4.5,11.5,3.5],"faces":{"north":{"texture":"#1","uv":[0,0,0.5,0.5]},"east":{"texture":"#1","uv":[0,0,2.5,0.5]},"south":{"texture":"#1","uv":[0,0,0.5,0.5]},"west":{"texture":"#1","uv":[0,0,2.5,0.5]},"up":{"texture":"#1","uv":[0,0,0.5,2.5]},"down":{"texture":"#1","uv":[0,0,0.5,2.5]}}},{"from":[3.5,4,0.5],"to":[5,6.5,2],"faces":{"north":{"texture":"#1","uv":[0,0,1.5,2.5]},"east":{"texture":"#1","uv":[0,0,1.5,2.5]},"south":{"texture":"#1","uv":[0,0,1.5,2.5]},"west":{"texture":"#1","uv":[0,0,1.5,2.5]},"up":{"texture":"#1","uv":[0,0,1.5,1.5]},"down":{"texture":"#1","uv":[0,0,1.5,1.5]}}}],"display":{"head":{"rotation":[0,220,0],"translation":[-2,7,4],"scale":[1.4,1.4,1.4]},"gui":{"rotation":[0,220,0],"translation":[-7,-2,0],"scale":[1.4,1.4,1.4]}}}