{"textures":{"0":"mcbt/hardened_clay_stained_orange","1":"mcbt/quartz_block_side"},"elements":[{"from":[1.5,7,1.5],"to":[14.5,8.5,14.5],"faces":{"north":{"texture":"#0","uv":[1,10,13,11.5]},"east":{"texture":"#0","uv":[3,5,15,6.5]},"south":{"texture":"#0","uv":[1,10,13,11.5]},"west":{"texture":"#0","uv":[1,9,13,10.5]},"up":{"texture":"#0","uv":[2,2,14,14]},"down":{"texture":"#0","uv":[2,0,14,12]}}},{"from":[4.5,7,4.5],"to":[11.5,10,11.5],"rotation":{"origin":[8,8,8],"axis":"y","angle":45},"faces":{"north":{"texture":"#0","uv":[1,5,8,8]},"east":{"texture":"#0","uv":[2,10,9,13]},"south":{"texture":"#0","uv":[1,7,8,10]},"west":{"texture":"#0","uv":[2,3,9,6]},"up":{"texture":"#0","uv":[2,5,9,12]},"down":{"texture":"#0","uv":[1,3,8,10]}}},{"from":[5,9,5],"to":[11,12,11],"rotation":{"origin":[8,8,8],"axis":"y","angle":45},"faces":{"north":{"texture":"#0","uv":[1,5,7,8]},"east":{"texture":"#0","uv":[2,10,8,13]},"south":{"texture":"#0","uv":[1,7,7,10]},"west":{"texture":"#0","uv":[2,3,8,6]},"up":{"texture":"#0","uv":[2,5,8,11]},"down":{"texture":"#0","uv":[1,3,7,9]}}},{"from":[5,12,5],"to":[11,14,11],"rotation":{"origin":[8,8,8],"axis":"y","angle":45},"faces":{"north":{"texture":"#1","uv":[1,5,7,7]},"east":{"texture":"#1","uv":[2,10,8,12]},"south":{"texture":"#1","uv":[1,7,7,9]},"west":{"texture":"#1","uv":[2,3,8,5]},"up":{"texture":"#1","uv":[2,5,8,11]},"down":{"texture":"#1","uv":[1,3,7,9]}}},{"from":[6,14,6],"to":[10,16,10],"rotation":{"origin":[8,8,8],"axis":"y","angle":45},"faces":{"north":{"texture":"#0","uv":[1,5,5,7]},"east":{"texture":"#0","uv":[2,10,6,12]},"south":{"texture":"#0","uv":[1,7,5,9]},"west":{"texture":"#0","uv":[2,3,6,5]},"up":{"texture":"#0","uv":[2,5,6,9]},"down":{"texture":"#0","uv":[1,3,5,7]}}},{"from":[6,16,6],"to":[10,18,10],"rotation":{"origin":[8,8,8],"axis":"y","angle":45},"faces":{"north":{"texture":"#1","uv":[1,5,5,7]},"east":{"texture":"#1","uv":[2,10,6,12]},"south":{"texture":"#1","uv":[1,7,5,9]},"west":{"texture":"#1","uv":[2,3,6,5]},"up":{"texture":"#1","uv":[2,5,6,9]},"down":{"texture":"#1","uv":[1,3,5,7]}}},{"from":[6.5,18,6.5],"to":[9.5,20,9.5],"rotation":{"origin":[8,8,8],"axis":"y","angle":45},"faces":{"north":{"texture":"#0","uv":[1,5,4,7]},"east":{"texture":"#0","uv":[2,10,5,12]},"south":{"texture":"#0","uv":[1,7,4,9]},"west":{"texture":"#0","uv":[2,3,5,5]},"up":{"texture":"#0","uv":[2,5,5,8]},"down":{"texture":"#0","uv":[1,3,4,6]}}}],"display":{"head":{"rotation":[0,180,-5],"translation":[-1,7,0],"scale":[1.6,1.6,1.6]},"gui":{"rotation":[0,10,0],"translation":[0,-4,0],"scale":[0.85,0.85,0.85]}}}