{
"__comment": "Designed by Happie with BDcraft Cubik PRO 0.96 Beta - http://bdcraft.net",
"textures": {
    "texture": "mcbt/tophatwhiteblack"
},
"elements": [ 
{
    "from": [ -1, 12.5, 5 ],
    "to": [ 17, 14.5, 11 ],
    "faces": {
        "down":  { "uv": [ 16, 12, 0, 0 ], "texture": "#texture" },
        "up":    { "uv": [ 0, 0, 16, 12 ], "texture": "#texture" },
        "north": { "uv": [ 0, 0, 16, 12 ], "texture": "#texture" },
        "south": { "uv": [ 0, 0, 16, 12 ], "texture": "#texture" },
        "west":  { "uv": [ 0, 0, 16, 12 ], "texture": "#texture" },
        "east":  { "uv": [ 0, 0, 16, 12 ], "texture": "#texture" }
    }
},
{
    "from": [ 5, 12.5, -1 ],
    "to": [ 11, 14.5, 17 ],
    "faces": {
        "down":  { "uv": [ 16, 12, 0, 0 ], "texture": "#texture" },
        "up":    { "uv": [ 0, 0, 16, 12 ], "texture": "#texture" },
        "north": { "uv": [ 0, 0, 16, 12 ], "texture": "#texture" },
        "south": { "uv": [ 0, 0, 16, 12 ], "texture": "#texture" },
        "west":  { "uv": [ 0, 0, 16, 12 ], "texture": "#texture" },
        "east":  { "uv": [ 0, 0, 16, 12 ], "texture": "#texture" }
    }
},
{
    "from": [ 1, 12.5, 1 ],
    "to": [ 15, 14.5, 15 ],
    "faces": {
        "down":  { "uv": [ 16, 12, 0, 0 ], "texture": "#texture" },
        "up":    { "uv": [ 0, 0, 16, 12 ], "texture": "#texture" },
        "north": { "uv": [ 0, 0, 16, 12 ], "texture": "#texture" },
        "south": { "uv": [ 0, 0, 16, 12 ], "texture": "#texture" },
        "west":  { "uv": [ 0, 0, 16, 12 ], "texture": "#texture" },
        "east":  { "uv": [ 0, 0, 16, 12 ], "texture": "#texture" }
    }
},
{
    "from": [ 0, 12.5, 3 ],
    "to": [ 16, 14.5, 13 ],
    "faces": {
        "down":  { "uv": [ 16, 12, 0, 0 ], "texture": "#texture" },
        "up":    { "uv": [ 0, 0, 16, 12 ], "texture": "#texture" },
        "north": { "uv": [ 0, 0, 16, 12 ], "texture": "#texture" },
        "south": { "uv": [ 0, 0, 16, 12 ], "texture": "#texture" },
        "west":  { "uv": [ 0, 0, 16, 12 ], "texture": "#texture", "cullface": "west" },
        "east":  { "uv": [ 0, 0, 16, 12 ], "texture": "#texture", "cullface": "east" }
    }
},
{
    "from": [ 3, 12.5, 0 ],
    "to": [ 13, 14.5, 16 ],
    "faces": {
        "down":  { "uv": [ 16, 12, 0, 0 ], "texture": "#texture" },
        "up":    { "uv": [ 0, 0, 16, 12 ], "texture": "#texture" },
        "north": { "uv": [ 0, 0, 16, 12 ], "texture": "#texture", "cullface": "north" },
        "south": { "uv": [ 0, 0, 16, 12 ], "texture": "#texture", "cullface": "south" },
        "west":  { "uv": [ 0, 0, 16, 12 ], "texture": "#texture" },
        "east":  { "uv": [ 0, 0, 16, 12 ], "texture": "#texture" }
    }
},
{
    "from": [ 5, 17, 2 ],
    "to": [ 11, 21, 14 ],
    "faces": {
        "north": { "uv": [ 0, 0, 16, 12 ], "texture": "#texture", "cullface": "up" },
        "south": { "uv": [ 0, 0, 16, 12 ], "texture": "#texture", "cullface": "up" },
        "west":  { "uv": [ 0, 0, 16, 12 ], "texture": "#texture", "cullface": "up" },
        "east":  { "uv": [ 0, 0, 16, 12 ], "texture": "#texture", "cullface": "up" }
    }
},
{
    "from": [ 2, 17, 5 ],
    "to": [ 14, 21, 11 ],
    "faces": {
        "north": { "uv": [ 0, 0, 16, 12 ], "texture": "#texture", "cullface": "up" },
        "south": { "uv": [ 0, 0, 16, 12 ], "texture": "#texture", "cullface": "up" },
        "west":  { "uv": [ 0, 0, 16, 12 ], "texture": "#texture", "cullface": "up" },
        "east":  { "uv": [ 0, 0, 16, 12 ], "texture": "#texture", "cullface": "up" }
    }
},
{
    "from": [ 3, 17, 3 ],
    "to": [ 13, 21, 13 ],
    "faces": {
        "north": { "uv": [ 0, 0, 16, 12 ], "texture": "#texture", "cullface": "up" },
        "south": { "uv": [ 0, 0, 16, 12 ], "texture": "#texture", "cullface": "up" },
        "west":  { "uv": [ 0, 0, 16, 12 ], "texture": "#texture", "cullface": "up" },
        "east":  { "uv": [ 0, 0, 16, 12 ], "texture": "#texture", "cullface": "up" }
    }
},
{
    "from": [ 2.5, 15, 2.5 ],
    "to": [ 13.5, 17, 13.5 ],
    "faces": {
        "up":    { "uv": [ 0, 12, 16, 14 ], "texture": "#texture", "cullface": "up" },
        "north": { "uv": [ 0, 12, 16, 14 ], "texture": "#texture", "cullface": "up" },
        "south": { "uv": [ 0, 12, 16, 14 ], "texture": "#texture", "cullface": "up" },
        "west":  { "uv": [ 0, 12, 16, 14 ], "texture": "#texture", "cullface": "up" },
        "east":  { "uv": [ 0, 12, 16, 14 ], "texture": "#texture", "cullface": "up" }
    }
},
{
    "from": [ 1.5, 15, 4.5 ],
    "to": [ 14.5, 17, 11.5 ],
    "faces": {
        "up":    { "uv": [ 0, 12, 16, 14 ], "texture": "#texture", "cullface": "up" },
        "north": { "uv": [ 0, 12, 16, 14 ], "texture": "#texture", "cullface": "up" },
        "south": { "uv": [ 0, 12, 16, 14 ], "texture": "#texture", "cullface": "up" },
        "west":  { "uv": [ 0, 12, 16, 14 ], "texture": "#texture", "cullface": "up" },
        "east":  { "uv": [ 0, 12, 16, 14 ], "texture": "#texture", "cullface": "up" }
    }
},
{
    "from": [ 4.5, 15, 1.5 ],
    "to": [ 11.5, 17, 14.5 ],
    "faces": {
        "up":    { "uv": [ 0, 12, 16, 14 ], "texture": "#texture", "cullface": "up" },
        "north": { "uv": [ 0, 12, 16, 14 ], "texture": "#texture", "cullface": "up" },
        "south": { "uv": [ 0, 12, 16, 14 ], "texture": "#texture", "cullface": "up" },
        "west":  { "uv": [ 0, 12, 16, 14 ], "texture": "#texture", "cullface": "up" },
        "east":  { "uv": [ 0, 12, 16, 14 ], "texture": "#texture", "cullface": "up" }
    }
},
{
    "from": [ 2.5, 21, 2.5 ],
    "to": [ 13.5, 24, 13.5 ],
    "faces": {
        "down":  { "uv": [ 16, 12, 0, 0 ], "texture": "#texture", "cullface": "up" },
        "north": { "uv": [ 0, 0, 16, 12 ], "texture": "#texture", "cullface": "up" },
        "south": { "uv": [ 0, 0, 16, 12 ], "texture": "#texture", "cullface": "up" },
        "west":  { "uv": [ 0, 0, 16, 12 ], "texture": "#texture", "cullface": "up" },
        "east":  { "uv": [ 0, 0, 16, 12 ], "texture": "#texture", "cullface": "up" }
    }
},
{
    "from": [ 1.5, 21, 4.5 ],
    "to": [ 14.5, 24, 11.5 ],
    "faces": {
        "down":  { "uv": [ 16, 12, 0, 0 ], "texture": "#texture", "cullface": "up" },
        "north": { "uv": [ 0, 0, 16, 12 ], "texture": "#texture", "cullface": "up" },
        "south": { "uv": [ 0, 0, 16, 12 ], "texture": "#texture", "cullface": "up" },
        "west":  { "uv": [ 0, 0, 16, 12 ], "texture": "#texture", "cullface": "up" },
        "east":  { "uv": [ 0, 0, 16, 12 ], "texture": "#texture", "cullface": "up" }
    }
},
{
    "from": [ 4.5, 21, 1.5 ],
    "to": [ 11.5, 24, 14.5 ],
    "faces": {
        "down":  { "uv": [ 16, 12, 0, 0 ], "texture": "#texture", "cullface": "up" },
        "north": { "uv": [ 0, 0, 16, 12 ], "texture": "#texture", "cullface": "up" },
        "south": { "uv": [ 0, 0, 16, 12 ], "texture": "#texture", "cullface": "up" },
        "west":  { "uv": [ 0, 0, 16, 12 ], "texture": "#texture", "cullface": "up" },
        "east":  { "uv": [ 0, 0, 16, 12 ], "texture": "#texture", "cullface": "up" }
    }
},
{
    "from": [ 2, 24, 2 ],
    "to": [ 14, 26, 14 ],
    "faces": {
        "down":  { "uv": [ 16, 12, 0, 0 ], "texture": "#texture", "cullface": "up" },
        "up":    { "uv": [ 0, 0, 16, 12 ], "texture": "#texture", "cullface": "up" },
        "north": { "uv": [ 0, 0, 16, 12 ], "texture": "#texture", "cullface": "up" },
        "south": { "uv": [ 0, 0, 16, 12 ], "texture": "#texture", "cullface": "up" },
        "west":  { "uv": [ 0, 0, 16, 12 ], "texture": "#texture", "cullface": "up" },
        "east":  { "uv": [ 0, 0, 16, 12 ], "texture": "#texture", "cullface": "up" }
    }
},
{
    "from": [ 4, 24, 1 ],
    "to": [ 12, 26, 15 ],
    "faces": {
        "down":  { "uv": [ 16, 12, 0, 0 ], "texture": "#texture", "cullface": "up" },
        "up":    { "uv": [ 0, 0, 16, 12 ], "texture": "#texture", "cullface": "up" },
        "north": { "uv": [ 0, 0, 16, 12 ], "texture": "#texture", "cullface": "up" },
        "south": { "uv": [ 0, 0, 16, 12 ], "texture": "#texture", "cullface": "up" },
        "west":  { "uv": [ 0, 0, 16, 12 ], "texture": "#texture", "cullface": "up" },
        "east":  { "uv": [ 0, 0, 16, 12 ], "texture": "#texture", "cullface": "up" }
    }
},
{
    "from": [ 1, 24, 4 ],
    "to": [ 15, 26, 12 ],
    "faces": {
        "down":  { "uv": [ 16, 12, 0, 0 ], "texture": "#texture", "cullface": "up" },
        "up":    { "uv": [ 0, 0, 16, 12 ], "texture": "#texture", "cullface": "up" },
        "north": { "uv": [ 0, 0, 16, 12 ], "texture": "#texture", "cullface": "up" },
        "south": { "uv": [ 0, 0, 16, 12 ], "texture": "#texture", "cullface": "up" },
        "west":  { "uv": [ 0, 0, 16, 12 ], "texture": "#texture", "cullface": "up" },
        "east":  { "uv": [ 0, 0, 16, 12 ], "texture": "#texture", "cullface": "up" }
    }
},
{
    "from": [ 2.5, 25.5, 2.5 ],
    "to": [ 13.5, 26.5, 13.5 ],
    "faces": {
        "down":  { "uv": [ 16, 12, 0, 0 ], "texture": "#texture", "cullface": "up" },
        "up":    { "uv": [ 0, 0, 16, 12 ], "texture": "#texture", "cullface": "up" },
        "north": { "uv": [ 0, 0, 16, 12 ], "texture": "#texture", "cullface": "up" },
        "south": { "uv": [ 0, 0, 16, 12 ], "texture": "#texture", "cullface": "up" },
        "west":  { "uv": [ 0, 0, 16, 12 ], "texture": "#texture", "cullface": "up" },
        "east":  { "uv": [ 0, 0, 16, 12 ], "texture": "#texture", "cullface": "up" }
    }
},
{
    "from": [ 1.5, 25.5, 4.5 ],
    "to": [ 14.5, 26.5, 11.5 ],
    "faces": {
        "down":  { "uv": [ 16, 12, 0, 0 ], "texture": "#texture", "cullface": "up" },
        "up":    { "uv": [ 0, 0, 16, 12 ], "texture": "#texture", "cullface": "up" },
        "north": { "uv": [ 0, 0, 16, 12 ], "texture": "#texture", "cullface": "up" },
        "south": { "uv": [ 0, 0, 16, 12 ], "texture": "#texture", "cullface": "up" },
        "west":  { "uv": [ 0, 0, 16, 12 ], "texture": "#texture", "cullface": "up" },
        "east":  { "uv": [ 0, 0, 16, 12 ], "texture": "#texture", "cullface": "up" }
    }
},
{
    "from": [ 4.5, 25.5, 1.5 ],
    "to": [ 11.5, 26.5, 14.5 ],
    "faces": {
        "down":  { "uv": [ 16, 12, 0, 0 ], "texture": "#texture", "cullface": "up" },
        "up":    { "uv": [ 0, 0, 16, 12 ], "texture": "#texture", "cullface": "up" },
        "north": { "uv": [ 0, 0, 16, 12 ], "texture": "#texture", "cullface": "up" },
        "south": { "uv": [ 0, 0, 16, 12 ], "texture": "#texture", "cullface": "up" },
        "west":  { "uv": [ 0, 0, 16, 12 ], "texture": "#texture", "cullface": "up" },
        "east":  { "uv": [ 0, 0, 16, 12 ], "texture": "#texture", "cullface": "up" }
    }
},
{
    "from": [ 2, 14, 2 ],
    "to": [ 14, 15, 14 ],
    "faces": {
        "down":  { "uv": [ 0, 0, 16, 12 ], "texture": "#texture" },
        "up":    { "uv": [ 0, 0, 16, 12 ], "texture": "#texture" },
        "north": { "uv": [ 0, 0, 16, 12 ], "texture": "#texture" },
        "south": { "uv": [ 0, 0, 16, 12 ], "texture": "#texture" },
        "west":  { "uv": [ 0, 0, 16, 12 ], "texture": "#texture" },
        "east":  { "uv": [ 0, 0, 16, 12 ], "texture": "#texture" }
    }
},
{
    "from": [ 1, 14, 4 ],
    "to": [ 15, 15, 12 ],
    "faces": {
        "down":  { "uv": [ 0, 0, 16, 12 ], "texture": "#texture" },
        "up":    { "uv": [ 0, 0, 16, 12 ], "texture": "#texture" },
        "north": { "uv": [ 0, 0, 16, 12 ], "texture": "#texture" },
        "south": { "uv": [ 0, 0, 16, 12 ], "texture": "#texture" },
        "west":  { "uv": [ 0, 0, 16, 12 ], "texture": "#texture" },
        "east":  { "uv": [ 0, 0, 16, 12 ], "texture": "#texture" }
    }
},
{
    "from": [ 0.5, 14, 5.5 ],
    "to": [ 15.5, 15, 10.5 ],
    "faces": {
        "down":  { "uv": [ 0, 0, 16, 12 ], "texture": "#texture" },
        "up":    { "uv": [ 0, 0, 16, 12 ], "texture": "#texture" },
        "north": { "uv": [ 0, 0, 16, 12 ], "texture": "#texture" },
        "south": { "uv": [ 0, 0, 16, 12 ], "texture": "#texture" },
        "west":  { "uv": [ 0, 0, 16, 12 ], "texture": "#texture" },
        "east":  { "uv": [ 0, 0, 16, 12 ], "texture": "#texture" }
    }
},
{
    "from": [ 5.5, 14, 0.5 ],
    "to": [ 10.5, 15, 15.5 ],
    "faces": {
        "down":  { "uv": [ 0, 0, 16, 12 ], "texture": "#texture" },
        "up":    { "uv": [ 0, 0, 16, 12 ], "texture": "#texture" },
        "north": { "uv": [ 0, 0, 16, 12 ], "texture": "#texture" },
        "south": { "uv": [ 0, 0, 16, 12 ], "texture": "#texture" },
        "west":  { "uv": [ 0, 0, 16, 12 ], "texture": "#texture" },
        "east":  { "uv": [ 0, 0, 16, 12 ], "texture": "#texture" }
    }
},
{
    "from": [ 4, 14, 1 ],
    "to": [ 12, 15, 15 ],
    "faces": {
        "down":  { "uv": [ 0, 0, 16, 12 ], "texture": "#texture" },
        "up":    { "uv": [ 0, 0, 16, 12 ], "texture": "#texture" },
        "north": { "uv": [ 0, 0, 16, 12 ], "texture": "#texture" },
        "south": { "uv": [ 0, 0, 16, 12 ], "texture": "#texture" },
        "west":  { "uv": [ 0, 0, 16, 12 ], "texture": "#texture" },
        "east":  { "uv": [ 0, 0, 16, 12 ], "texture": "#texture" }
    }
}
],
"display": {
    "thirdperson_righthand": {
        "rotation": [ -9, 0, 0 ],
        "translation": [ 0, -3.59, 2.46 ],
        "scale": [ 0.5, 0.5, 0.5 ]
    },
    "thirdperson_lefthand": {
        "rotation": [ -9, 0, 0 ],
        "translation": [ 0, -3.59, 2.46 ],
        "scale": [ 0.5, 0.5, 0.5 ]
    },
    "head": {
        "rotation": [ 0, 0, 0 ],
        "translation": [ 0, 0, 0 ],
        "scale": [ 1.15, 1.15, 1.15 ]
    },
    "ground": {
        "rotation": [ 0, 0, 0 ],
        "translation": [ 0, -2, 0 ],
        "scale": [ 0.25, 0.25, 0.25 ]
    },
    "fixed": {
        "rotation": [ 0, 0, 0 ],
        "translation": [ 0, -5.5, 0 ],
        "scale": [ 0.5, 0.5, 0.5 ]
    },
    "firstperson_righthand": {
        "rotation": [ -10, 0, 0 ],
        "translation": [ 1.51, 0, 0 ],
        "scale": [ 0.25, 0.25, 0.25 ]
    },
    "firstperson_lefthand": {
        "rotation": [ -10, 0, 0 ],
        "translation": [ 1.51, 0, 0 ],
        "scale": [ 0.25, 0.25, 0.25 ]
    },
    "gui": {
        "rotation": [ 35, 135, 0 ],
        "translation": [ 0, -6, 0 ],
        "scale": [ 0.62, 0.62, 0.62 ]
    }
}
}