{"textures":{"0":"mcbt/wool_colored_blue","1":"mcbt/mushroom_block_skin_brown","2":"mcbt/iron_block"},"elements":[{"from":[9,8.5,3],"to":[14,10,13],"rotation":{"origin":[8,8,8],"axis":"z","angle":-22.5},"faces":{"north":{"texture":"#0","uv":[0,0,5,1.5]},"east":{"texture":"#0","uv":[0,0,10,1.5]},"south":{"texture":"#0","uv":[0,0,5,1.5]},"west":{"texture":"#0","uv":[0,0,10,1.5]},"up":{"texture":"#0","uv":[0,0,5,10]},"down":{"texture":"#0","uv":[0,0,5,10]}}},{"from":[2,8.5,3],"to":[7,10,13],"rotation":{"origin":[8,8,8],"axis":"z","angle":22.5},"faces":{"north":{"texture":"#0","uv":[0,0,5,1.5]},"east":{"texture":"#0","uv":[0,0,10,1.5]},"south":{"texture":"#0","uv":[0,0,5,1.5]},"west":{"texture":"#0","uv":[0,0,10,1.5]},"up":{"texture":"#0","uv":[0,0,5,10]},"down":{"texture":"#0","uv":[0,0,5,10]}}},{"from":[6,7.9,3],"to":[10,9.4,13],"faces":{"north":{"texture":"#0","uv":[0,0,4,1.5]},"east":{"texture":"#0","uv":[0,0,10,1.5]},"south":{"texture":"#0","uv":[0,0,4,1.5]},"west":{"texture":"#0","uv":[0,0,10,1.5]},"up":{"texture":"#0","uv":[0,0,4,10]},"down":{"texture":"#0","uv":[0,0,4,10]}}},{"from":[4,8,4],"to":[12,10.5,12],"faces":{"north":{"texture":"#1","uv":[0,0,8,2.5]},"east":{"texture":"#1","uv":[0,0,8,2.5]},"south":{"texture":"#1","uv":[0,0,8,2.5]},"west":{"texture":"#1","uv":[0,0,8,2.5]},"up":{"texture":"#1","uv":[0,0,8,8]},"down":{"texture":"#1","uv":[0,0,8,8]}}},{"from":[5,9,6],"to":[11,12.5,12],"rotation":{"origin":[8,8,8],"axis":"x","angle":-22.5},"faces":{"north":{"texture":"#0","uv":[0,0,6,3.5]},"east":{"texture":"#0","uv":[0,0,6,3.5]},"south":{"texture":"#0","uv":[0,0,6,3.5]},"west":{"texture":"#0","uv":[0,0,6,3.5]},"up":{"texture":"#0","uv":[0,0,6,6]},"down":{"texture":"#0","uv":[0,0,6,6]}}},{"from":[5.5,10,8],"to":[10.5,14,13],"rotation":{"origin":[8,8,8],"axis":"x","angle":-45},"faces":{"north":{"texture":"#0","uv":[0,0,5,4]},"east":{"texture":"#0","uv":[0,0,5,4]},"south":{"texture":"#0","uv":[0,0,5,4]},"west":{"texture":"#0","uv":[0,0,5,4]},"up":{"texture":"#0","uv":[0,0,5,5]},"down":{"texture":"#0","uv":[0,0,5,5]}}},{"from":[6,10,1],"to":[10,14,4],"rotation":{"origin":[8,8,8],"axis":"x","angle":22.5},"faces":{"north":{"texture":"#0","uv":[0,0,4,4]},"east":{"texture":"#0","uv":[0,0,3,4]},"south":{"texture":"#0","uv":[0,0,4,4]},"west":{"texture":"#0","uv":[0,0,3,4]},"up":{"texture":"#0","uv":[0,0,4,3]},"down":{"texture":"#0","uv":[0,0,4,3]}}},{"from":[7,15,3],"to":[9,17,7],"rotation":{"origin":[8,8,8],"axis":"x","angle":-22.5},"faces":{"north":{"texture":"#0","uv":[0,0,2,2]},"east":{"texture":"#0","uv":[0,0,4,2]},"south":{"texture":"#0","uv":[0,0,2,2]},"west":{"texture":"#0","uv":[0,0,4,2]},"up":{"texture":"#0","uv":[0,0,2,4]},"down":{"texture":"#0","uv":[0,0,2,4]}}},{"from":[7.5,12,0],"to":[8.5,14,1],"faces":{"north":{"texture":"#0","uv":[0,0,1,2]},"east":{"texture":"#0","uv":[0,0,1,2]},"south":{"texture":"#0","uv":[0,0,1,2]},"west":{"texture":"#0","uv":[0,0,1,2]},"up":{"texture":"#0","uv":[0,0,1,1]},"down":{"texture":"#0","uv":[0,0,1,1]}}},{"from":[6,9,11.5],"to":[7,11,12.5],"faces":{"north":{"texture":"#2","uv":[0,0,1,2]},"east":{"texture":"#2","uv":[0,0,1,2]},"south":{"texture":"#2","uv":[0,0,1,2]},"west":{"texture":"#2","uv":[0,0,1,2]},"up":{"texture":"#2","uv":[0,0,1,1]},"down":{"texture":"#2","uv":[0,0,1,1]}}},{"from":[9,9,11.5],"to":[10,11,12.5],"faces":{"north":{"texture":"#2","uv":[0,0,1,2]},"east":{"texture":"#2","uv":[0,0,1,2]},"south":{"texture":"#2","uv":[0,0,1,2]},"west":{"texture":"#2","uv":[0,0,1,2]},"up":{"texture":"#2","uv":[0,0,1,1]},"down":{"texture":"#2","uv":[0,0,1,1]}}},{"from":[7,10,11.5],"to":[9,11,12.5],"faces":{"north":{"texture":"#2","uv":[0,0,2,1]},"east":{"texture":"#2","uv":[0,0,1,1]},"south":{"texture":"#2","uv":[0,0,2,1]},"west":{"texture":"#2","uv":[0,0,1,1]},"up":{"texture":"#2","uv":[0,0,2,1]},"down":{"texture":"#2","uv":[0,0,2,1]}}}],"display":{"head":{"rotation":[0,180,0],"translation":[0,6,0],"scale":[1.65,1.9,1.85]},"gui":{"translation":[0,-3,0]}}}