{
    "providers": [

        { "_commentaire": "-1px", "type": "bitmap", "file": "minecraft:font/space_split.png", "ascent": -32768, "height": -3, "chars": ["\uF801"] },
        { "_commentaire": "-2px", "type": "bitmap", "file": "minecraft:font/space_split.png", "ascent": -32768, "height": -4, "chars": ["\uF802"] },
        { "_commentaire": "-3px", "type": "bitmap", "file": "minecraft:font/space_split.png", "ascent": -32768, "height": -5, "chars": ["\uF803"] },
        { "_commentaire": "-4px", "type": "bitmap", "file": "minecraft:font/space_split.png", "ascent": -32768, "height": -6, "chars": ["\uF804"] },
        { "_commentaire": "-5px", "type": "bitmap", "file": "minecraft:font/space_split.png", "ascent": -32768, "height": -7, "chars": ["\uF805"] },
        { "_commentaire": "-6px", "type": "bitmap", "file": "minecraft:font/space_split.png", "ascent": -32768, "height": -8, "chars": ["\uF806"] },
        { "_commentaire": "-7px", "type": "bitmap", "file": "minecraft:font/space_split.png", "ascent": -32768, "height": -9, "chars": ["\uF807"] },
        { "_commentaire": "-8px", "type": "bitmap", "file": "minecraft:font/space_split.png", "ascent": -32768, "height": -10, "chars": ["\uF808"] },

        { "_commentaire": "-16px", "type": "bitmap", "file": "minecraft:font/space_split.png", "ascent": -32768, "height": -18, "chars": ["\uF809"] },
        { "_commentaire": "-32px", "type": "bitmap", "file": "minecraft:font/space_split.png", "ascent": -32768, "height": -34, "chars": ["\uF80A"] },
        { "_commentaire": "-64px", "type": "bitmap", "file": "minecraft:font/space_split.png", "ascent": -32768, "height": -66, "chars": ["\uF80B"] },
        { "_commentaire": "-128px", "type": "bitmap", "file": "minecraft:font/space_split.png", "ascent": -32768, "height": -130, "chars": ["\uF80C"] },
        { "_commentaire": "-256px", "type": "bitmap", "file": "minecraft:font/space_split.png", "ascent": -32768, "height": -258, "chars": ["\uF80D"] },
        { "_commentaire": "-512px", "type": "bitmap", "file": "minecraft:font/space_split.png", "ascent": -32768, "height": -514, "chars": ["\uF80E"] },
        { "_commentaire": "-1024px", "type": "bitmap", "file": "minecraft:font/space_split.png", "ascent": -32768, "height": -1026, "chars": ["\uF80F", "\uF800"] },

        { "_commentaire": "+1px", "type": "bitmap", "file": "minecraft:font/space_split.png", "ascent": -32768, "height": 0, "chars": ["\uF821"] },
        { "_commentaire": "+2px", "type": "bitmap", "file": "minecraft:font/space_split.png", "ascent": -32768, "height": 1, "chars": ["\uF822"] },
        { "_commentaire": "+3px", "type": "bitmap", "file": "minecraft:font/space_split.png", "ascent": -32768, "height": 2, "chars": ["\uF823"] },
        { "_commentaire": "+4px", "type": "bitmap", "file": "minecraft:font/space_split.png", "ascent": -32768, "height": 3, "chars": ["\uF824"] },
        { "_commentaire": "+5px", "type": "bitmap", "file": "minecraft:font/space_split.png", "ascent": -32768, "height": 4, "chars": ["\uF825"] },
        { "_commentaire": "+6px", "type": "bitmap", "file": "minecraft:font/space_split.png", "ascent": -32768, "height": 5, "chars": ["\uF826"] },
        { "_commentaire": "+7px", "type": "bitmap", "file": "minecraft:font/space_split.png", "ascent": -32768, "height": 6, "chars": ["\uF827"] },
        { "_commentaire": "+8px", "type": "bitmap", "file": "minecraft:font/space_split.png", "ascent": -32768, "height": 7, "chars": ["\uF828"] },

        { "_commentaire": "+16px", "type": "bitmap", "file": "minecraft:font/space_split.png", "ascent": -32768, "height": 15, "chars": ["\uF829"] },
        { "_commentaire": "+32px", "type": "bitmap", "file": "minecraft:font/space_split.png", "ascent": -32768, "height": 31, "chars": ["\uF82A"] },
        { "_commentaire": "+64px", "type": "bitmap", "file": "minecraft:font/space_split.png", "ascent": -32768, "height": 63, "chars": ["\uF82B"] },
        { "_commentaire": "+128px", "type": "bitmap", "file": "minecraft:font/space_split.png", "ascent": -32768, "height": 127, "chars": ["\uF82C"] },
        { "_commentaire": "+256px", "type": "bitmap", "file": "minecraft:font/space_split.png", "ascent": -32768, "height": 255, "chars": ["\uF82D"] },
        { "_commentaire": "+512px", "type": "bitmap", "file": "minecraft:font/space_split.png", "ascent": -32768, "height": 511, "chars": ["\uF82E"] },
        { "_commentaire": "+1024px", "type": "bitmap", "file": "minecraft:font/space_split.png", "ascent": -32768, "height": 1023, "chars": ["\uF82F", "\uF820"] },


        { "_commentaire": "GUI Scale = 3 TITLE", "type": "bitmap", "file": "minecraft:font/marker.png",
            "chars": ["\uE998"], "ascent": 77, "height": 160
        },
        { "_commentaire": "GUI Scale = 2 TITLE", "type": "bitmap", "file": "minecraft:font/marker.png",
            "chars": ["\uE999"], "ascent": 177, "height": 240
        },
        { "_commentaire": "GUI Scale = 2 SUBTITLE", "type": "bitmap", "file": "minecraft:font/marker.png",
            "chars": ["\uE997"], "ascent": 140, "height": 256
        },
        { "_commentaire": "GUI Scale = 3 SUBTITLE", "type": "bitmap", "file": "minecraft:font/marker.png",
            "chars": ["\uE996"], "ascent": 97, "height": 170
        },


        { "file": "minecraft:font/transitions/full_100.png", "type": "bitmap",
            "chars": ["\uE100"], "ascent": 140, "height": 256
        },
        { "file": "minecraft:font/transitions/full_75.png", "type": "bitmap",
            "chars": ["\uE075"], "ascent": 140, "height": 256
        },
        { "file": "minecraft:font/transitions/full_50.png", "type": "bitmap",
            "chars": ["\uE050"], "ascent": 140, "height": 256
        },
        { "file": "minecraft:font/transitions/full_25.png", "type": "bitmap",
            "chars": ["\uE025"], "ascent": 140, "height": 256
        },


        { "_commentaire": "㏀", "type": "bitmap", "ascent": -100, "height": 100,
            "chars": ["\u33C0"], "file": "minecraft:font/gui_scale.png"     
        },

        {"_commentaire": "ANIMATION BTOOOM_LOGO from EA00 to EA2E"},
        {"ascent":97,"file":"minecraft:font/btooom_logo/btooom_logo_0.png","type":"bitmap","chars":["\uEA00"],"height":170},{"ascent":97,"file":"minecraft:font/btooom_logo/btooom_logo_1.png","type":"bitmap","chars":["\uEA01"],"height":170},{"ascent":97,"file":"minecraft:font/btooom_logo/btooom_logo_2.png","type":"bitmap","chars":["\uEA02"],"height":170},{"ascent":97,"file":"minecraft:font/btooom_logo/btooom_logo_3.png","type":"bitmap","chars":["\uEA03"],"height":170},{"ascent":97,"file":"minecraft:font/btooom_logo/btooom_logo_4.png","type":"bitmap","chars":["\uEA04"],"height":170},{"ascent":97,"file":"minecraft:font/btooom_logo/btooom_logo_5.png","type":"bitmap","chars":["\uEA05"],"height":170},{"ascent":97,"file":"minecraft:font/btooom_logo/btooom_logo_6.png","type":"bitmap","chars":["\uEA06"],"height":170},{"ascent":97,"file":"minecraft:font/btooom_logo/btooom_logo_7.png","type":"bitmap","chars":["\uEA07"],"height":170},{"ascent":97,"file":"minecraft:font/btooom_logo/btooom_logo_8.png","type":"bitmap","chars":["\uEA08"],"height":170},{"ascent":97,"file":"minecraft:font/btooom_logo/btooom_logo_9.png","type":"bitmap","chars":["\uEA09"],"height":170},{"ascent":97,"file":"minecraft:font/btooom_logo/btooom_logo_10.png","type":"bitmap","chars":["\uEA0A"],"height":170},{"ascent":97,"file":"minecraft:font/btooom_logo/btooom_logo_11.png","type":"bitmap","chars":["\uEA0B"],"height":170},{"ascent":97,"file":"minecraft:font/btooom_logo/btooom_logo_12.png","type":"bitmap","chars":["\uEA0C"],"height":170},{"ascent":97,"file":"minecraft:font/btooom_logo/btooom_logo_13.png","type":"bitmap","chars":["\uEA0D"],"height":170},{"ascent":97,"file":"minecraft:font/btooom_logo/btooom_logo_14.png","type":"bitmap","chars":["\uEA0E"],"height":170},{"ascent":97,"file":"minecraft:font/btooom_logo/btooom_logo_15.png","type":"bitmap","chars":["\uEA0F"],"height":170},{"ascent":97,"file":"minecraft:font/btooom_logo/btooom_logo_16.png","type":"bitmap","chars":["\uEA10"],"height":170},{"ascent":97,"file":"minecraft:font/btooom_logo/btooom_logo_17.png","type":"bitmap","chars":["\uEA11"],"height":170},{"ascent":97,"file":"minecraft:font/btooom_logo/btooom_logo_18.png","type":"bitmap","chars":["\uEA12"],"height":170},{"ascent":97,"file":"minecraft:font/btooom_logo/btooom_logo_19.png","type":"bitmap","chars":["\uEA13"],"height":170},{"ascent":97,"file":"minecraft:font/btooom_logo/btooom_logo_20.png","type":"bitmap","chars":["\uEA14"],"height":170},{"ascent":97,"file":"minecraft:font/btooom_logo/btooom_logo_21.png","type":"bitmap","chars":["\uEA15"],"height":170},{"ascent":97,"file":"minecraft:font/btooom_logo/btooom_logo_22.png","type":"bitmap","chars":["\uEA16"],"height":170},{"ascent":97,"file":"minecraft:font/btooom_logo/btooom_logo_23.png","type":"bitmap","chars":["\uEA17"],"height":170},{"ascent":97,"file":"minecraft:font/btooom_logo/btooom_logo_24.png","type":"bitmap","chars":["\uEA18"],"height":170},{"ascent":97,"file":"minecraft:font/btooom_logo/btooom_logo_25.png","type":"bitmap","chars":["\uEA19"],"height":170},{"ascent":97,"file":"minecraft:font/btooom_logo/btooom_logo_26.png","type":"bitmap","chars":["\uEA1A"],"height":170},{"ascent":97,"file":"minecraft:font/btooom_logo/btooom_logo_27.png","type":"bitmap","chars":["\uEA1B"],"height":170},{"ascent":97,"file":"minecraft:font/btooom_logo/btooom_logo_28.png","type":"bitmap","chars":["\uEA1C"],"height":170},{"ascent":97,"file":"minecraft:font/btooom_logo/btooom_logo_29.png","type":"bitmap","chars":["\uEA1D"],"height":170},{"ascent":97,"file":"minecraft:font/btooom_logo/btooom_logo_30.png","type":"bitmap","chars":["\uEA1E"],"height":170},{"ascent":97,"file":"minecraft:font/btooom_logo/btooom_logo_31.png","type":"bitmap","chars":["\uEA1F"],"height":170},{"ascent":97,"file":"minecraft:font/btooom_logo/btooom_logo_32.png","type":"bitmap","chars":["\uEA20"],"height":170},{"ascent":97,"file":"minecraft:font/btooom_logo/btooom_logo_33.png","type":"bitmap","chars":["\uEA21"],"height":170},{"ascent":97,"file":"minecraft:font/btooom_logo/btooom_logo_34.png","type":"bitmap","chars":["\uEA22"],"height":170},{"ascent":97,"file":"minecraft:font/btooom_logo/btooom_logo_35.png","type":"bitmap","chars":["\uEA23"],"height":170},{"ascent":97,"file":"minecraft:font/btooom_logo/btooom_logo_36.png","type":"bitmap","chars":["\uEA24"],"height":170},{"ascent":97,"file":"minecraft:font/btooom_logo/btooom_logo_37.png","type":"bitmap","chars":["\uEA25"],"height":170},{"ascent":97,"file":"minecraft:font/btooom_logo/btooom_logo_38.png","type":"bitmap","chars":["\uEA26"],"height":170},{"ascent":97,"file":"minecraft:font/btooom_logo/btooom_logo_39.png","type":"bitmap","chars":["\uEA27"],"height":170},{"ascent":97,"file":"minecraft:font/btooom_logo/btooom_logo_40.png","type":"bitmap","chars":["\uEA28"],"height":170},{"ascent":97,"file":"minecraft:font/btooom_logo/btooom_logo_41.png","type":"bitmap","chars":["\uEA29"],"height":170},{"ascent":97,"file":"minecraft:font/btooom_logo/btooom_logo_42.png","type":"bitmap","chars":["\uEA2A"],"height":170},{"ascent":97,"file":"minecraft:font/btooom_logo/btooom_logo_43.png","type":"bitmap","chars":["\uEA2B"],"height":170},{"ascent":97,"file":"minecraft:font/btooom_logo/btooom_logo_44.png","type":"bitmap","chars":["\uEA2C"],"height":170},{"ascent":97,"file":"minecraft:font/btooom_logo/btooom_logo_45.png","type":"bitmap","chars":["\uEA2D"],"height":170},{"ascent":97,"file":"minecraft:font/btooom_logo/btooom_logo_46.png","type":"bitmap","chars":["\uEA2E"],"height":170},

        {"_commentaire": "ANIMATION DASH from EC00 to EC0E"},
        {"ascent":117,"file":"minecraft:font/dash/dash_0.png","type":"bitmap","chars":["\uEC00"],"height":240},{"ascent":117,"file":"minecraft:font/dash/dash_1.png","type":"bitmap","chars":["\uEC01"],"height":240},{"ascent":117,"file":"minecraft:font/dash/dash_2.png","type":"bitmap","chars":["\uEC02"],"height":240},{"ascent":117,"file":"minecraft:font/dash/dash_3.png","type":"bitmap","chars":["\uEC03"],"height":240},{"ascent":117,"file":"minecraft:font/dash/dash_4.png","type":"bitmap","chars":["\uEC04"],"height":240},{"ascent":117,"file":"minecraft:font/dash/dash_5.png","type":"bitmap","chars":["\uEC05"],"height":240},{"ascent":117,"file":"minecraft:font/dash/dash_6.png","type":"bitmap","chars":["\uEC06"],"height":240},{"ascent":117,"file":"minecraft:font/dash/dash_7.png","type":"bitmap","chars":["\uEC07"],"height":240},{"ascent":117,"file":"minecraft:font/dash/dash_8.png","type":"bitmap","chars":["\uEC08"],"height":240},{"ascent":117,"file":"minecraft:font/dash/dash_9.png","type":"bitmap","chars":["\uEC09"],"height":240},{"ascent":117,"file":"minecraft:font/dash/dash_10.png","type":"bitmap","chars":["\uEC0A"],"height":240},{"ascent":117,"file":"minecraft:font/dash/dash_11.png","type":"bitmap","chars":["\uEC0B"],"height":240},{"ascent":117,"file":"minecraft:font/dash/dash_12.png","type":"bitmap","chars":["\uEC0C"],"height":240},{"ascent":117,"file":"minecraft:font/dash/dash_13.png","type":"bitmap","chars":["\uEC0D"],"height":240},{"ascent":117,"file":"minecraft:font/dash/dash_14.png","type":"bitmap","chars":["\uEC0E"],"height":240},

        {"_commentaire": "TEXT LOGO"},
        { "type": "bitmap", "ascent": 8, "height": 10,
            "chars": ["\uEE00"], "file": "minecraft:font/text_new.png"
        },
        { "type": "bitmap", "ascent": 8, "height": 10,
            "chars": ["\uEE01"], "file": "minecraft:font/text_booster.png"
        },
        { "type": "bitmap", "ascent": 8, "height": 10,
            "chars": ["\uEE02"], "file": "minecraft:font/text_chest.png"
        },
        { "type": "bitmap", "ascent": 8, "height": 10,
            "chars": ["\uEE03"], "file": "minecraft:font/text_bonus.png"
        },
        { "type": "bitmap", "ascent": 8, "height": 10,
            "chars": ["\uEE04"], "file": "minecraft:font/text_invisible.png"
        },
        { "type": "bitmap", "ascent": 8, "height": 10,
            "chars": ["\uEE05"], "file": "minecraft:font/text_click.png"
        },
        { "type": "bitmap", "ascent": 8, "height": 10,
            "chars": ["\uEE06"], "file": "minecraft:font/text_invincible.png"
        },
        { "type": "bitmap", "ascent": 8, "height": 10,
            "chars": ["\uEE07"], "file": "minecraft:font/text_vulnerable.png"
        },
        { "type": "bitmap", "ascent": 8, "height": 10,
            "chars": ["\uEE08"], "file": "minecraft:font/text_vip.png"
        },
        { "type": "bitmap", "ascent": 8, "height": 10,
            "chars": ["\uEE09"], "file": "minecraft:font/text_gadget.png"
        },
        { "type": "bitmap", "ascent": 8, "height": 10,
            "chars": ["\uEE0A"], "file": "minecraft:font/text_explosion.png"
        },
        { "type": "bitmap", "ascent": 8, "height": 10,
            "chars": ["\uEE0B"], "file": "minecraft:font/text_bim.png"
        },

        { "type": "bitmap", "ascent": 9, "height": 11,
            "chars": ["\uEE10"], "file": "minecraft:font/radar.png"
        },

        {"_commentaire": "UI"},
        { "type": "bitmap", "ascent": 19, "height": 256,
            "chars": ["\uEF03"], "file": "minecraft:font/ui/hide_inventory_3.png"
        },

        { "file": "minecraft:font/logo_btooom.png", "ascent": 20, "height": 80, "type": "bitmap",
            "chars": ["\uE900"]
        },
        { "file": "minecraft:font/logo_btooom_white.png", "ascent": 30, "height": 30, "type": "bitmap",
            "chars": ["\uE901"]
        },
        { "file": "minecraft:font/logo_btooom_white.png", "ascent": 30, "height": 100, "type": "bitmap",
            "chars": ["\uE902"]
        },
        { "file": "minecraft:font/logo_btooom_alpha.png", "ascent": 30, "height": 30, "type": "bitmap",
            "chars": ["\uE903"]
        },

        {"_commentaire": "PIXELS 8"},
        {"type": "bitmap", "file": "minecraft:font/pixel_4_32.png",
            "chars": ["\uA001"], "ascent": 0, "height": 32
        },
        {"type": "bitmap", "file": "minecraft:font/pixel_4_32.png",
            "chars": ["\uA002"], "ascent": 4, "height": 32
        },
        {"type": "bitmap", "file": "minecraft:font/pixel_4_32.png",
            "chars": ["\uA003"], "ascent": 8, "height": 32
        },
        {"type": "bitmap", "file": "minecraft:font/pixel_4_32.png",
            "chars": ["\uA004"], "ascent": 12, "height": 32
        },
        {"type": "bitmap", "file": "minecraft:font/pixel_4_32.png",
            "chars": ["\uA005"], "ascent": 16, "height": 32
        },
        {"type": "bitmap", "file": "minecraft:font/pixel_4_32.png",
            "chars": ["\uA006"], "ascent": 20, "height": 32
        },
        {"type": "bitmap", "file": "minecraft:font/pixel_4_32.png",
            "chars": ["\uA007"], "ascent": 24, "height": 32
        },
        {"type": "bitmap", "file": "minecraft:font/pixel_4_32.png",
            "chars": ["\uA008"], "ascent": 28, "height": 32
        },

        {"_commentaire": "PIXELS 256"},
        {"ascent":0,"file":"minecraft:font/pixel_256.png","type":"bitmap","chars":["\uB000"],"height":256},{"ascent":1,"file":"minecraft:font/pixel_256.png","type":"bitmap","chars":["\uB001"],"height":256},{"ascent":2,"file":"minecraft:font/pixel_256.png","type":"bitmap","chars":["\uB002"],"height":256},{"ascent":3,"file":"minecraft:font/pixel_256.png","type":"bitmap","chars":["\uB003"],"height":256},{"ascent":4,"file":"minecraft:font/pixel_256.png","type":"bitmap","chars":["\uB004"],"height":256},{"ascent":5,"file":"minecraft:font/pixel_256.png","type":"bitmap","chars":["\uB005"],"height":256},{"ascent":6,"file":"minecraft:font/pixel_256.png","type":"bitmap","chars":["\uB006"],"height":256},{"ascent":7,"file":"minecraft:font/pixel_256.png","type":"bitmap","chars":["\uB007"],"height":256},{"ascent":8,"file":"minecraft:font/pixel_256.png","type":"bitmap","chars":["\uB008"],"height":256},{"ascent":9,"file":"minecraft:font/pixel_256.png","type":"bitmap","chars":["\uB009"],"height":256},{"ascent":10,"file":"minecraft:font/pixel_256.png","type":"bitmap","chars":["\uB00A"],"height":256},{"ascent":11,"file":"minecraft:font/pixel_256.png","type":"bitmap","chars":["\uB00B"],"height":256},{"ascent":12,"file":"minecraft:font/pixel_256.png","type":"bitmap","chars":["\uB00C"],"height":256},{"ascent":13,"file":"minecraft:font/pixel_256.png","type":"bitmap","chars":["\uB00D"],"height":256},{"ascent":14,"file":"minecraft:font/pixel_256.png","type":"bitmap","chars":["\uB00E"],"height":256},{"ascent":15,"file":"minecraft:font/pixel_256.png","type":"bitmap","chars":["\uB00F"],"height":256},{"ascent":16,"file":"minecraft:font/pixel_256.png","type":"bitmap","chars":["\uB010"],"height":256},{"ascent":17,"file":"minecraft:font/pixel_256.png","type":"bitmap","chars":["\uB011"],"height":256},{"ascent":18,"file":"minecraft:font/pixel_256.png","type":"bitmap","chars":["\uB012"],"height":256},{"ascent":19,"file":"minecraft:font/pixel_256.png","type":"bitmap","chars":["\uB013"],"height":256},{"ascent":20,"file":"minecraft:font/pixel_256.png","type":"bitmap","chars":["\uB014"],"height":256},{"ascent":21,"file":"minecraft:font/pixel_256.png","type":"bitmap","chars":["\uB015"],"height":256},{"ascent":22,"file":"minecraft:font/pixel_256.png","type":"bitmap","chars":["\uB016"],"height":256},{"ascent":23,"file":"minecraft:font/pixel_256.png","type":"bitmap","chars":["\uB017"],"height":256},{"ascent":24,"file":"minecraft:font/pixel_256.png","type":"bitmap","chars":["\uB018"],"height":256},{"ascent":25,"file":"minecraft:font/pixel_256.png","type":"bitmap","chars":["\uB019"],"height":256},{"ascent":26,"file":"minecraft:font/pixel_256.png","type":"bitmap","chars":["\uB01A"],"height":256},{"ascent":27,"file":"minecraft:font/pixel_256.png","type":"bitmap","chars":["\uB01B"],"height":256},{"ascent":28,"file":"minecraft:font/pixel_256.png","type":"bitmap","chars":["\uB01C"],"height":256},{"ascent":29,"file":"minecraft:font/pixel_256.png","type":"bitmap","chars":["\uB01D"],"height":256},{"ascent":30,"file":"minecraft:font/pixel_256.png","type":"bitmap","chars":["\uB01E"],"height":256},{"ascent":31,"file":"minecraft:font/pixel_256.png","type":"bitmap","chars":["\uB01F"],"height":256},{"ascent":32,"file":"minecraft:font/pixel_256.png","type":"bitmap","chars":["\uB020"],"height":256},{"ascent":33,"file":"minecraft:font/pixel_256.png","type":"bitmap","chars":["\uB021"],"height":256},{"ascent":34,"file":"minecraft:font/pixel_256.png","type":"bitmap","chars":["\uB022"],"height":256},{"ascent":35,"file":"minecraft:font/pixel_256.png","type":"bitmap","chars":["\uB023"],"height":256},{"ascent":36,"file":"minecraft:font/pixel_256.png","type":"bitmap","chars":["\uB024"],"height":256},{"ascent":37,"file":"minecraft:font/pixel_256.png","type":"bitmap","chars":["\uB025"],"height":256},{"ascent":38,"file":"minecraft:font/pixel_256.png","type":"bitmap","chars":["\uB026"],"height":256},{"ascent":39,"file":"minecraft:font/pixel_256.png","type":"bitmap","chars":["\uB027"],"height":256},{"ascent":40,"file":"minecraft:font/pixel_256.png","type":"bitmap","chars":["\uB028"],"height":256},{"ascent":41,"file":"minecraft:font/pixel_256.png","type":"bitmap","chars":["\uB029"],"height":256},{"ascent":42,"file":"minecraft:font/pixel_256.png","type":"bitmap","chars":["\uB02A"],"height":256},{"ascent":43,"file":"minecraft:font/pixel_256.png","type":"bitmap","chars":["\uB02B"],"height":256},{"ascent":44,"file":"minecraft:font/pixel_256.png","type":"bitmap","chars":["\uB02C"],"height":256},{"ascent":45,"file":"minecraft:font/pixel_256.png","type":"bitmap","chars":["\uB02D"],"height":256},{"ascent":46,"file":"minecraft:font/pixel_256.png","type":"bitmap","chars":["\uB02E"],"height":256},{"ascent":47,"file":"minecraft:font/pixel_256.png","type":"bitmap","chars":["\uB02F"],"height":256},{"ascent":48,"file":"minecraft:font/pixel_256.png","type":"bitmap","chars":["\uB030"],"height":256},{"ascent":49,"file":"minecraft:font/pixel_256.png","type":"bitmap","chars":["\uB031"],"height":256},{"ascent":50,"file":"minecraft:font/pixel_256.png","type":"bitmap","chars":["\uB032"],"height":256},{"ascent":51,"file":"minecraft:font/pixel_256.png","type":"bitmap","chars":["\uB033"],"height":256},{"ascent":52,"file":"minecraft:font/pixel_256.png","type":"bitmap","chars":["\uB034"],"height":256},{"ascent":53,"file":"minecraft:font/pixel_256.png","type":"bitmap","chars":["\uB035"],"height":256},{"ascent":54,"file":"minecraft:font/pixel_256.png","type":"bitmap","chars":["\uB036"],"height":256},{"ascent":55,"file":"minecraft:font/pixel_256.png","type":"bitmap","chars":["\uB037"],"height":256},{"ascent":56,"file":"minecraft:font/pixel_256.png","type":"bitmap","chars":["\uB038"],"height":256},{"ascent":57,"file":"minecraft:font/pixel_256.png","type":"bitmap","chars":["\uB039"],"height":256},{"ascent":58,"file":"minecraft:font/pixel_256.png","type":"bitmap","chars":["\uB03A"],"height":256},{"ascent":59,"file":"minecraft:font/pixel_256.png","type":"bitmap","chars":["\uB03B"],"height":256},{"ascent":60,"file":"minecraft:font/pixel_256.png","type":"bitmap","chars":["\uB03C"],"height":256},{"ascent":61,"file":"minecraft:font/pixel_256.png","type":"bitmap","chars":["\uB03D"],"height":256},{"ascent":62,"file":"minecraft:font/pixel_256.png","type":"bitmap","chars":["\uB03E"],"height":256},{"ascent":63,"file":"minecraft:font/pixel_256.png","type":"bitmap","chars":["\uB03F"],"height":256},{"ascent":64,"file":"minecraft:font/pixel_256.png","type":"bitmap","chars":["\uB040"],"height":256},{"ascent":65,"file":"minecraft:font/pixel_256.png","type":"bitmap","chars":["\uB041"],"height":256},{"ascent":66,"file":"minecraft:font/pixel_256.png","type":"bitmap","chars":["\uB042"],"height":256},{"ascent":67,"file":"minecraft:font/pixel_256.png","type":"bitmap","chars":["\uB043"],"height":256},{"ascent":68,"file":"minecraft:font/pixel_256.png","type":"bitmap","chars":["\uB044"],"height":256},{"ascent":69,"file":"minecraft:font/pixel_256.png","type":"bitmap","chars":["\uB045"],"height":256},{"ascent":70,"file":"minecraft:font/pixel_256.png","type":"bitmap","chars":["\uB046"],"height":256},{"ascent":71,"file":"minecraft:font/pixel_256.png","type":"bitmap","chars":["\uB047"],"height":256},{"ascent":72,"file":"minecraft:font/pixel_256.png","type":"bitmap","chars":["\uB048"],"height":256},{"ascent":73,"file":"minecraft:font/pixel_256.png","type":"bitmap","chars":["\uB049"],"height":256},{"ascent":74,"file":"minecraft:font/pixel_256.png","type":"bitmap","chars":["\uB04A"],"height":256},{"ascent":75,"file":"minecraft:font/pixel_256.png","type":"bitmap","chars":["\uB04B"],"height":256},{"ascent":76,"file":"minecraft:font/pixel_256.png","type":"bitmap","chars":["\uB04C"],"height":256},{"ascent":77,"file":"minecraft:font/pixel_256.png","type":"bitmap","chars":["\uB04D"],"height":256},{"ascent":78,"file":"minecraft:font/pixel_256.png","type":"bitmap","chars":["\uB04E"],"height":256},{"ascent":79,"file":"minecraft:font/pixel_256.png","type":"bitmap","chars":["\uB04F"],"height":256},{"ascent":80,"file":"minecraft:font/pixel_256.png","type":"bitmap","chars":["\uB050"],"height":256},{"ascent":81,"file":"minecraft:font/pixel_256.png","type":"bitmap","chars":["\uB051"],"height":256},{"ascent":82,"file":"minecraft:font/pixel_256.png","type":"bitmap","chars":["\uB052"],"height":256},{"ascent":83,"file":"minecraft:font/pixel_256.png","type":"bitmap","chars":["\uB053"],"height":256},{"ascent":84,"file":"minecraft:font/pixel_256.png","type":"bitmap","chars":["\uB054"],"height":256},{"ascent":85,"file":"minecraft:font/pixel_256.png","type":"bitmap","chars":["\uB055"],"height":256},{"ascent":86,"file":"minecraft:font/pixel_256.png","type":"bitmap","chars":["\uB056"],"height":256},{"ascent":87,"file":"minecraft:font/pixel_256.png","type":"bitmap","chars":["\uB057"],"height":256},{"ascent":88,"file":"minecraft:font/pixel_256.png","type":"bitmap","chars":["\uB058"],"height":256},{"ascent":89,"file":"minecraft:font/pixel_256.png","type":"bitmap","chars":["\uB059"],"height":256},{"ascent":90,"file":"minecraft:font/pixel_256.png","type":"bitmap","chars":["\uB05A"],"height":256},{"ascent":91,"file":"minecraft:font/pixel_256.png","type":"bitmap","chars":["\uB05B"],"height":256},{"ascent":92,"file":"minecraft:font/pixel_256.png","type":"bitmap","chars":["\uB05C"],"height":256},{"ascent":93,"file":"minecraft:font/pixel_256.png","type":"bitmap","chars":["\uB05D"],"height":256},{"ascent":94,"file":"minecraft:font/pixel_256.png","type":"bitmap","chars":["\uB05E"],"height":256},{"ascent":95,"file":"minecraft:font/pixel_256.png","type":"bitmap","chars":["\uB05F"],"height":256},{"ascent":96,"file":"minecraft:font/pixel_256.png","type":"bitmap","chars":["\uB060"],"height":256},{"ascent":97,"file":"minecraft:font/pixel_256.png","type":"bitmap","chars":["\uB061"],"height":256},{"ascent":98,"file":"minecraft:font/pixel_256.png","type":"bitmap","chars":["\uB062"],"height":256},{"ascent":99,"file":"minecraft:font/pixel_256.png","type":"bitmap","chars":["\uB063"],"height":256},{"ascent":100,"file":"minecraft:font/pixel_256.png","type":"bitmap","chars":["\uB064"],"height":256},{"ascent":101,"file":"minecraft:font/pixel_256.png","type":"bitmap","chars":["\uB065"],"height":256},{"ascent":102,"file":"minecraft:font/pixel_256.png","type":"bitmap","chars":["\uB066"],"height":256},{"ascent":103,"file":"minecraft:font/pixel_256.png","type":"bitmap","chars":["\uB067"],"height":256},{"ascent":104,"file":"minecraft:font/pixel_256.png","type":"bitmap","chars":["\uB068"],"height":256},{"ascent":105,"file":"minecraft:font/pixel_256.png","type":"bitmap","chars":["\uB069"],"height":256},{"ascent":106,"file":"minecraft:font/pixel_256.png","type":"bitmap","chars":["\uB06A"],"height":256},{"ascent":107,"file":"minecraft:font/pixel_256.png","type":"bitmap","chars":["\uB06B"],"height":256},{"ascent":108,"file":"minecraft:font/pixel_256.png","type":"bitmap","chars":["\uB06C"],"height":256},{"ascent":109,"file":"minecraft:font/pixel_256.png","type":"bitmap","chars":["\uB06D"],"height":256},{"ascent":110,"file":"minecraft:font/pixel_256.png","type":"bitmap","chars":["\uB06E"],"height":256},{"ascent":111,"file":"minecraft:font/pixel_256.png","type":"bitmap","chars":["\uB06F"],"height":256},{"ascent":112,"file":"minecraft:font/pixel_256.png","type":"bitmap","chars":["\uB070"],"height":256},{"ascent":113,"file":"minecraft:font/pixel_256.png","type":"bitmap","chars":["\uB071"],"height":256},{"ascent":114,"file":"minecraft:font/pixel_256.png","type":"bitmap","chars":["\uB072"],"height":256},{"ascent":115,"file":"minecraft:font/pixel_256.png","type":"bitmap","chars":["\uB073"],"height":256},{"ascent":116,"file":"minecraft:font/pixel_256.png","type":"bitmap","chars":["\uB074"],"height":256},{"ascent":117,"file":"minecraft:font/pixel_256.png","type":"bitmap","chars":["\uB075"],"height":256},{"ascent":118,"file":"minecraft:font/pixel_256.png","type":"bitmap","chars":["\uB076"],"height":256},{"ascent":119,"file":"minecraft:font/pixel_256.png","type":"bitmap","chars":["\uB077"],"height":256},{"ascent":120,"file":"minecraft:font/pixel_256.png","type":"bitmap","chars":["\uB078"],"height":256},{"ascent":121,"file":"minecraft:font/pixel_256.png","type":"bitmap","chars":["\uB079"],"height":256},{"ascent":122,"file":"minecraft:font/pixel_256.png","type":"bitmap","chars":["\uB07A"],"height":256},{"ascent":123,"file":"minecraft:font/pixel_256.png","type":"bitmap","chars":["\uB07B"],"height":256},{"ascent":124,"file":"minecraft:font/pixel_256.png","type":"bitmap","chars":["\uB07C"],"height":256},{"ascent":125,"file":"minecraft:font/pixel_256.png","type":"bitmap","chars":["\uB07D"],"height":256},{"ascent":126,"file":"minecraft:font/pixel_256.png","type":"bitmap","chars":["\uB07E"],"height":256},{"ascent":127,"file":"minecraft:font/pixel_256.png","type":"bitmap","chars":["\uB07F"],"height":256},{"ascent":128,"file":"minecraft:font/pixel_256.png","type":"bitmap","chars":["\uB080"],"height":256},{"ascent":129,"file":"minecraft:font/pixel_256.png","type":"bitmap","chars":["\uB081"],"height":256},{"ascent":130,"file":"minecraft:font/pixel_256.png","type":"bitmap","chars":["\uB082"],"height":256},{"ascent":131,"file":"minecraft:font/pixel_256.png","type":"bitmap","chars":["\uB083"],"height":256},{"ascent":132,"file":"minecraft:font/pixel_256.png","type":"bitmap","chars":["\uB084"],"height":256},{"ascent":133,"file":"minecraft:font/pixel_256.png","type":"bitmap","chars":["\uB085"],"height":256},{"ascent":134,"file":"minecraft:font/pixel_256.png","type":"bitmap","chars":["\uB086"],"height":256},{"ascent":135,"file":"minecraft:font/pixel_256.png","type":"bitmap","chars":["\uB087"],"height":256},{"ascent":136,"file":"minecraft:font/pixel_256.png","type":"bitmap","chars":["\uB088"],"height":256},{"ascent":137,"file":"minecraft:font/pixel_256.png","type":"bitmap","chars":["\uB089"],"height":256},{"ascent":138,"file":"minecraft:font/pixel_256.png","type":"bitmap","chars":["\uB08A"],"height":256},{"ascent":139,"file":"minecraft:font/pixel_256.png","type":"bitmap","chars":["\uB08B"],"height":256},{"ascent":140,"file":"minecraft:font/pixel_256.png","type":"bitmap","chars":["\uB08C"],"height":256},{"ascent":141,"file":"minecraft:font/pixel_256.png","type":"bitmap","chars":["\uB08D"],"height":256},{"ascent":142,"file":"minecraft:font/pixel_256.png","type":"bitmap","chars":["\uB08E"],"height":256},{"ascent":143,"file":"minecraft:font/pixel_256.png","type":"bitmap","chars":["\uB08F"],"height":256},{"ascent":144,"file":"minecraft:font/pixel_256.png","type":"bitmap","chars":["\uB090"],"height":256},{"ascent":145,"file":"minecraft:font/pixel_256.png","type":"bitmap","chars":["\uB091"],"height":256},{"ascent":146,"file":"minecraft:font/pixel_256.png","type":"bitmap","chars":["\uB092"],"height":256},{"ascent":147,"file":"minecraft:font/pixel_256.png","type":"bitmap","chars":["\uB093"],"height":256},{"ascent":148,"file":"minecraft:font/pixel_256.png","type":"bitmap","chars":["\uB094"],"height":256},{"ascent":149,"file":"minecraft:font/pixel_256.png","type":"bitmap","chars":["\uB095"],"height":256},{"ascent":150,"file":"minecraft:font/pixel_256.png","type":"bitmap","chars":["\uB096"],"height":256},{"ascent":151,"file":"minecraft:font/pixel_256.png","type":"bitmap","chars":["\uB097"],"height":256},{"ascent":152,"file":"minecraft:font/pixel_256.png","type":"bitmap","chars":["\uB098"],"height":256},{"ascent":153,"file":"minecraft:font/pixel_256.png","type":"bitmap","chars":["\uB099"],"height":256},{"ascent":154,"file":"minecraft:font/pixel_256.png","type":"bitmap","chars":["\uB09A"],"height":256},{"ascent":155,"file":"minecraft:font/pixel_256.png","type":"bitmap","chars":["\uB09B"],"height":256},{"ascent":156,"file":"minecraft:font/pixel_256.png","type":"bitmap","chars":["\uB09C"],"height":256},{"ascent":157,"file":"minecraft:font/pixel_256.png","type":"bitmap","chars":["\uB09D"],"height":256},{"ascent":158,"file":"minecraft:font/pixel_256.png","type":"bitmap","chars":["\uB09E"],"height":256},{"ascent":159,"file":"minecraft:font/pixel_256.png","type":"bitmap","chars":["\uB09F"],"height":256},{"ascent":160,"file":"minecraft:font/pixel_256.png","type":"bitmap","chars":["\uB0A0"],"height":256},{"ascent":161,"file":"minecraft:font/pixel_256.png","type":"bitmap","chars":["\uB0A1"],"height":256},{"ascent":162,"file":"minecraft:font/pixel_256.png","type":"bitmap","chars":["\uB0A2"],"height":256},{"ascent":163,"file":"minecraft:font/pixel_256.png","type":"bitmap","chars":["\uB0A3"],"height":256},{"ascent":164,"file":"minecraft:font/pixel_256.png","type":"bitmap","chars":["\uB0A4"],"height":256},{"ascent":165,"file":"minecraft:font/pixel_256.png","type":"bitmap","chars":["\uB0A5"],"height":256},{"ascent":166,"file":"minecraft:font/pixel_256.png","type":"bitmap","chars":["\uB0A6"],"height":256},{"ascent":167,"file":"minecraft:font/pixel_256.png","type":"bitmap","chars":["\uB0A7"],"height":256},{"ascent":168,"file":"minecraft:font/pixel_256.png","type":"bitmap","chars":["\uB0A8"],"height":256},{"ascent":169,"file":"minecraft:font/pixel_256.png","type":"bitmap","chars":["\uB0A9"],"height":256},{"ascent":170,"file":"minecraft:font/pixel_256.png","type":"bitmap","chars":["\uB0AA"],"height":256},{"ascent":171,"file":"minecraft:font/pixel_256.png","type":"bitmap","chars":["\uB0AB"],"height":256},{"ascent":172,"file":"minecraft:font/pixel_256.png","type":"bitmap","chars":["\uB0AC"],"height":256},{"ascent":173,"file":"minecraft:font/pixel_256.png","type":"bitmap","chars":["\uB0AD"],"height":256},{"ascent":174,"file":"minecraft:font/pixel_256.png","type":"bitmap","chars":["\uB0AE"],"height":256},{"ascent":175,"file":"minecraft:font/pixel_256.png","type":"bitmap","chars":["\uB0AF"],"height":256},{"ascent":176,"file":"minecraft:font/pixel_256.png","type":"bitmap","chars":["\uB0B0"],"height":256},{"ascent":177,"file":"minecraft:font/pixel_256.png","type":"bitmap","chars":["\uB0B1"],"height":256},{"ascent":178,"file":"minecraft:font/pixel_256.png","type":"bitmap","chars":["\uB0B2"],"height":256},{"ascent":179,"file":"minecraft:font/pixel_256.png","type":"bitmap","chars":["\uB0B3"],"height":256},{"ascent":180,"file":"minecraft:font/pixel_256.png","type":"bitmap","chars":["\uB0B4"],"height":256},{"ascent":181,"file":"minecraft:font/pixel_256.png","type":"bitmap","chars":["\uB0B5"],"height":256},{"ascent":182,"file":"minecraft:font/pixel_256.png","type":"bitmap","chars":["\uB0B6"],"height":256},{"ascent":183,"file":"minecraft:font/pixel_256.png","type":"bitmap","chars":["\uB0B7"],"height":256},{"ascent":184,"file":"minecraft:font/pixel_256.png","type":"bitmap","chars":["\uB0B8"],"height":256},{"ascent":185,"file":"minecraft:font/pixel_256.png","type":"bitmap","chars":["\uB0B9"],"height":256},{"ascent":186,"file":"minecraft:font/pixel_256.png","type":"bitmap","chars":["\uB0BA"],"height":256},{"ascent":187,"file":"minecraft:font/pixel_256.png","type":"bitmap","chars":["\uB0BB"],"height":256},{"ascent":188,"file":"minecraft:font/pixel_256.png","type":"bitmap","chars":["\uB0BC"],"height":256},{"ascent":189,"file":"minecraft:font/pixel_256.png","type":"bitmap","chars":["\uB0BD"],"height":256},{"ascent":190,"file":"minecraft:font/pixel_256.png","type":"bitmap","chars":["\uB0BE"],"height":256},{"ascent":191,"file":"minecraft:font/pixel_256.png","type":"bitmap","chars":["\uB0BF"],"height":256},{"ascent":192,"file":"minecraft:font/pixel_256.png","type":"bitmap","chars":["\uB0C0"],"height":256},{"ascent":193,"file":"minecraft:font/pixel_256.png","type":"bitmap","chars":["\uB0C1"],"height":256},{"ascent":194,"file":"minecraft:font/pixel_256.png","type":"bitmap","chars":["\uB0C2"],"height":256},{"ascent":195,"file":"minecraft:font/pixel_256.png","type":"bitmap","chars":["\uB0C3"],"height":256},{"ascent":196,"file":"minecraft:font/pixel_256.png","type":"bitmap","chars":["\uB0C4"],"height":256},{"ascent":197,"file":"minecraft:font/pixel_256.png","type":"bitmap","chars":["\uB0C5"],"height":256},{"ascent":198,"file":"minecraft:font/pixel_256.png","type":"bitmap","chars":["\uB0C6"],"height":256},{"ascent":199,"file":"minecraft:font/pixel_256.png","type":"bitmap","chars":["\uB0C7"],"height":256},{"ascent":200,"file":"minecraft:font/pixel_256.png","type":"bitmap","chars":["\uB0C8"],"height":256},{"ascent":201,"file":"minecraft:font/pixel_256.png","type":"bitmap","chars":["\uB0C9"],"height":256},{"ascent":202,"file":"minecraft:font/pixel_256.png","type":"bitmap","chars":["\uB0CA"],"height":256},{"ascent":203,"file":"minecraft:font/pixel_256.png","type":"bitmap","chars":["\uB0CB"],"height":256},{"ascent":204,"file":"minecraft:font/pixel_256.png","type":"bitmap","chars":["\uB0CC"],"height":256},{"ascent":205,"file":"minecraft:font/pixel_256.png","type":"bitmap","chars":["\uB0CD"],"height":256},{"ascent":206,"file":"minecraft:font/pixel_256.png","type":"bitmap","chars":["\uB0CE"],"height":256},{"ascent":207,"file":"minecraft:font/pixel_256.png","type":"bitmap","chars":["\uB0CF"],"height":256},{"ascent":208,"file":"minecraft:font/pixel_256.png","type":"bitmap","chars":["\uB0D0"],"height":256},{"ascent":209,"file":"minecraft:font/pixel_256.png","type":"bitmap","chars":["\uB0D1"],"height":256},{"ascent":210,"file":"minecraft:font/pixel_256.png","type":"bitmap","chars":["\uB0D2"],"height":256},{"ascent":211,"file":"minecraft:font/pixel_256.png","type":"bitmap","chars":["\uB0D3"],"height":256},{"ascent":212,"file":"minecraft:font/pixel_256.png","type":"bitmap","chars":["\uB0D4"],"height":256},{"ascent":213,"file":"minecraft:font/pixel_256.png","type":"bitmap","chars":["\uB0D5"],"height":256},{"ascent":214,"file":"minecraft:font/pixel_256.png","type":"bitmap","chars":["\uB0D6"],"height":256},{"ascent":215,"file":"minecraft:font/pixel_256.png","type":"bitmap","chars":["\uB0D7"],"height":256},{"ascent":216,"file":"minecraft:font/pixel_256.png","type":"bitmap","chars":["\uB0D8"],"height":256},{"ascent":217,"file":"minecraft:font/pixel_256.png","type":"bitmap","chars":["\uB0D9"],"height":256},{"ascent":218,"file":"minecraft:font/pixel_256.png","type":"bitmap","chars":["\uB0DA"],"height":256},{"ascent":219,"file":"minecraft:font/pixel_256.png","type":"bitmap","chars":["\uB0DB"],"height":256},{"ascent":220,"file":"minecraft:font/pixel_256.png","type":"bitmap","chars":["\uB0DC"],"height":256},{"ascent":221,"file":"minecraft:font/pixel_256.png","type":"bitmap","chars":["\uB0DD"],"height":256},{"ascent":222,"file":"minecraft:font/pixel_256.png","type":"bitmap","chars":["\uB0DE"],"height":256},{"ascent":223,"file":"minecraft:font/pixel_256.png","type":"bitmap","chars":["\uB0DF"],"height":256},{"ascent":224,"file":"minecraft:font/pixel_256.png","type":"bitmap","chars":["\uB0E0"],"height":256},{"ascent":225,"file":"minecraft:font/pixel_256.png","type":"bitmap","chars":["\uB0E1"],"height":256},{"ascent":226,"file":"minecraft:font/pixel_256.png","type":"bitmap","chars":["\uB0E2"],"height":256},{"ascent":227,"file":"minecraft:font/pixel_256.png","type":"bitmap","chars":["\uB0E3"],"height":256},{"ascent":228,"file":"minecraft:font/pixel_256.png","type":"bitmap","chars":["\uB0E4"],"height":256},{"ascent":229,"file":"minecraft:font/pixel_256.png","type":"bitmap","chars":["\uB0E5"],"height":256},{"ascent":230,"file":"minecraft:font/pixel_256.png","type":"bitmap","chars":["\uB0E6"],"height":256},{"ascent":231,"file":"minecraft:font/pixel_256.png","type":"bitmap","chars":["\uB0E7"],"height":256},{"ascent":232,"file":"minecraft:font/pixel_256.png","type":"bitmap","chars":["\uB0E8"],"height":256},{"ascent":233,"file":"minecraft:font/pixel_256.png","type":"bitmap","chars":["\uB0E9"],"height":256},{"ascent":234,"file":"minecraft:font/pixel_256.png","type":"bitmap","chars":["\uB0EA"],"height":256},{"ascent":235,"file":"minecraft:font/pixel_256.png","type":"bitmap","chars":["\uB0EB"],"height":256},{"ascent":236,"file":"minecraft:font/pixel_256.png","type":"bitmap","chars":["\uB0EC"],"height":256},{"ascent":237,"file":"minecraft:font/pixel_256.png","type":"bitmap","chars":["\uB0ED"],"height":256},{"ascent":238,"file":"minecraft:font/pixel_256.png","type":"bitmap","chars":["\uB0EE"],"height":256},{"ascent":239,"file":"minecraft:font/pixel_256.png","type":"bitmap","chars":["\uB0EF"],"height":256},{"ascent":240,"file":"minecraft:font/pixel_256.png","type":"bitmap","chars":["\uB0F0"],"height":256},{"ascent":241,"file":"minecraft:font/pixel_256.png","type":"bitmap","chars":["\uB0F1"],"height":256},{"ascent":242,"file":"minecraft:font/pixel_256.png","type":"bitmap","chars":["\uB0F2"],"height":256},{"ascent":243,"file":"minecraft:font/pixel_256.png","type":"bitmap","chars":["\uB0F3"],"height":256},{"ascent":244,"file":"minecraft:font/pixel_256.png","type":"bitmap","chars":["\uB0F4"],"height":256},{"ascent":245,"file":"minecraft:font/pixel_256.png","type":"bitmap","chars":["\uB0F5"],"height":256},{"ascent":246,"file":"minecraft:font/pixel_256.png","type":"bitmap","chars":["\uB0F6"],"height":256},{"ascent":247,"file":"minecraft:font/pixel_256.png","type":"bitmap","chars":["\uB0F7"],"height":256},{"ascent":248,"file":"minecraft:font/pixel_256.png","type":"bitmap","chars":["\uB0F8"],"height":256},{"ascent":249,"file":"minecraft:font/pixel_256.png","type":"bitmap","chars":["\uB0F9"],"height":256},{"ascent":250,"file":"minecraft:font/pixel_256.png","type":"bitmap","chars":["\uB0FA"],"height":256},{"ascent":251,"file":"minecraft:font/pixel_256.png","type":"bitmap","chars":["\uB0FB"],"height":256},{"ascent":252,"file":"minecraft:font/pixel_256.png","type":"bitmap","chars":["\uB0FC"],"height":256},{"ascent":253,"file":"minecraft:font/pixel_256.png","type":"bitmap","chars":["\uB0FD"],"height":256},{"ascent":254,"file":"minecraft:font/pixel_256.png","type":"bitmap","chars":["\uB0FE"],"height":256},{"ascent":255,"file":"minecraft:font/pixel_256.png","type":"bitmap","chars":["\uB0FF"],"height":256}

    ]
}