{
    "providers": [

        { "_commentaire": "-1px", "type": "bitmap", "file": "minecraft:font/space_split.png", "ascent": -32768, "height": -3, "chars": ["\uF801"] },
        { "_commentaire": "-2px", "type": "bitmap", "file": "minecraft:font/space_split.png", "ascent": -32768, "height": -4, "chars": ["\uF802"] },
        { "_commentaire": "-3px", "type": "bitmap", "file": "minecraft:font/space_split.png", "ascent": -32768, "height": -5, "chars": ["\uF803"] },
        { "_commentaire": "-4px", "type": "bitmap", "file": "minecraft:font/space_split.png", "ascent": -32768, "height": -6, "chars": ["\uF804"] },
        { "_commentaire": "-5px", "type": "bitmap", "file": "minecraft:font/space_split.png", "ascent": -32768, "height": -7, "chars": ["\uF805"] },
        { "_commentaire": "-6px", "type": "bitmap", "file": "minecraft:font/space_split.png", "ascent": -32768, "height": -8, "chars": ["\uF806"] },
        { "_commentaire": "-7px", "type": "bitmap", "file": "minecraft:font/space_split.png", "ascent": -32768, "height": -9, "chars": ["\uF807"] },
        { "_commentaire": "-8px", "type": "bitmap", "file": "minecraft:font/space_split.png", "ascent": -32768, "height": -10, "chars": ["\uF808"] },

        { "_commentaire": "-16px", "type": "bitmap", "file": "minecraft:font/space_split.png", "ascent": -32768, "height": -18, "chars": ["\uF809"] },
        { "_commentaire": "-32px", "type": "bitmap", "file": "minecraft:font/space_split.png", "ascent": -32768, "height": -34, "chars": ["\uF80A"] },
        { "_commentaire": "-64px", "type": "bitmap", "file": "minecraft:font/space_split.png", "ascent": -32768, "height": -66, "chars": ["\uF80B"] },
        { "_commentaire": "-128px", "type": "bitmap", "file": "minecraft:font/space_split.png", "ascent": -32768, "height": -130, "chars": ["\uF80C"] },
        { "_commentaire": "-256px", "type": "bitmap", "file": "minecraft:font/space_split.png", "ascent": -32768, "height": -258, "chars": ["\uF80D"] },
        { "_commentaire": "-512px", "type": "bitmap", "file": "minecraft:font/space_split.png", "ascent": -32768, "height": -514, "chars": ["\uF80E"] },
        { "_commentaire": "-1024px", "type": "bitmap", "file": "minecraft:font/space_split.png", "ascent": -32768, "height": -1026, "chars": ["\uF80F", "\uF800"] },

        { "_commentaire": "+1px", "type": "bitmap", "file": "minecraft:font/space_split.png", "ascent": -32768, "height": 0, "chars": ["\uF821"] },
        { "_commentaire": "+2px", "type": "bitmap", "file": "minecraft:font/space_split.png", "ascent": -32768, "height": 1, "chars": ["\uF822"] },
        { "_commentaire": "+3px", "type": "bitmap", "file": "minecraft:font/space_split.png", "ascent": -32768, "height": 2, "chars": ["\uF823"] },
        { "_commentaire": "+4px", "type": "bitmap", "file": "minecraft:font/space_split.png", "ascent": -32768, "height": 3, "chars": ["\uF824"] },
        { "_commentaire": "+5px", "type": "bitmap", "file": "minecraft:font/space_split.png", "ascent": -32768, "height": 4, "chars": ["\uF825"] },
        { "_commentaire": "+6px", "type": "bitmap", "file": "minecraft:font/space_split.png", "ascent": -32768, "height": 5, "chars": ["\uF826"] },
        { "_commentaire": "+7px", "type": "bitmap", "file": "minecraft:font/space_split.png", "ascent": -32768, "height": 6, "chars": ["\uF827"] },
        { "_commentaire": "+8px", "type": "bitmap", "file": "minecraft:font/space_split.png", "ascent": -32768, "height": 7, "chars": ["\uF828"] },

        { "_commentaire": "+16px", "type": "bitmap", "file": "minecraft:font/space_split.png", "ascent": -32768, "height": 15, "chars": ["\uF829"] },
        { "_commentaire": "+32px", "type": "bitmap", "file": "minecraft:font/space_split.png", "ascent": -32768, "height": 31, "chars": ["\uF82A"] },
        { "_commentaire": "+64px", "type": "bitmap", "file": "minecraft:font/space_split.png", "ascent": -32768, "height": 63, "chars": ["\uF82B"] },
        { "_commentaire": "+128px", "type": "bitmap", "file": "minecraft:font/space_split.png", "ascent": -32768, "height": 127, "chars": ["\uF82C"] },
        { "_commentaire": "+256px", "type": "bitmap", "file": "minecraft:font/space_split.png", "ascent": -32768, "height": 255, "chars": ["\uF82D"] },
        { "_commentaire": "+512px", "type": "bitmap", "file": "minecraft:font/space_split.png", "ascent": -32768, "height": 511, "chars": ["\uF82E"] },
        { "_commentaire": "+1024px", "type": "bitmap", "file": "minecraft:font/space_split.png", "ascent": -32768, "height": 1023, "chars": ["\uF82F", "\uF820"] },


        { "_commentaire": "GUI Scale = 3 TITLE", "type": "bitmap", "file": "minecraft:font/marker.png",
            "chars": ["\uE998"], "ascent": 77, "height": 160
        },
        { "_commentaire": "GUI Scale = 2 TITLE", "type": "bitmap", "file": "minecraft:font/marker.png",
            "chars": ["\uE999"], "ascent": 177, "height": 240
        },
        { "_commentaire": "GUI Scale = 2 SUBTITLE", "type": "bitmap", "file": "minecraft:font/marker.png",
            "chars": ["\uE997"], "ascent": 140, "height": 256
        },
        { "_commentaire": "GUI Scale = 3 SUBTITLE", "type": "bitmap", "file": "minecraft:font/marker.png",
            "chars": ["\uE996"], "ascent": 97, "height": 170
        },


        { "file": "minecraft:font/transitions/full_100.png", "type": "bitmap",
            "chars": ["\uE100"], "ascent": 140, "height": 256
        },
        { "file": "minecraft:font/transitions/full_75.png", "type": "bitmap",
            "chars": ["\uE075"], "ascent": 140, "height": 256
        },
        { "file": "minecraft:font/transitions/full_50.png", "type": "bitmap",
            "chars": ["\uE050"], "ascent": 140, "height": 256
        },
        { "file": "minecraft:font/transitions/full_25.png", "type": "bitmap",
            "chars": ["\uE025"], "ascent": 140, "height": 256
        },


        { "_commentaire": "㏀", "type": "bitmap", "ascent": -100, "height": 100,
            "chars": ["\u33C0"], "file": "minecraft:font/gui_scale.png"     
        },

        {"_commentaire": "ANIMATION BTOOOM_LOGO from EA00 to EA2E"},
        {"ascent":97,"file":"minecraft:font/btooom_logo/btooom_logo_0.png","type":"bitmap","chars":["\uEA00"],"height":170},{"ascent":97,"file":"minecraft:font/btooom_logo/btooom_logo_1.png","type":"bitmap","chars":["\uEA01"],"height":170},{"ascent":97,"file":"minecraft:font/btooom_logo/btooom_logo_2.png","type":"bitmap","chars":["\uEA02"],"height":170},{"ascent":97,"file":"minecraft:font/btooom_logo/btooom_logo_3.png","type":"bitmap","chars":["\uEA03"],"height":170},{"ascent":97,"file":"minecraft:font/btooom_logo/btooom_logo_4.png","type":"bitmap","chars":["\uEA04"],"height":170},{"ascent":97,"file":"minecraft:font/btooom_logo/btooom_logo_5.png","type":"bitmap","chars":["\uEA05"],"height":170},{"ascent":97,"file":"minecraft:font/btooom_logo/btooom_logo_6.png","type":"bitmap","chars":["\uEA06"],"height":170},{"ascent":97,"file":"minecraft:font/btooom_logo/btooom_logo_7.png","type":"bitmap","chars":["\uEA07"],"height":170},{"ascent":97,"file":"minecraft:font/btooom_logo/btooom_logo_8.png","type":"bitmap","chars":["\uEA08"],"height":170},{"ascent":97,"file":"minecraft:font/btooom_logo/btooom_logo_9.png","type":"bitmap","chars":["\uEA09"],"height":170},{"ascent":97,"file":"minecraft:font/btooom_logo/btooom_logo_10.png","type":"bitmap","chars":["\uEA0A"],"height":170},{"ascent":97,"file":"minecraft:font/btooom_logo/btooom_logo_11.png","type":"bitmap","chars":["\uEA0B"],"height":170},{"ascent":97,"file":"minecraft:font/btooom_logo/btooom_logo_12.png","type":"bitmap","chars":["\uEA0C"],"height":170},{"ascent":97,"file":"minecraft:font/btooom_logo/btooom_logo_13.png","type":"bitmap","chars":["\uEA0D"],"height":170},{"ascent":97,"file":"minecraft:font/btooom_logo/btooom_logo_14.png","type":"bitmap","chars":["\uEA0E"],"height":170},{"ascent":97,"file":"minecraft:font/btooom_logo/btooom_logo_15.png","type":"bitmap","chars":["\uEA0F"],"height":170},{"ascent":97,"file":"minecraft:font/btooom_logo/btooom_logo_16.png","type":"bitmap","chars":["\uEA10"],"height":170},{"ascent":97,"file":"minecraft:font/btooom_logo/btooom_logo_17.png","type":"bitmap","chars":["\uEA11"],"height":170},{"ascent":97,"file":"minecraft:font/btooom_logo/btooom_logo_18.png","type":"bitmap","chars":["\uEA12"],"height":170},{"ascent":97,"file":"minecraft:font/btooom_logo/btooom_logo_19.png","type":"bitmap","chars":["\uEA13"],"height":170},{"ascent":97,"file":"minecraft:font/btooom_logo/btooom_logo_20.png","type":"bitmap","chars":["\uEA14"],"height":170},{"ascent":97,"file":"minecraft:font/btooom_logo/btooom_logo_21.png","type":"bitmap","chars":["\uEA15"],"height":170},{"ascent":97,"file":"minecraft:font/btooom_logo/btooom_logo_22.png","type":"bitmap","chars":["\uEA16"],"height":170},{"ascent":97,"file":"minecraft:font/btooom_logo/btooom_logo_23.png","type":"bitmap","chars":["\uEA17"],"height":170},{"ascent":97,"file":"minecraft:font/btooom_logo/btooom_logo_24.png","type":"bitmap","chars":["\uEA18"],"height":170},{"ascent":97,"file":"minecraft:font/btooom_logo/btooom_logo_25.png","type":"bitmap","chars":["\uEA19"],"height":170},{"ascent":97,"file":"minecraft:font/btooom_logo/btooom_logo_26.png","type":"bitmap","chars":["\uEA1A"],"height":170},{"ascent":97,"file":"minecraft:font/btooom_logo/btooom_logo_27.png","type":"bitmap","chars":["\uEA1B"],"height":170},{"ascent":97,"file":"minecraft:font/btooom_logo/btooom_logo_28.png","type":"bitmap","chars":["\uEA1C"],"height":170},{"ascent":97,"file":"minecraft:font/btooom_logo/btooom_logo_29.png","type":"bitmap","chars":["\uEA1D"],"height":170},{"ascent":97,"file":"minecraft:font/btooom_logo/btooom_logo_30.png","type":"bitmap","chars":["\uEA1E"],"height":170},{"ascent":97,"file":"minecraft:font/btooom_logo/btooom_logo_31.png","type":"bitmap","chars":["\uEA1F"],"height":170},{"ascent":97,"file":"minecraft:font/btooom_logo/btooom_logo_32.png","type":"bitmap","chars":["\uEA20"],"height":170},{"ascent":97,"file":"minecraft:font/btooom_logo/btooom_logo_33.png","type":"bitmap","chars":["\uEA21"],"height":170},{"ascent":97,"file":"minecraft:font/btooom_logo/btooom_logo_34.png","type":"bitmap","chars":["\uEA22"],"height":170},{"ascent":97,"file":"minecraft:font/btooom_logo/btooom_logo_35.png","type":"bitmap","chars":["\uEA23"],"height":170},{"ascent":97,"file":"minecraft:font/btooom_logo/btooom_logo_36.png","type":"bitmap","chars":["\uEA24"],"height":170},{"ascent":97,"file":"minecraft:font/btooom_logo/btooom_logo_37.png","type":"bitmap","chars":["\uEA25"],"height":170},{"ascent":97,"file":"minecraft:font/btooom_logo/btooom_logo_38.png","type":"bitmap","chars":["\uEA26"],"height":170},{"ascent":97,"file":"minecraft:font/btooom_logo/btooom_logo_39.png","type":"bitmap","chars":["\uEA27"],"height":170},{"ascent":97,"file":"minecraft:font/btooom_logo/btooom_logo_40.png","type":"bitmap","chars":["\uEA28"],"height":170},{"ascent":97,"file":"minecraft:font/btooom_logo/btooom_logo_41.png","type":"bitmap","chars":["\uEA29"],"height":170},{"ascent":97,"file":"minecraft:font/btooom_logo/btooom_logo_42.png","type":"bitmap","chars":["\uEA2A"],"height":170},{"ascent":97,"file":"minecraft:font/btooom_logo/btooom_logo_43.png","type":"bitmap","chars":["\uEA2B"],"height":170},{"ascent":97,"file":"minecraft:font/btooom_logo/btooom_logo_44.png","type":"bitmap","chars":["\uEA2C"],"height":170},{"ascent":97,"file":"minecraft:font/btooom_logo/btooom_logo_45.png","type":"bitmap","chars":["\uEA2D"],"height":170},{"ascent":97,"file":"minecraft:font/btooom_logo/btooom_logo_46.png","type":"bitmap","chars":["\uEA2E"],"height":170},

        {"_commentaire": "ANIMATION DASH from EC00 to EC0E"},
        {"ascent":117,"file":"minecraft:font/dash/dash_0.png","type":"bitmap","chars":["\uEC00"],"height":240},{"ascent":117,"file":"minecraft:font/dash/dash_1.png","type":"bitmap","chars":["\uEC01"],"height":240},{"ascent":117,"file":"minecraft:font/dash/dash_2.png","type":"bitmap","chars":["\uEC02"],"height":240},{"ascent":117,"file":"minecraft:font/dash/dash_3.png","type":"bitmap","chars":["\uEC03"],"height":240},{"ascent":117,"file":"minecraft:font/dash/dash_4.png","type":"bitmap","chars":["\uEC04"],"height":240},{"ascent":117,"file":"minecraft:font/dash/dash_5.png","type":"bitmap","chars":["\uEC05"],"height":240},{"ascent":117,"file":"minecraft:font/dash/dash_6.png","type":"bitmap","chars":["\uEC06"],"height":240},{"ascent":117,"file":"minecraft:font/dash/dash_7.png","type":"bitmap","chars":["\uEC07"],"height":240},{"ascent":117,"file":"minecraft:font/dash/dash_8.png","type":"bitmap","chars":["\uEC08"],"height":240},{"ascent":117,"file":"minecraft:font/dash/dash_9.png","type":"bitmap","chars":["\uEC09"],"height":240},{"ascent":117,"file":"minecraft:font/dash/dash_10.png","type":"bitmap","chars":["\uEC0A"],"height":240},{"ascent":117,"file":"minecraft:font/dash/dash_11.png","type":"bitmap","chars":["\uEC0B"],"height":240},{"ascent":117,"file":"minecraft:font/dash/dash_12.png","type":"bitmap","chars":["\uEC0C"],"height":240},{"ascent":117,"file":"minecraft:font/dash/dash_13.png","type":"bitmap","chars":["\uEC0D"],"height":240},{"ascent":117,"file":"minecraft:font/dash/dash_14.png","type":"bitmap","chars":["\uEC0E"],"height":240},


        { "type": "bitmap", "ascent": 8, "height": 10,
            "chars": ["\uEE00"], "file": "minecraft:font/text_new.png"
        },
        { "type": "bitmap", "ascent": 8, "height": 10,
            "chars": ["\uEE01"], "file": "minecraft:font/text_boost.png"
        },
        { "type": "bitmap", "ascent": 8, "height": 10,
            "chars": ["\uEE02"], "file": "minecraft:font/text_chest.png"
        },
        { "type": "bitmap", "ascent": 8, "height": 10,
            "chars": ["\uEE03"], "file": "minecraft:font/text_bonus.png"
        },
        

        { "file": "minecraft:font/logo_btooom.png", "ascent": 20, "height": 80, "type": "bitmap",
            "chars": ["\uE900"]
        },
        { "file": "minecraft:font/logo_btooom_white.png", "ascent": 30, "height": 30, "type": "bitmap",
            "chars": ["\uE901"]
        },
        { "file": "minecraft:font/logo_btooom_white.png", "ascent": 30, "height": 100, "type": "bitmap",
            "chars": ["\uE902"]
        },
        { "file": "minecraft:font/logo_btooom_alpha.png", "ascent": 30, "height": 30, "type": "bitmap",
            "chars": ["\uE903"]
        }
    ]
}