{
    "parent": "builtin/entity",
    "display": {
        "gui": {
            "rotation": [ 0, 0, 0 ],
            "translation": [ 0, 8, 0 ],
            "scale": [ 2.1, 2.1, 2.1 ]
        },
        "fixed": {
            "rotation": [ 0, 180, 0 ],
            "translation": [ 0, 8, 0],
            "scale":[ 2, 2, 2 ]
        },
        "ground": {
            "rotation": [ 0, 0, 0 ],
            "translation": [ 0, 3, 0 ],
            "scale": [ 0.5, 0.5, 0.5 ]
        },
        "thirdperson_righthand": {
            "rotation": [ 75, 180, 0 ],
            "translation": [ 0, 2, 2.5 ],
            "scale": [ 0.5, 0.5, 0.5 ]
        },
        "firstperson_righthand": {
            "rotation": [ -20, -20, 0 ],
            "translation": [ -1, 6, 0 ],
            "scale": [ 0.5, 0.5, 0.5 ]
        }
    }
}
