{
  "parent": "minecraft:item/generated",
  "textures": {
    "layer0": "minecraft:block/light_gray_stained_glass"
  },
  "overrides": [
        {"predicate": {"custom_model_data": 1},"model": "custom/display/invisible"},
        {"predicate": {"custom_model_data": 2},"model": "custom/display/invisible"},
        {"predicate": {"custom_model_data": 3},"model": "custom/item/red_mark"},
        {"predicate": {"custom_model_data": 4},"model": "custom/item/blue_mark"},
        {"predicate": {"custom_model_data": 5},"model": "custom/item/green_mark"}
    ]
}