{
  "parent": "minecraft:item/generated",
  "textures": {
    "layer0": "minecraft:item/paper"
  },
  "overrides": [
        {"predicate": {"custom_model_data": 1},"model": "custom/display/invisible"},
        {"predicate": {"custom_model_data": 2},"model": "custom/item/lowar_big"},
        {"predicate": {"custom_model_data": 3},"model": "custom/item/rubis_big"},
        {"predicate": {"custom_model_data": 4},"model": "custom/item/sprinkler"},
        {"predicate": {"custom_model_data": 5},"model": "custom/item/xray"},
        {"predicate": {"custom_model_data": 6},"model": "custom/item/lock"},
        {"predicate": {"custom_model_data": 7},"model": "custom/item/craft"},
        {"predicate": {"custom_model_data": 8},"model": "custom/item/collect"}
    ]
}