{
    "parent": "minecraft:block/birch_button_inventory",
    "overrides": [
        {"predicate": {"custom_model_data": 1},"model": "misc/dash/red/1"},
        {"predicate": {"custom_model_data": 2},"model": "misc/dash/red/2"},
        {"predicate": {"custom_model_data": 3},"model": "misc/dash/red/3"},
        {"predicate": {"custom_model_data": 4},"model": "misc/dash/red/4"},
        {"predicate": {"custom_model_data": 5},"model": "misc/dash/red/5"},
        {"predicate": {"custom_model_data": 6},"model": "misc/dash/red/6"},
        {"predicate": {"custom_model_data": 7},"model": "misc/dash/red/7"},
        {"predicate": {"custom_model_data": 8},"model": "misc/dash/red/8"},
        {"predicate": {"custom_model_data": 9},"model": "misc/dash/red/9"},
        {"predicate": {"custom_model_data": 10},"model": "misc/dash/red/10"},
        {"predicate": {"custom_model_data": 11},"model": "misc/dash/red/11"},
        {"predicate": {"custom_model_data": 12},"model": "misc/dash/red/12"},
        {"predicate": {"custom_model_data": 13},"model": "misc/dash/red/13"},
        {"predicate": {"custom_model_data": 14},"model": "misc/dash/red/14"},
        {"predicate": {"custom_model_data": 15},"model": "misc/dash/red/15"},
        {"predicate": {"custom_model_data": 16},"model": "misc/dash/red/16"},
        {"predicate": {"custom_model_data": 17},"model": "misc/dash/red/17"},
        {"predicate": {"custom_model_data": 18},"model": "misc/dash/red/18"},
        {"predicate": {"custom_model_data": 19},"model": "misc/dash/red/19"},
        {"predicate": {"custom_model_data": 20},"model": "misc/dash/red/20"},
        {"predicate": {"custom_model_data": 101},"model": "misc/dash/green/1"},
        {"predicate": {"custom_model_data": 102},"model": "misc/dash/green/2"},
        {"predicate": {"custom_model_data": 103},"model": "misc/dash/green/3"},
        {"predicate": {"custom_model_data": 104},"model": "misc/dash/green/4"},
        {"predicate": {"custom_model_data": 105},"model": "misc/dash/green/5"},
        {"predicate": {"custom_model_data": 106},"model": "misc/dash/green/6"},
        {"predicate": {"custom_model_data": 107},"model": "misc/dash/green/7"},
        {"predicate": {"custom_model_data": 108},"model": "misc/dash/green/8"},
        {"predicate": {"custom_model_data": 109},"model": "misc/dash/green/9"},
        {"predicate": {"custom_model_data": 110},"model": "misc/dash/green/10"},
        {"predicate": {"custom_model_data": 111},"model": "misc/dash/green/11"},
        {"predicate": {"custom_model_data": 112},"model": "misc/dash/green/12"},
        {"predicate": {"custom_model_data": 113},"model": "misc/dash/green/13"},
        {"predicate": {"custom_model_data": 114},"model": "misc/dash/green/14"},
        {"predicate": {"custom_model_data": 115},"model": "misc/dash/green/15"},
        {"predicate": {"custom_model_data": 116},"model": "misc/dash/green/16"},
        {"predicate": {"custom_model_data": 117},"model": "misc/dash/green/17"},
        {"predicate": {"custom_model_data": 118},"model": "misc/dash/green/18"},
        {"predicate": {"custom_model_data": 119},"model": "misc/dash/green/19"},
        {"predicate": {"custom_model_data": 120},"model": "misc/dash/green/20"}
    ]
}