{
    "parent": "item/handheld",
    "textures": {
        "layer0": "mcbt/air"
    },
    "overrides": [
        {"predicate": {"damage": 0.0001},"model": "head/emma_watson"},
        {"predicate": {"damage": 0.0010},"model": "head/emma_roberts"},
        {"predicate": {"damage": 0.0015},"model": "head/emma_stone"},
        {"predicate": {"damage": 0.0020},"model": "head/squid"},
        {"predicate": {"damage": 0.0030},"model": "head/alien_ears"},
        {"predicate": {"damage": 0.0035},"model": "head/beerusears"},
        {"predicate": {"damage": 0.0040},"model": "head/cofee"},
        {"predicate": {"damage": 0.0050},"model": "head/cornes"},
        {"predicate": {"damage": 0.0055},"model": "head/bowl"},
        {"predicate": {"damage": 0.0060},"model": "head/blood_axe"},
        {"predicate": {"damage": 0.0065},"model": "head/cow"},
        {"predicate": {"damage": 0.0075},"model": "head/red_black_hat"},
        {"predicate": {"damage": 0.0080},"model": "head/luffy_one_piece"},
        {"predicate": {"damage": 0.0085},"model": "head/ace_one_piece"},
        {"predicate": {"damage": 0.0095},"model": "head/sabo_one_piece"},
        {"predicate": {"damage": 0.0100},"model": "head/stan_hat"},
        {"predicate": {"damage": 0.0105},"model": "head/sun_glass"},
        {"predicate": {"damage": 0.0115},"model": "head/night_vision"},
        {"predicate": {"damage": 0.0120},"model": "head/aviator_hat"},
        {"predicate": {"damage": 0.0125},"model": "head/mojojojo_brain"},
        {"predicate": {"damage": 0.0130},"model": "head/bottle"},
        {"predicate": {"damage": 0.0135},"model": "head/spacesuit"},
        {"predicate": {"damage": 0.0145},"model": "head/king"},
        {"predicate": {"damage": 0.0150},"model": "head/vlc"},
        {"predicate": {"damage": 0.0160},"model": "head/sherif"},
        {"predicate": {"damage": 0.0165},"model": "head/leprechaun"},
        {"predicate": {"damage": 0.0170},"model": "head/fish"},
        {"predicate": {"damage": 0.0175},"model": "head/roman_helmet"},
        {"predicate": {"damage": 0.0185},"model": "head/wizzard"},
        {"predicate": {"damage": 0.0190},"model": "head/disco"},
        {"predicate": {"damage": 0.0195},"model": "head/dark_vador"},
        {"predicate": {"damage": 0.0200},"model": "head/white_black_hat"},
        {"predicate": {"damage": 0.0210},"model": "head/halo"},
        {"predicate": {"damage": 0.0215},"model": "head/sheep"},
        {"predicate": {"damage": 0.0220},"model": "head/cake"},
        {"predicate": {"damage": 0.0225},"model": "head/guitar"},
        {"predicate": {"damage": 0.0235},"model": "head/bucket"}
    ]
}