{
 "parent": "item/generated",
  "textures": {
  "layer0": "block/light_gray_stained_glass"
 },
 "overrides": [
 {"predicate": {"custom_model_data": 1},"model": "gui/num_0_black"},
 {"predicate": {"custom_model_data": 2},"model": "gui/num_1_black"},
 {"predicate": {"custom_model_data": 3},"model": "gui/num_2_black"},
 {"predicate": {"custom_model_data": 4},"model": "gui/num_3_black"},
 {"predicate": {"custom_model_data": 5},"model": "gui/num_4_black"},
 {"predicate": {"custom_model_data": 6},"model": "gui/num_5_black"},
 {"predicate": {"custom_model_data": 7},"model": "gui/num_6_black"},
 {"predicate": {"custom_model_data": 8},"model": "gui/num_7_black"},
 {"predicate": {"custom_model_data": 9},"model": "gui/num_8_black"},
 {"predicate": {"custom_model_data": 10},"model": "gui/num_9_black"},
 {"predicate": {"custom_model_data": 11},"model": "gui/num_dot_black"},
 {"predicate": {"custom_model_data": 100},"model": "gui/background"},
 {"predicate": {"custom_model_data": 101},"model": "gui/logo_random"},
 {"predicate": {"custom_model_data": 109},"model": "gui/row_background"},
 {"predicate": {"custom_model_data": 200},"model": "tuto/bims/bim_implosion_video"}
 ]
}

