{
 "parent": "block/stone_button_inventory",
 "textures": {
 "layer0": "block/stone"
 },
 "overrides": [
 {"predicate": {"custom_model_data": 1},"model": "head/emma_watson"},
 {"predicate": {"custom_model_data": 2},"model": "head/emma_roberts"},
 {"predicate": {"custom_model_data": 3},"model": "head/emma_stone"},
 {"predicate": {"custom_model_data": 4},"model": "head/squid"},
 {"predicate": {"custom_model_data": 5},"model": "head/alien_ears"},
 {"predicate": {"custom_model_data": 6},"model": "head/beerusears"},
 {"predicate": {"custom_model_data": 7},"model": "head/cofee"},
 {"predicate": {"custom_model_data": 8},"model": "head/cornes"},
 {"predicate": {"custom_model_data": 9},"model": "head/bowl"},
 {"predicate": {"custom_model_data": 10},"model": "head/blood_axe"},
 {"predicate": {"custom_model_data": 11},"model": "head/cow"},
 {"predicate": {"custom_model_data": 12},"model": "head/red_black_hat"},
 {"predicate": {"custom_model_data": 13},"model": "head/luffy_one_piece"},
 {"predicate": {"custom_model_data": 14},"model": "head/ace_one_piece"},
 {"predicate": {"custom_model_data": 15},"model": "head/sabo_one_piece"},
 {"predicate": {"custom_model_data": 16},"model": "head/stan_hat"},
 {"predicate": {"custom_model_data": 17},"model": "head/sun_glass"},
 {"predicate": {"custom_model_data": 18},"model": "head/night_vision"},
 {"predicate": {"custom_model_data": 19},"model": "head/aviator_hat"},
 {"predicate": {"custom_model_data": 20},"model": "head/mojojojo_brain"},
 {"predicate": {"custom_model_data": 21},"model": "head/bottle"},
 {"predicate": {"custom_model_data": 22},"model": "head/spacesuit"},
 {"predicate": {"custom_model_data": 23},"model": "head/king"},
 {"predicate": {"custom_model_data": 24},"model": "head/vlc"},
 {"predicate": {"custom_model_data": 25},"model": "head/sherif"},
 {"predicate": {"custom_model_data": 26},"model": "head/leprechaun"},
 {"predicate": {"custom_model_data": 27},"model": "head/fish"},
 {"predicate": {"custom_model_data": 28},"model": "head/roman_helmet"},
 {"predicate": {"custom_model_data": 29},"model": "head/wizzard"},
 {"predicate": {"custom_model_data": 30},"model": "head/disco"},
 {"predicate": {"custom_model_data": 31},"model": "head/dark_vador"},
 {"predicate": {"custom_model_data": 32},"model": "head/white_black_hat"},
 {"predicate": {"custom_model_data": 33},"model": "head/halo"},
 {"predicate": {"custom_model_data": 34},"model": "head/sheep"},
 {"predicate": {"custom_model_data": 35},"model": "head/cake"},
 {"predicate": {"custom_model_data": 36},"model": "head/guitar"},
 {"predicate": {"custom_model_data": 37},"model": "head/bucket"}
 ]
}