{
    "providers": [

        { "type": "bitmap", "file": "minecraft:custom/space_split.png", "ascent": -32768, "height": -3, "chars": ["\uF801"] },
        { "type": "bitmap", "file": "minecraft:custom/space_split.png", "ascent": -32768, "height": -4, "chars": ["\uF802"] },
        { "type": "bitmap", "file": "minecraft:custom/space_split.png", "ascent": -32768, "height": -5, "chars": ["\uF803"] },
        { "type": "bitmap", "file": "minecraft:custom/space_split.png", "ascent": -32768, "height": -6, "chars": ["\uF804"] },
        { "type": "bitmap", "file": "minecraft:custom/space_split.png", "ascent": -32768, "height": -7, "chars": ["\uF805"] },
        { "type": "bitmap", "file": "minecraft:custom/space_split.png", "ascent": -32768, "height": -8, "chars": ["\uF806"] },
        { "type": "bitmap", "file": "minecraft:custom/space_split.png", "ascent": -32768, "height": -9, "chars": ["\uF807"] },
        { "type": "bitmap", "file": "minecraft:custom/space_split.png", "ascent": -32768, "height": -10, "chars": ["\uF808"] },

        { "type": "bitmap", "file": "minecraft:custom/space_split.png", "ascent": -32768, "height": -18, "chars": ["\uF809"] },
        { "type": "bitmap", "file": "minecraft:custom/space_split.png", "ascent": -32768, "height": -34, "chars": ["\uF80A"] },
        { "type": "bitmap", "file": "minecraft:custom/space_split.png", "ascent": -32768, "height": -66, "chars": ["\uF80B"] },
        { "type": "bitmap", "file": "minecraft:custom/space_split.png", "ascent": -32768, "height": -130, "chars": ["\uF80C"] },
        { "type": "bitmap", "file": "minecraft:custom/space_split.png", "ascent": -32768, "height": -258, "chars": ["\uF80D"] },
        { "type": "bitmap", "file": "minecraft:custom/space_split.png", "ascent": -32768, "height": -514, "chars": ["\uF80E"] },
        { "type": "bitmap", "file": "minecraft:custom/space_split.png", "ascent": -32768, "height": -1026, "chars": ["\uF80F", "\uF800"] },

        { "type": "bitmap", "file": "minecraft:custom/space_split.png", "ascent": -32768, "height": 0, "chars": ["\uF821"] },
        { "type": "bitmap", "file": "minecraft:custom/space_split.png", "ascent": -32768, "height": 1, "chars": ["\uF822"] },
        { "type": "bitmap", "file": "minecraft:custom/space_split.png", "ascent": -32768, "height": 2, "chars": ["\uF823"] },
        { "type": "bitmap", "file": "minecraft:custom/space_split.png", "ascent": -32768, "height": 3, "chars": ["\uF824"] },
        { "type": "bitmap", "file": "minecraft:custom/space_split.png", "ascent": -32768, "height": 4, "chars": ["\uF825"] },
        { "type": "bitmap", "file": "minecraft:custom/space_split.png", "ascent": -32768, "height": 5, "chars": ["\uF826"] },
        { "type": "bitmap", "file": "minecraft:custom/space_split.png", "ascent": -32768, "height": 6, "chars": ["\uF827"] },
        { "type": "bitmap", "file": "minecraft:custom/space_split.png", "ascent": -32768, "height": 7, "chars": ["\uF828"] },

        { "type": "bitmap", "file": "minecraft:custom/space_split.png", "ascent": -32768, "height": 15, "chars": ["\uF829"] },
        { "type": "bitmap", "file": "minecraft:custom/space_split.png", "ascent": -32768, "height": 31, "chars": ["\uF82A"] },
        { "type": "bitmap", "file": "minecraft:custom/space_split.png", "ascent": -32768, "height": 63, "chars": ["\uF82B"] },
        { "type": "bitmap", "file": "minecraft:custom/space_split.png", "ascent": -32768, "height": 127, "chars": ["\uF82C"] },
        { "type": "bitmap", "file": "minecraft:custom/space_split.png", "ascent": -32768, "height": 255, "chars": ["\uF82D"] },
        { "type": "bitmap", "file": "minecraft:custom/space_split.png", "ascent": -32768, "height": 511, "chars": ["\uF82E"] },
        { "type": "bitmap", "file": "minecraft:custom/space_split.png", "ascent": -32768, "height": 1023, "chars": ["\uF82F", "\uF820"] },


        {"type": "bitmap", "file": "minecraft:custom/pixel_4_32.png",
            "chars": ["\uA007"], "ascent": 0, "height": 32
        },
        {"type": "bitmap", "file": "minecraft:custom/pixel_4_32.png",
            "chars": ["\uA006"], "ascent": 4, "height": 32
        },
        {"type": "bitmap", "file": "minecraft:custom/pixel_4_32.png",
            "chars": ["\uA005"], "ascent": 8, "height": 32
        },
        {"type": "bitmap", "file": "minecraft:custom/pixel_4_32.png",
            "chars": ["\uA004"], "ascent": 12, "height": 32
        },
        {"type": "bitmap", "file": "minecraft:custom/pixel_4_32.png",
            "chars": ["\uA003"], "ascent": 16, "height": 32
        },
        {"type": "bitmap", "file": "minecraft:custom/pixel_4_32.png",
            "chars": ["\uA002"], "ascent": 20, "height": 32
        },
        {"type": "bitmap", "file": "minecraft:custom/pixel_4_32.png",
            "chars": ["\uA001"], "ascent": 24, "height": 32
        },
        {"type": "bitmap", "file": "minecraft:custom/pixel_4_32.png",
            "chars": ["\uA000"], "ascent": 28, "height": 32
        },

        {"type": "bitmap", "file": "minecraft:custom/pixel_8.png",
            "chars": ["\uA010"], "ascent": 7, "height": 8
        },
        {"type": "bitmap", "file": "minecraft:custom/pixel_8.png",
            "chars": ["\uA011"], "ascent": 6, "height": 8
        },
        {"type": "bitmap", "file": "minecraft:custom/pixel_8.png",
            "chars": ["\uA012"], "ascent": 5, "height": 8
        },
        {"type": "bitmap", "file": "minecraft:custom/pixel_8.png",
            "chars": ["\uA013"], "ascent": 4, "height": 8
        },
        {"type": "bitmap", "file": "minecraft:custom/pixel_8.png",
            "chars": ["\uA014"], "ascent": 3, "height": 8
        },
        {"type": "bitmap", "file": "minecraft:custom/pixel_8.png",
            "chars": ["\uA015"], "ascent": 2, "height": 8
        },
        {"type": "bitmap", "file": "minecraft:custom/pixel_8.png",
            "chars": ["\uA016"], "ascent": 1, "height": 8
        },
        {"type": "bitmap", "file": "minecraft:custom/pixel_8.png",
            "chars": ["\uA017"], "ascent": 0, "height": 8
        },

        {"type": "bitmap", "ascent": 10, "height": 11,
            "chars": ["\uE000"], "file": "minecraft:custom/rubis.png"
        },
        {"type": "bitmap", "ascent": 7, "height": 9,
            "chars": ["\uE001"], "file": "minecraft:custom/lowar.png"
        },
        {"type": "bitmap", "ascent": 7, "height": 9,
            "chars": ["\uE002"], "file": "minecraft:custom/ticket.png"
        },
        {"type": "bitmap", "ascent": 8, "height": 9,
            "chars": ["\uE003"], "file": "minecraft:custom/shellfish.png"
        },

        {"chars": ["\uE007"], "file": "minecraft:custom/rain.png", "type": "bitmap", "ascent": 9, "height": 11},
        {"chars": ["\uE008"], "file": "minecraft:custom/storm.png", "type": "bitmap", "ascent": 9, "height": 11},
        {"chars": ["\uE009"], "file": "minecraft:custom/sun.png", "type": "bitmap", "ascent": 9, "height": 11},
        
        {"chars": ["\uE010"], "file": "minecraft:custom/blood_moon.png", "type": "bitmap", "ascent": 9, "height": 11},
        {"chars": ["\uE011"], "file": "minecraft:custom/moon_1.png", "type": "bitmap", "ascent": 9, "height": 11},
        {"chars": ["\uE012"], "file": "minecraft:custom/moon_2.png", "type": "bitmap", "ascent": 9, "height": 11},
        {"chars": ["\uE013"], "file": "minecraft:custom/moon_3.png", "type": "bitmap", "ascent": 9, "height": 11},
        {"chars": ["\uE014"], "file": "minecraft:custom/moon_4.png", "type": "bitmap", "ascent": 9, "height": 11},
        {"chars": ["\uE015"], "file": "minecraft:custom/moon_5.png", "type": "bitmap", "ascent": 9, "height": 11},
        {"chars": ["\uE016"], "file": "minecraft:custom/moon_6.png", "type": "bitmap", "ascent": 9, "height": 11},
        {"chars": ["\uE017"], "file": "minecraft:custom/moon_7.png", "type": "bitmap", "ascent": 9, "height": 11},
        {"chars": ["\uE018"], "file": "minecraft:custom/moon_8.png", "type": "bitmap", "ascent": 9, "height": 11},

        {"chars": ["\uE020"], "file": "minecraft:custom/heads/axolotl.png", "type": "bitmap", "ascent": 9, "height": 11},
        {"chars": ["\uE021"], "file": "minecraft:custom/heads/bee.png", "type": "bitmap", "ascent": 9, "height": 11},
        {"chars": ["\uE022"], "file": "minecraft:custom/heads/brown_mushroom.png", "type": "bitmap", "ascent": 9, "height": 11},
        {"chars": ["\uE023"], "file": "minecraft:custom/heads/cat.png", "type": "bitmap", "ascent": 9, "height": 11},
        {"chars": ["\uE024"], "file": "minecraft:custom/heads/chicken.png", "type": "bitmap", "ascent": 9, "height": 11},
        {"chars": ["\uE025"], "file": "minecraft:custom/heads/cow.png", "type": "bitmap", "ascent": 9, "height": 11},
        {"chars": ["\uE026"], "file": "minecraft:custom/heads/donkey.png", "type": "bitmap", "ascent": 9, "height": 11},
        {"chars": ["\uE027"], "file": "minecraft:custom/heads/fox.png", "type": "bitmap", "ascent": 9, "height": 11},
        {"chars": ["\uE028"], "file": "minecraft:custom/heads/frog.png", "type": "bitmap", "ascent": 9, "height": 11},
        {"chars": ["\uE029"], "file": "minecraft:custom/heads/goat.png", "type": "bitmap", "ascent": 9, "height": 11},
        {"chars": ["\uE030"], "file": "minecraft:custom/heads/hoglin.png", "type": "bitmap", "ascent": 9, "height": 11},
        {"chars": ["\uE031"], "file": "minecraft:custom/heads/horse.png", "type": "bitmap", "ascent": 9, "height": 11},
        {"chars": ["\uE032"], "file": "minecraft:custom/heads/llama.png", "type": "bitmap", "ascent": 9, "height": 11},
        {"chars": ["\uE033"], "file": "minecraft:custom/heads/mushroom.png", "type": "bitmap", "ascent": 9, "height": 11},
        {"chars": ["\uE034"], "file": "minecraft:custom/heads/ocelot.png", "type": "bitmap", "ascent": 9, "height": 11},
        {"chars": ["\uE035"], "file": "minecraft:custom/heads/panda.png", "type": "bitmap", "ascent": 9, "height": 11},
        {"chars": ["\uE036"], "file": "minecraft:custom/heads/pig.png", "type": "bitmap", "ascent": 9, "height": 11},
        {"chars": ["\uE037"], "file": "minecraft:custom/heads/rabbit.png", "type": "bitmap", "ascent": 9, "height": 11},
        {"chars": ["\uE038"], "file": "minecraft:custom/heads/sheep.png", "type": "bitmap", "ascent": 9, "height": 11},
        {"chars": ["\uE039"], "file": "minecraft:custom/heads/strider.png", "type": "bitmap", "ascent": 9, "height": 11},
        {"chars": ["\uE040"], "file": "minecraft:custom/heads/trader_llama.png", "type": "bitmap", "ascent": 9, "height": 11},
        {"chars": ["\uE041"], "file": "minecraft:custom/heads/turtle.png", "type": "bitmap", "ascent": 9, "height": 11},
        {"chars": ["\uE042"], "file": "minecraft:custom/heads/wolf.png", "type": "bitmap", "ascent": 9, "height": 11},
    
        {"chars": ["\uE100"], "file": "minecraft:item/wheat.png", "type": "bitmap", "ascent": 9, "height": 11},
        {"chars": ["\uE101"], "file": "minecraft:item/carrot.png", "type": "bitmap", "ascent": 9, "height": 11},
        {"chars": ["\uE102"], "file": "minecraft:item/potato.png", "type": "bitmap", "ascent": 9, "height": 11},
        {"chars": ["\uE103"], "file": "minecraft:item/beetroot.png", "type": "bitmap", "ascent": 9, "height": 11},
        {"chars": ["\uE104"], "file": "minecraft:item/sugar_cane.png", "type": "bitmap", "ascent": 9, "height": 11},
        {"chars": ["\uE105"], "file": "minecraft:item/bamboo.png", "type": "bitmap", "ascent": 9, "height": 11},
        {"chars": ["\uE106"], "file": "minecraft:item/sweet_berries.png", "type": "bitmap", "ascent": 9, "height": 11},
        {"chars": ["\uE107"], "file": "minecraft:block/red_mushroom.png", "type": "bitmap", "ascent": 9, "height": 11},
        {"chars": ["\uE108"], "file": "minecraft:block/brown_mushroom.png", "type": "bitmap", "ascent": 9, "height": 11},
        {"chars": ["\uE109"], "file": "minecraft:block/cactus_side.png", "type": "bitmap", "ascent": 9, "height": 11},
        {"chars": ["\uE10A"], "file": "minecraft:item/melon_slice.png", "type": "bitmap", "ascent": 9, "height": 11},
        {"chars": ["\uE10B"], "file": "minecraft:block/pumpkin_side.png", "type": "bitmap", "ascent": 9, "height": 11},
    
        {"chars": ["\uE110"], "file": "minecraft:custom/nether_portal.png", "type": "bitmap", "ascent": 9, "height": 11},
        {"chars": ["\uE111"], "file": "minecraft:custom/xp.png", "type": "bitmap", "ascent": 9, "height": 11},
  
        {"chars": ["\uE200"], "file": "minecraft:custom/food.png", "type": "bitmap", "ascent": 9, "height": 11},
        {"chars": ["\uE201"], "file": "minecraft:custom/water.png", "type": "bitmap", "ascent": 10, "height": 12},
        {"chars": ["\uE202"], "file": "minecraft:custom/red_bed.png", "type": "bitmap", "ascent": 10, "height": 12},

        {"chars": ["\uE300"], "file": "minecraft:custom/info_logo.png", "type": "bitmap", "ascent": 8, "height": 9},
        {"chars": ["\uE301"], "file": "minecraft:custom/url_bar_left.png", "type": "bitmap", "ascent": 8, "height": 9},
        {"chars": ["\uE302"], "file": "minecraft:custom/url_bar_right.png", "type": "bitmap", "ascent": 8, "height": 9},
        {"chars": ["\uE303"], "file": "minecraft:custom/error_logo.png", "type": "bitmap", "ascent": 8, "height": 9},

        {"chars": ["\uE400"], "file": "minecraft:custom/jobs/fisherman.png", "type": "bitmap", "ascent": 8, "height": 9},
        {"chars": ["\uE401"], "file": "minecraft:custom/jobs/farmer.png", "type": "bitmap", "ascent": 8, "height": 9},
        {"chars": ["\uE402"], "file": "minecraft:custom/jobs/butcher.png", "type": "bitmap", "ascent": 8, "height": 9},
        {"chars": ["\uE403"], "file": "minecraft:custom/jobs/lumberjack.png", "type": "bitmap", "ascent": 8, "height": 9},
        {"chars": ["\uE404"], "file": "minecraft:custom/jobs/cooker.png", "type": "bitmap", "ascent": 8, "height": 9},
        {"chars": ["\uE405"], "file": "minecraft:custom/jobs/crafter.png", "type": "bitmap", "ascent": 8, "height": 9},

        {"chars": ["\uE500"], "file": "minecraft:custom/clock/clock_00.png", "type": "bitmap", "ascent": 8, "height": 9},
        {"chars": ["\uE5F0"], "file": "minecraft:custom/earth.png", "type": "bitmap", "ascent": 8, "height": 9},

        {"chars": ["\uF000"], "file": "minecraft:custom/gui/calendar.png", "type": "bitmap", "ascent": 13, "height": 256},
        {"chars": ["\uF001"], "file": "minecraft:custom/gui/bank.png", "type": "bitmap", "ascent": 13, "height": 256},
        {"chars": ["\uF002"], "file": "minecraft:custom/gui/1_row.png", "type": "bitmap", "ascent": 13, "height": 256},
        {"chars": ["\uF003"], "file": "minecraft:custom/gui/nutrition.png", "type": "bitmap", "ascent": 27, "height": 27},

        {"chars":["\uea00"],"file":"minecraft:custom/havenblock_logo/textured/left/00.png","type":"bitmap","height":170,"ascent":97},{"chars":["\uea01"],"file":"minecraft:custom/havenblock_logo/textured/left/01.png","type":"bitmap","height":170,"ascent":97},{"chars":["\uea02"],"file":"minecraft:custom/havenblock_logo/textured/left/02.png","type":"bitmap","height":170,"ascent":97},{"chars":["\uea03"],"file":"minecraft:custom/havenblock_logo/textured/left/03.png","type":"bitmap","height":170,"ascent":97},{"chars":["\uea04"],"file":"minecraft:custom/havenblock_logo/textured/left/04.png","type":"bitmap","height":170,"ascent":97},{"chars":["\uea05"],"file":"minecraft:custom/havenblock_logo/textured/left/05.png","type":"bitmap","height":170,"ascent":97},{"chars":["\uea06"],"file":"minecraft:custom/havenblock_logo/textured/left/06.png","type":"bitmap","height":170,"ascent":97},{"chars":["\uea07"],"file":"minecraft:custom/havenblock_logo/textured/left/07.png","type":"bitmap","height":170,"ascent":97},{"chars":["\uea08"],"file":"minecraft:custom/havenblock_logo/textured/left/08.png","type":"bitmap","height":170,"ascent":97},{"chars":["\uea09"],"file":"minecraft:custom/havenblock_logo/textured/left/09.png","type":"bitmap","height":170,"ascent":97},{"chars":["\uea0a"],"file":"minecraft:custom/havenblock_logo/textured/left/10.png","type":"bitmap","height":170,"ascent":97},{"chars":["\uea0b"],"file":"minecraft:custom/havenblock_logo/textured/left/11.png","type":"bitmap","height":170,"ascent":97},{"chars":["\uea0c"],"file":"minecraft:custom/havenblock_logo/textured/left/12.png","type":"bitmap","height":170,"ascent":97},{"chars":["\uea0d"],"file":"minecraft:custom/havenblock_logo/textured/left/13.png","type":"bitmap","height":170,"ascent":97},{"chars":["\uea0e"],"file":"minecraft:custom/havenblock_logo/textured/left/14.png","type":"bitmap","height":170,"ascent":97},{"chars":["\uea0f"],"file":"minecraft:custom/havenblock_logo/textured/left/15.png","type":"bitmap","height":170,"ascent":97},{"chars":["\uea10"],"file":"minecraft:custom/havenblock_logo/textured/left/16.png","type":"bitmap","height":170,"ascent":97},{"chars":["\uea11"],"file":"minecraft:custom/havenblock_logo/textured/left/17.png","type":"bitmap","height":170,"ascent":97},{"chars":["\uea12"],"file":"minecraft:custom/havenblock_logo/textured/left/18.png","type":"bitmap","height":170,"ascent":97},{"chars":["\uea13"],"file":"minecraft:custom/havenblock_logo/textured/left/19.png","type":"bitmap","height":170,"ascent":97},{"chars":["\uea14"],"file":"minecraft:custom/havenblock_logo/textured/left/20.png","type":"bitmap","height":170,"ascent":97},{"chars":["\uea15"],"file":"minecraft:custom/havenblock_logo/textured/left/21.png","type":"bitmap","height":170,"ascent":97},{"chars":["\uea16"],"file":"minecraft:custom/havenblock_logo/textured/left/22.png","type":"bitmap","height":170,"ascent":97},{"chars":["\uea17"],"file":"minecraft:custom/havenblock_logo/textured/left/23.png","type":"bitmap","height":170,"ascent":97},{"chars":["\uea18"],"file":"minecraft:custom/havenblock_logo/textured/left/24.png","type":"bitmap","height":170,"ascent":97},{"chars":["\uea19"],"file":"minecraft:custom/havenblock_logo/textured/left/25.png","type":"bitmap","height":170,"ascent":97},{"chars":["\uea1a"],"file":"minecraft:custom/havenblock_logo/textured/left/26.png","type":"bitmap","height":170,"ascent":97},{"chars":["\uea1b"],"file":"minecraft:custom/havenblock_logo/textured/left/27.png","type":"bitmap","height":170,"ascent":97},{"chars":["\uea1c"],"file":"minecraft:custom/havenblock_logo/textured/left/28.png","type":"bitmap","height":170,"ascent":97},{"chars":["\uea1d"],"file":"minecraft:custom/havenblock_logo/textured/left/29.png","type":"bitmap","height":170,"ascent":97},{"chars":["\uea1e"],"file":"minecraft:custom/havenblock_logo/textured/left/30.png","type":"bitmap","height":170,"ascent":97},{"chars":["\uea1f"],"file":"minecraft:custom/havenblock_logo/textured/left/31.png","type":"bitmap","height":170,"ascent":97},{"chars":["\uea20"],"file":"minecraft:custom/havenblock_logo/textured/left/32.png","type":"bitmap","height":170,"ascent":97},{"chars":["\uea21"],"file":"minecraft:custom/havenblock_logo/textured/left/33.png","type":"bitmap","height":170,"ascent":97},{"chars":["\uea22"],"file":"minecraft:custom/havenblock_logo/textured/left/34.png","type":"bitmap","height":170,"ascent":97},{"chars":["\uea23"],"file":"minecraft:custom/havenblock_logo/textured/left/35.png","type":"bitmap","height":170,"ascent":97},{"chars":["\uea24"],"file":"minecraft:custom/havenblock_logo/textured/left/36.png","type":"bitmap","height":170,"ascent":97},{"chars":["\uea25"],"file":"minecraft:custom/havenblock_logo/textured/left/37.png","type":"bitmap","height":170,"ascent":97},{"chars":["\uea26"],"file":"minecraft:custom/havenblock_logo/textured/left/38.png","type":"bitmap","height":170,"ascent":97},{"chars":["\uea27"],"file":"minecraft:custom/havenblock_logo/textured/left/39.png","type":"bitmap","height":170,"ascent":97},{"chars":["\uea28"],"file":"minecraft:custom/havenblock_logo/textured/left/40.png","type":"bitmap","height":170,"ascent":97},{"chars":["\uea29"],"file":"minecraft:custom/havenblock_logo/textured/left/41.png","type":"bitmap","height":170,"ascent":97},{"chars":["\uea2a"],"file":"minecraft:custom/havenblock_logo/textured/left/42.png","type":"bitmap","height":170,"ascent":97},{"chars":["\uea2b"],"file":"minecraft:custom/havenblock_logo/textured/left/43.png","type":"bitmap","height":170,"ascent":97},{"chars":["\uea2c"],"file":"minecraft:custom/havenblock_logo/textured/left/44.png","type":"bitmap","height":170,"ascent":97},{"chars":["\uea2d"],"file":"minecraft:custom/havenblock_logo/textured/left/45.png","type":"bitmap","height":170,"ascent":97},{"chars":["\uea2e"],"file":"minecraft:custom/havenblock_logo/textured/left/46.png","type":"bitmap","height":170,"ascent":97},{"chars":["\uea2f"],"file":"minecraft:custom/havenblock_logo/textured/left/47.png","type":"bitmap","height":170,"ascent":97},{"chars":["\uea30"],"file":"minecraft:custom/havenblock_logo/textured/left/48.png","type":"bitmap","height":170,"ascent":97},{"chars":["\uea31"],"file":"minecraft:custom/havenblock_logo/textured/left/49.png","type":"bitmap","height":170,"ascent":97},{"chars":["\uea32"],"file":"minecraft:custom/havenblock_logo/textured/left/50.png","type":"bitmap","height":170,"ascent":97},{"chars":["\uea33"],"file":"minecraft:custom/havenblock_logo/textured/left/51.png","type":"bitmap","height":170,"ascent":97},{"chars":["\uea34"],"file":"minecraft:custom/havenblock_logo/textured/left/52.png","type":"bitmap","height":170,"ascent":97},{"chars":["\uea35"],"file":"minecraft:custom/havenblock_logo/textured/left/53.png","type":"bitmap","height":170,"ascent":97},{"chars":["\uea36"],"file":"minecraft:custom/havenblock_logo/textured/left/54.png","type":"bitmap","height":170,"ascent":97},{"chars":["\uea37"],"file":"minecraft:custom/havenblock_logo/textured/left/55.png","type":"bitmap","height":170,"ascent":97},{"chars":["\uea38"],"file":"minecraft:custom/havenblock_logo/textured/left/56.png","type":"bitmap","height":170,"ascent":97},{"chars":["\uea39"],"file":"minecraft:custom/havenblock_logo/textured/left/57.png","type":"bitmap","height":170,"ascent":97},{"chars":["\uea3a"],"file":"minecraft:custom/havenblock_logo/textured/left/58.png","type":"bitmap","height":170,"ascent":97},{"chars":["\uea3b"],"file":"minecraft:custom/havenblock_logo/textured/left/59.png","type":"bitmap","height":170,"ascent":97},{"chars":["\uea3c"],"file":"minecraft:custom/havenblock_logo/textured/left/60.png","type":"bitmap","height":170,"ascent":97},{"chars":["\uea3d"],"file":"minecraft:custom/havenblock_logo/textured/left/61.png","type":"bitmap","height":170,"ascent":97},{"chars":["\uea3e"],"file":"minecraft:custom/havenblock_logo/textured/left/62.png","type":"bitmap","height":170,"ascent":97},{"chars":["\uea3f"],"file":"minecraft:custom/havenblock_logo/textured/left/63.png","type":"bitmap","height":170,"ascent":97},{"chars":["\uea40"],"file":"minecraft:custom/havenblock_logo/textured/left/64.png","type":"bitmap","height":170,"ascent":97},{"chars":["\uea41"],"file":"minecraft:custom/havenblock_logo/textured/left/65.png","type":"bitmap","height":170,"ascent":97},{"chars":["\uea42"],"file":"minecraft:custom/havenblock_logo/textured/left/66.png","type":"bitmap","height":170,"ascent":97},{"chars":["\uea43"],"file":"minecraft:custom/havenblock_logo/textured/left/67.png","type":"bitmap","height":170,"ascent":97},{"chars":["\uea44"],"file":"minecraft:custom/havenblock_logo/textured/left/68.png","type":"bitmap","height":170,"ascent":97},{"chars":["\uea45"],"file":"minecraft:custom/havenblock_logo/textured/left/69.png","type":"bitmap","height":170,"ascent":97},{"chars":["\uea46"],"file":"minecraft:custom/havenblock_logo/textured/left/70.png","type":"bitmap","height":170,"ascent":97},{"chars":["\uea47"],"file":"minecraft:custom/havenblock_logo/textured/left/71.png","type":"bitmap","height":170,"ascent":97},{"chars":["\uea48"],"file":"minecraft:custom/havenblock_logo/textured/left/72.png","type":"bitmap","height":170,"ascent":97},{"chars":["\uea49"],"file":"minecraft:custom/havenblock_logo/textured/left/73.png","type":"bitmap","height":170,"ascent":97},{"chars":["\uea4a"],"file":"minecraft:custom/havenblock_logo/textured/left/74.png","type":"bitmap","height":170,"ascent":97},{"chars":["\uea4b"],"file":"minecraft:custom/havenblock_logo/textured/left/75.png","type":"bitmap","height":170,"ascent":97},{"chars":["\uea4c"],"file":"minecraft:custom/havenblock_logo/textured/left/76.png","type":"bitmap","height":170,"ascent":97},{"chars":["\uea4d"],"file":"minecraft:custom/havenblock_logo/textured/left/77.png","type":"bitmap","height":170,"ascent":97},{"chars":["\uea4e"],"file":"minecraft:custom/havenblock_logo/textured/left/78.png","type":"bitmap","height":170,"ascent":97},{"chars":["\uea4f"],"file":"minecraft:custom/havenblock_logo/textured/left/79.png","type":"bitmap","height":170,"ascent":97},{"chars":["\uea50"],"file":"minecraft:custom/havenblock_logo/textured/left/80.png","type":"bitmap","height":170,"ascent":97},{"chars":["\uea51"],"file":"minecraft:custom/havenblock_logo/textured/left/81.png","type":"bitmap","height":170,"ascent":97},{"chars":["\uea52"],"file":"minecraft:custom/havenblock_logo/textured/left/82.png","type":"bitmap","height":170,"ascent":97},{"chars":["\uea53"],"file":"minecraft:custom/havenblock_logo/textured/left/83.png","type":"bitmap","height":170,"ascent":97},{"chars":["\uea54"],"file":"minecraft:custom/havenblock_logo/textured/left/84.png","type":"bitmap","height":170,"ascent":97},{"chars":["\uea55"],"file":"minecraft:custom/havenblock_logo/textured/left/85.png","type":"bitmap","height":170,"ascent":97},{"chars":["\uea56"],"file":"minecraft:custom/havenblock_logo/textured/left/86.png","type":"bitmap","height":170,"ascent":97},{"chars":["\uea57"],"file":"minecraft:custom/havenblock_logo/textured/left/87.png","type":"bitmap","height":170,"ascent":97},{"chars":["\uea58"],"file":"minecraft:custom/havenblock_logo/textured/left/88.png","type":"bitmap","height":170,"ascent":97},{"chars":["\uea59"],"file":"minecraft:custom/havenblock_logo/textured/left/89.png","type":"bitmap","height":170,"ascent":97},{"chars":["\uea5a"],"file":"minecraft:custom/havenblock_logo/textured/left/90.png","type":"bitmap","height":170,"ascent":97},{"chars":["\uea5b"],"file":"minecraft:custom/havenblock_logo/textured/left/91.png","type":"bitmap","height":170,"ascent":97},{"chars":["\uea5c"],"file":"minecraft:custom/havenblock_logo/textured/left/92.png","type":"bitmap","height":170,"ascent":97},{"chars":["\uea5d"],"file":"minecraft:custom/havenblock_logo/textured/left/93.png","type":"bitmap","height":170,"ascent":97},{"chars":["\uea5e"],"file":"minecraft:custom/havenblock_logo/textured/left/94.png","type":"bitmap","height":170,"ascent":97},{"chars":["\uea5f"],"file":"minecraft:custom/havenblock_logo/textured/left/95.png","type":"bitmap","height":170,"ascent":97},{"chars":["\uea60"],"file":"minecraft:custom/havenblock_logo/textured/left/96.png","type":"bitmap","height":170,"ascent":97},{"chars":["\uea61"],"file":"minecraft:custom/havenblock_logo/textured/left/97.png","type":"bitmap","height":170,"ascent":97},{"chars":["\uea62"],"file":"minecraft:custom/havenblock_logo/textured/left/98.png","type":"bitmap","height":170,"ascent":97},{"chars":["\uea63"],"file":"minecraft:custom/havenblock_logo/textured/left/99.png","type":"bitmap","height":170,"ascent":97},
        {"chars":["\ueb00"],"file":"minecraft:custom/havenblock_logo/textured/right/00.png","type":"bitmap","height":170,"ascent":97},{"chars":["\ueb01"],"file":"minecraft:custom/havenblock_logo/textured/right/01.png","type":"bitmap","height":170,"ascent":97},{"chars":["\ueb02"],"file":"minecraft:custom/havenblock_logo/textured/right/02.png","type":"bitmap","height":170,"ascent":97},{"chars":["\ueb03"],"file":"minecraft:custom/havenblock_logo/textured/right/03.png","type":"bitmap","height":170,"ascent":97},{"chars":["\ueb04"],"file":"minecraft:custom/havenblock_logo/textured/right/04.png","type":"bitmap","height":170,"ascent":97},{"chars":["\ueb05"],"file":"minecraft:custom/havenblock_logo/textured/right/05.png","type":"bitmap","height":170,"ascent":97},{"chars":["\ueb06"],"file":"minecraft:custom/havenblock_logo/textured/right/06.png","type":"bitmap","height":170,"ascent":97},{"chars":["\ueb07"],"file":"minecraft:custom/havenblock_logo/textured/right/07.png","type":"bitmap","height":170,"ascent":97},{"chars":["\ueb08"],"file":"minecraft:custom/havenblock_logo/textured/right/08.png","type":"bitmap","height":170,"ascent":97},{"chars":["\ueb09"],"file":"minecraft:custom/havenblock_logo/textured/right/09.png","type":"bitmap","height":170,"ascent":97},{"chars":["\ueb0a"],"file":"minecraft:custom/havenblock_logo/textured/right/10.png","type":"bitmap","height":170,"ascent":97},{"chars":["\ueb0b"],"file":"minecraft:custom/havenblock_logo/textured/right/11.png","type":"bitmap","height":170,"ascent":97},{"chars":["\ueb0c"],"file":"minecraft:custom/havenblock_logo/textured/right/12.png","type":"bitmap","height":170,"ascent":97},{"chars":["\ueb0d"],"file":"minecraft:custom/havenblock_logo/textured/right/13.png","type":"bitmap","height":170,"ascent":97},{"chars":["\ueb0e"],"file":"minecraft:custom/havenblock_logo/textured/right/14.png","type":"bitmap","height":170,"ascent":97},{"chars":["\ueb0f"],"file":"minecraft:custom/havenblock_logo/textured/right/15.png","type":"bitmap","height":170,"ascent":97},{"chars":["\ueb10"],"file":"minecraft:custom/havenblock_logo/textured/right/16.png","type":"bitmap","height":170,"ascent":97},{"chars":["\ueb11"],"file":"minecraft:custom/havenblock_logo/textured/right/17.png","type":"bitmap","height":170,"ascent":97},{"chars":["\ueb12"],"file":"minecraft:custom/havenblock_logo/textured/right/18.png","type":"bitmap","height":170,"ascent":97},{"chars":["\ueb13"],"file":"minecraft:custom/havenblock_logo/textured/right/19.png","type":"bitmap","height":170,"ascent":97},{"chars":["\ueb14"],"file":"minecraft:custom/havenblock_logo/textured/right/20.png","type":"bitmap","height":170,"ascent":97},{"chars":["\ueb15"],"file":"minecraft:custom/havenblock_logo/textured/right/21.png","type":"bitmap","height":170,"ascent":97},{"chars":["\ueb16"],"file":"minecraft:custom/havenblock_logo/textured/right/22.png","type":"bitmap","height":170,"ascent":97},{"chars":["\ueb17"],"file":"minecraft:custom/havenblock_logo/textured/right/23.png","type":"bitmap","height":170,"ascent":97},{"chars":["\ueb18"],"file":"minecraft:custom/havenblock_logo/textured/right/24.png","type":"bitmap","height":170,"ascent":97},{"chars":["\ueb19"],"file":"minecraft:custom/havenblock_logo/textured/right/25.png","type":"bitmap","height":170,"ascent":97},{"chars":["\ueb1a"],"file":"minecraft:custom/havenblock_logo/textured/right/26.png","type":"bitmap","height":170,"ascent":97},{"chars":["\ueb1b"],"file":"minecraft:custom/havenblock_logo/textured/right/27.png","type":"bitmap","height":170,"ascent":97},{"chars":["\ueb1c"],"file":"minecraft:custom/havenblock_logo/textured/right/28.png","type":"bitmap","height":170,"ascent":97},{"chars":["\ueb1d"],"file":"minecraft:custom/havenblock_logo/textured/right/29.png","type":"bitmap","height":170,"ascent":97},{"chars":["\ueb1e"],"file":"minecraft:custom/havenblock_logo/textured/right/30.png","type":"bitmap","height":170,"ascent":97},{"chars":["\ueb1f"],"file":"minecraft:custom/havenblock_logo/textured/right/31.png","type":"bitmap","height":170,"ascent":97},{"chars":["\ueb20"],"file":"minecraft:custom/havenblock_logo/textured/right/32.png","type":"bitmap","height":170,"ascent":97},{"chars":["\ueb21"],"file":"minecraft:custom/havenblock_logo/textured/right/33.png","type":"bitmap","height":170,"ascent":97},{"chars":["\ueb22"],"file":"minecraft:custom/havenblock_logo/textured/right/34.png","type":"bitmap","height":170,"ascent":97},{"chars":["\ueb23"],"file":"minecraft:custom/havenblock_logo/textured/right/35.png","type":"bitmap","height":170,"ascent":97},{"chars":["\ueb24"],"file":"minecraft:custom/havenblock_logo/textured/right/36.png","type":"bitmap","height":170,"ascent":97},{"chars":["\ueb25"],"file":"minecraft:custom/havenblock_logo/textured/right/37.png","type":"bitmap","height":170,"ascent":97},{"chars":["\ueb26"],"file":"minecraft:custom/havenblock_logo/textured/right/38.png","type":"bitmap","height":170,"ascent":97},{"chars":["\ueb27"],"file":"minecraft:custom/havenblock_logo/textured/right/39.png","type":"bitmap","height":170,"ascent":97},{"chars":["\ueb28"],"file":"minecraft:custom/havenblock_logo/textured/right/40.png","type":"bitmap","height":170,"ascent":97},{"chars":["\ueb29"],"file":"minecraft:custom/havenblock_logo/textured/right/41.png","type":"bitmap","height":170,"ascent":97},{"chars":["\ueb2a"],"file":"minecraft:custom/havenblock_logo/textured/right/42.png","type":"bitmap","height":170,"ascent":97},{"chars":["\ueb2b"],"file":"minecraft:custom/havenblock_logo/textured/right/43.png","type":"bitmap","height":170,"ascent":97},{"chars":["\ueb2c"],"file":"minecraft:custom/havenblock_logo/textured/right/44.png","type":"bitmap","height":170,"ascent":97},{"chars":["\ueb2d"],"file":"minecraft:custom/havenblock_logo/textured/right/45.png","type":"bitmap","height":170,"ascent":97},{"chars":["\ueb2e"],"file":"minecraft:custom/havenblock_logo/textured/right/46.png","type":"bitmap","height":170,"ascent":97},{"chars":["\ueb2f"],"file":"minecraft:custom/havenblock_logo/textured/right/47.png","type":"bitmap","height":170,"ascent":97},{"chars":["\ueb30"],"file":"minecraft:custom/havenblock_logo/textured/right/48.png","type":"bitmap","height":170,"ascent":97},{"chars":["\ueb31"],"file":"minecraft:custom/havenblock_logo/textured/right/49.png","type":"bitmap","height":170,"ascent":97},{"chars":["\ueb32"],"file":"minecraft:custom/havenblock_logo/textured/right/50.png","type":"bitmap","height":170,"ascent":97},{"chars":["\ueb33"],"file":"minecraft:custom/havenblock_logo/textured/right/51.png","type":"bitmap","height":170,"ascent":97},{"chars":["\ueb34"],"file":"minecraft:custom/havenblock_logo/textured/right/52.png","type":"bitmap","height":170,"ascent":97},{"chars":["\ueb35"],"file":"minecraft:custom/havenblock_logo/textured/right/53.png","type":"bitmap","height":170,"ascent":97},{"chars":["\ueb36"],"file":"minecraft:custom/havenblock_logo/textured/right/54.png","type":"bitmap","height":170,"ascent":97},{"chars":["\ueb37"],"file":"minecraft:custom/havenblock_logo/textured/right/55.png","type":"bitmap","height":170,"ascent":97},{"chars":["\ueb38"],"file":"minecraft:custom/havenblock_logo/textured/right/56.png","type":"bitmap","height":170,"ascent":97},{"chars":["\ueb39"],"file":"minecraft:custom/havenblock_logo/textured/right/57.png","type":"bitmap","height":170,"ascent":97},{"chars":["\ueb3a"],"file":"minecraft:custom/havenblock_logo/textured/right/58.png","type":"bitmap","height":170,"ascent":97},{"chars":["\ueb3b"],"file":"minecraft:custom/havenblock_logo/textured/right/59.png","type":"bitmap","height":170,"ascent":97},{"chars":["\ueb3c"],"file":"minecraft:custom/havenblock_logo/textured/right/60.png","type":"bitmap","height":170,"ascent":97},{"chars":["\ueb3d"],"file":"minecraft:custom/havenblock_logo/textured/right/61.png","type":"bitmap","height":170,"ascent":97},{"chars":["\ueb3e"],"file":"minecraft:custom/havenblock_logo/textured/right/62.png","type":"bitmap","height":170,"ascent":97},{"chars":["\ueb3f"],"file":"minecraft:custom/havenblock_logo/textured/right/63.png","type":"bitmap","height":170,"ascent":97},{"chars":["\ueb40"],"file":"minecraft:custom/havenblock_logo/textured/right/64.png","type":"bitmap","height":170,"ascent":97},{"chars":["\ueb41"],"file":"minecraft:custom/havenblock_logo/textured/right/65.png","type":"bitmap","height":170,"ascent":97},{"chars":["\ueb42"],"file":"minecraft:custom/havenblock_logo/textured/right/66.png","type":"bitmap","height":170,"ascent":97},{"chars":["\ueb43"],"file":"minecraft:custom/havenblock_logo/textured/right/67.png","type":"bitmap","height":170,"ascent":97},{"chars":["\ueb44"],"file":"minecraft:custom/havenblock_logo/textured/right/68.png","type":"bitmap","height":170,"ascent":97},{"chars":["\ueb45"],"file":"minecraft:custom/havenblock_logo/textured/right/69.png","type":"bitmap","height":170,"ascent":97},{"chars":["\ueb46"],"file":"minecraft:custom/havenblock_logo/textured/right/70.png","type":"bitmap","height":170,"ascent":97},{"chars":["\ueb47"],"file":"minecraft:custom/havenblock_logo/textured/right/71.png","type":"bitmap","height":170,"ascent":97},{"chars":["\ueb48"],"file":"minecraft:custom/havenblock_logo/textured/right/72.png","type":"bitmap","height":170,"ascent":97},{"chars":["\ueb49"],"file":"minecraft:custom/havenblock_logo/textured/right/73.png","type":"bitmap","height":170,"ascent":97},{"chars":["\ueb4a"],"file":"minecraft:custom/havenblock_logo/textured/right/74.png","type":"bitmap","height":170,"ascent":97},{"chars":["\ueb4b"],"file":"minecraft:custom/havenblock_logo/textured/right/75.png","type":"bitmap","height":170,"ascent":97},{"chars":["\ueb4c"],"file":"minecraft:custom/havenblock_logo/textured/right/76.png","type":"bitmap","height":170,"ascent":97},{"chars":["\ueb4d"],"file":"minecraft:custom/havenblock_logo/textured/right/77.png","type":"bitmap","height":170,"ascent":97},{"chars":["\ueb4e"],"file":"minecraft:custom/havenblock_logo/textured/right/78.png","type":"bitmap","height":170,"ascent":97},{"chars":["\ueb4f"],"file":"minecraft:custom/havenblock_logo/textured/right/79.png","type":"bitmap","height":170,"ascent":97},{"chars":["\ueb50"],"file":"minecraft:custom/havenblock_logo/textured/right/80.png","type":"bitmap","height":170,"ascent":97},{"chars":["\ueb51"],"file":"minecraft:custom/havenblock_logo/textured/right/81.png","type":"bitmap","height":170,"ascent":97},{"chars":["\ueb52"],"file":"minecraft:custom/havenblock_logo/textured/right/82.png","type":"bitmap","height":170,"ascent":97},{"chars":["\ueb53"],"file":"minecraft:custom/havenblock_logo/textured/right/83.png","type":"bitmap","height":170,"ascent":97},{"chars":["\ueb54"],"file":"minecraft:custom/havenblock_logo/textured/right/84.png","type":"bitmap","height":170,"ascent":97},{"chars":["\ueb55"],"file":"minecraft:custom/havenblock_logo/textured/right/85.png","type":"bitmap","height":170,"ascent":97},{"chars":["\ueb56"],"file":"minecraft:custom/havenblock_logo/textured/right/86.png","type":"bitmap","height":170,"ascent":97},{"chars":["\ueb57"],"file":"minecraft:custom/havenblock_logo/textured/right/87.png","type":"bitmap","height":170,"ascent":97},{"chars":["\ueb58"],"file":"minecraft:custom/havenblock_logo/textured/right/88.png","type":"bitmap","height":170,"ascent":97},{"chars":["\ueb59"],"file":"minecraft:custom/havenblock_logo/textured/right/89.png","type":"bitmap","height":170,"ascent":97},{"chars":["\ueb5a"],"file":"minecraft:custom/havenblock_logo/textured/right/90.png","type":"bitmap","height":170,"ascent":97},{"chars":["\ueb5b"],"file":"minecraft:custom/havenblock_logo/textured/right/91.png","type":"bitmap","height":170,"ascent":97},{"chars":["\ueb5c"],"file":"minecraft:custom/havenblock_logo/textured/right/92.png","type":"bitmap","height":170,"ascent":97},{"chars":["\ueb5d"],"file":"minecraft:custom/havenblock_logo/textured/right/93.png","type":"bitmap","height":170,"ascent":97},{"chars":["\ueb5e"],"file":"minecraft:custom/havenblock_logo/textured/right/94.png","type":"bitmap","height":170,"ascent":97},{"chars":["\ueb5f"],"file":"minecraft:custom/havenblock_logo/textured/right/95.png","type":"bitmap","height":170,"ascent":97},{"chars":["\ueb60"],"file":"minecraft:custom/havenblock_logo/textured/right/96.png","type":"bitmap","height":170,"ascent":97},{"chars":["\ueb61"],"file":"minecraft:custom/havenblock_logo/textured/right/97.png","type":"bitmap","height":170,"ascent":97},{"chars":["\ueb62"],"file":"minecraft:custom/havenblock_logo/textured/right/98.png","type":"bitmap","height":170,"ascent":97},{"chars":["\ueb63"],"file":"minecraft:custom/havenblock_logo/textured/right/99.png","type":"bitmap","height":170,"ascent":97}
    
    ]
}