{
    "providers": [

        { "_commentaire": "-1px", "type": "bitmap", "file": "minecraft:custom/space_split.png", "ascent": -32768, "height": -3, "chars": ["\uF801"] },
        { "_commentaire": "-2px", "type": "bitmap", "file": "minecraft:custom/space_split.png", "ascent": -32768, "height": -4, "chars": ["\uF802"] },
        { "_commentaire": "-3px", "type": "bitmap", "file": "minecraft:custom/space_split.png", "ascent": -32768, "height": -5, "chars": ["\uF803"] },
        { "_commentaire": "-4px", "type": "bitmap", "file": "minecraft:custom/space_split.png", "ascent": -32768, "height": -6, "chars": ["\uF804"] },
        { "_commentaire": "-5px", "type": "bitmap", "file": "minecraft:custom/space_split.png", "ascent": -32768, "height": -7, "chars": ["\uF805"] },
        { "_commentaire": "-6px", "type": "bitmap", "file": "minecraft:custom/space_split.png", "ascent": -32768, "height": -8, "chars": ["\uF806"] },
        { "_commentaire": "-7px", "type": "bitmap", "file": "minecraft:custom/space_split.png", "ascent": -32768, "height": -9, "chars": ["\uF807"] },
        { "_commentaire": "-8px", "type": "bitmap", "file": "minecraft:custom/space_split.png", "ascent": -32768, "height": -10, "chars": ["\uF808"] },

        { "_commentaire": "-16px", "type": "bitmap", "file": "minecraft:custom/space_split.png", "ascent": -32768, "height": -18, "chars": ["\uF809"] },
        { "_commentaire": "-32px", "type": "bitmap", "file": "minecraft:custom/space_split.png", "ascent": -32768, "height": -34, "chars": ["\uF80A"] },
        { "_commentaire": "-64px", "type": "bitmap", "file": "minecraft:custom/space_split.png", "ascent": -32768, "height": -66, "chars": ["\uF80B"] },
        { "_commentaire": "-128px", "type": "bitmap", "file": "minecraft:custom/space_split.png", "ascent": -32768, "height": -130, "chars": ["\uF80C"] },
        { "_commentaire": "-256px", "type": "bitmap", "file": "minecraft:custom/space_split.png", "ascent": -32768, "height": -258, "chars": ["\uF80D"] },
        { "_commentaire": "-512px", "type": "bitmap", "file": "minecraft:custom/space_split.png", "ascent": -32768, "height": -514, "chars": ["\uF80E"] },
        { "_commentaire": "-1024px", "type": "bitmap", "file": "minecraft:custom/space_split.png", "ascent": -32768, "height": -1026, "chars": ["\uF80F", "\uF800"] },

        { "_commentaire": "+1px", "type": "bitmap", "file": "minecraft:custom/space_split.png", "ascent": -32768, "height": 0, "chars": ["\uF821"] },
        { "_commentaire": "+2px", "type": "bitmap", "file": "minecraft:custom/space_split.png", "ascent": -32768, "height": 1, "chars": ["\uF822"] },
        { "_commentaire": "+3px", "type": "bitmap", "file": "minecraft:custom/space_split.png", "ascent": -32768, "height": 2, "chars": ["\uF823"] },
        { "_commentaire": "+4px", "type": "bitmap", "file": "minecraft:custom/space_split.png", "ascent": -32768, "height": 3, "chars": ["\uF824"] },
        { "_commentaire": "+5px", "type": "bitmap", "file": "minecraft:custom/space_split.png", "ascent": -32768, "height": 4, "chars": ["\uF825"] },
        { "_commentaire": "+6px", "type": "bitmap", "file": "minecraft:custom/space_split.png", "ascent": -32768, "height": 5, "chars": ["\uF826"] },
        { "_commentaire": "+7px", "type": "bitmap", "file": "minecraft:custom/space_split.png", "ascent": -32768, "height": 6, "chars": ["\uF827"] },
        { "_commentaire": "+8px", "type": "bitmap", "file": "minecraft:custom/space_split.png", "ascent": -32768, "height": 7, "chars": ["\uF828"] },

        { "_commentaire": "+16px", "type": "bitmap", "file": "minecraft:custom/space_split.png", "ascent": -32768, "height": 15, "chars": ["\uF829"] },
        { "_commentaire": "+32px", "type": "bitmap", "file": "minecraft:custom/space_split.png", "ascent": -32768, "height": 31, "chars": ["\uF82A"] },
        { "_commentaire": "+64px", "type": "bitmap", "file": "minecraft:custom/space_split.png", "ascent": -32768, "height": 63, "chars": ["\uF82B"] },
        { "_commentaire": "+128px", "type": "bitmap", "file": "minecraft:custom/space_split.png", "ascent": -32768, "height": 127, "chars": ["\uF82C"] },
        { "_commentaire": "+256px", "type": "bitmap", "file": "minecraft:custom/space_split.png", "ascent": -32768, "height": 255, "chars": ["\uF82D"] },
        { "_commentaire": "+512px", "type": "bitmap", "file": "minecraft:custom/space_split.png", "ascent": -32768, "height": 511, "chars": ["\uF82E"] },
        { "_commentaire": "+1024px", "type": "bitmap", "file": "minecraft:custom/space_split.png", "ascent": -32768, "height": 1023, "chars": ["\uF82F", "\uF820"] },

        {"_commentaire": "RUBIS ", "type": "bitmap", "ascent": 10, "height": 11,
            "chars": ["\uE000"], "file": "minecraft:custom/rubis.png"
        },
        {"_commentaire": "LOWAR ", "type": "bitmap", "ascent": 7, "height": 9,
            "chars": ["\uE001"], "file": "minecraft:custom/lowar.png"
        },
        {"_commentaire": "TICKET ", "type": "bitmap", "ascent": 7, "height": 9,
            "chars": ["\uE002"], "file": "minecraft:custom/ticket.png"
        },
        {"_commentaire": "SHELLFISH ", "type": "bitmap", "ascent": 8, "height": 9,
            "chars": ["\uE003"], "file": "minecraft:custom/shellfish.png"
        },

        {"_commentaire": "WEATHER ", "chars": ["\uE007"], "file": "minecraft:custom/rain.png", "type": "bitmap", "ascent": 9, "height": 11},
        {"_commentaire": "WEATHER ", "chars": ["\uE008"], "file": "minecraft:custom/storm.png", "type": "bitmap", "ascent": 9, "height": 11},
        {"_commentaire": "WEATHER ", "chars": ["\uE009"], "file": "minecraft:custom/sun.png", "type": "bitmap", "ascent": 9, "height": 11},
        
        {"chars": ["\uE010"], "file": "minecraft:custom/blood_moon.png", "type": "bitmap", "ascent": 9, "height": 11},
        {"chars": ["\uE011"], "file": "minecraft:custom/moon_1.png", "type": "bitmap", "ascent": 9, "height": 11},
        {"chars": ["\uE012"], "file": "minecraft:custom/moon_2.png", "type": "bitmap", "ascent": 9, "height": 11},
        {"chars": ["\uE013"], "file": "minecraft:custom/moon_3.png", "type": "bitmap", "ascent": 9, "height": 11},
        {"chars": ["\uE014"], "file": "minecraft:custom/moon_4.png", "type": "bitmap", "ascent": 9, "height": 11},
        {"chars": ["\uE015"], "file": "minecraft:custom/moon_5.png", "type": "bitmap", "ascent": 9, "height": 11},
        {"chars": ["\uE016"], "file": "minecraft:custom/moon_6.png", "type": "bitmap", "ascent": 9, "height": 11},
        {"chars": ["\uE017"], "file": "minecraft:custom/moon_7.png", "type": "bitmap", "ascent": 9, "height": 11},
        {"chars": ["\uE018"], "file": "minecraft:custom/moon_8.png", "type": "bitmap", "ascent": 9, "height": 11},

        {"chars": ["\uE020"], "file": "minecraft:custom/heads/axolotl.png", "type": "bitmap", "ascent": 9, "height": 11},
        {"chars": ["\uE021"], "file": "minecraft:custom/heads/bee.png", "type": "bitmap", "ascent": 9, "height": 11},
        {"chars": ["\uE022"], "file": "minecraft:custom/heads/brown_mushroom.png", "type": "bitmap", "ascent": 9, "height": 11},
        {"chars": ["\uE023"], "file": "minecraft:custom/heads/cat.png", "type": "bitmap", "ascent": 9, "height": 11},
        {"chars": ["\uE024"], "file": "minecraft:custom/heads/chicken.png", "type": "bitmap", "ascent": 9, "height": 11},
        {"chars": ["\uE025"], "file": "minecraft:custom/heads/cow.png", "type": "bitmap", "ascent": 9, "height": 11},
        {"chars": ["\uE026"], "file": "minecraft:custom/heads/donkey.png", "type": "bitmap", "ascent": 9, "height": 11},
        {"chars": ["\uE027"], "file": "minecraft:custom/heads/fox.png", "type": "bitmap", "ascent": 9, "height": 11},
        {"chars": ["\uE028"], "file": "minecraft:custom/heads/frog.png", "type": "bitmap", "ascent": 9, "height": 11},
        {"chars": ["\uE029"], "file": "minecraft:custom/heads/goat.png", "type": "bitmap", "ascent": 9, "height": 11},
        {"chars": ["\uE030"], "file": "minecraft:custom/heads/hoglin.png", "type": "bitmap", "ascent": 9, "height": 11},
        {"chars": ["\uE031"], "file": "minecraft:custom/heads/horse.png", "type": "bitmap", "ascent": 9, "height": 11},
        {"chars": ["\uE032"], "file": "minecraft:custom/heads/llama.png", "type": "bitmap", "ascent": 9, "height": 11},
        {"chars": ["\uE033"], "file": "minecraft:custom/heads/mushroom.png", "type": "bitmap", "ascent": 9, "height": 11},
        {"chars": ["\uE034"], "file": "minecraft:custom/heads/ocelot.png", "type": "bitmap", "ascent": 9, "height": 11},
        {"chars": ["\uE035"], "file": "minecraft:custom/heads/panda.png", "type": "bitmap", "ascent": 9, "height": 11},
        {"chars": ["\uE036"], "file": "minecraft:custom/heads/pig.png", "type": "bitmap", "ascent": 9, "height": 11},
        {"chars": ["\uE037"], "file": "minecraft:custom/heads/rabbit.png", "type": "bitmap", "ascent": 9, "height": 11},
        {"chars": ["\uE038"], "file": "minecraft:custom/heads/sheep.png", "type": "bitmap", "ascent": 9, "height": 11},
        {"chars": ["\uE039"], "file": "minecraft:custom/heads/strider.png", "type": "bitmap", "ascent": 9, "height": 11},
        {"chars": ["\uE040"], "file": "minecraft:custom/heads/trader_llama.png", "type": "bitmap", "ascent": 9, "height": 11},
        {"chars": ["\uE041"], "file": "minecraft:custom/heads/turtle.png", "type": "bitmap", "ascent": 9, "height": 11},
        {"chars": ["\uE042"], "file": "minecraft:custom/heads/wolf.png", "type": "bitmap", "ascent": 9, "height": 11},
    
        {"chars": ["\uE100"], "file": "minecraft:item/wheat.png", "type": "bitmap", "ascent": 9, "height": 11},
        {"chars": ["\uE101"], "file": "minecraft:item/carrot.png", "type": "bitmap", "ascent": 9, "height": 11},
        {"chars": ["\uE102"], "file": "minecraft:item/potato.png", "type": "bitmap", "ascent": 9, "height": 11},
        {"chars": ["\uE103"], "file": "minecraft:item/beetroot.png", "type": "bitmap", "ascent": 9, "height": 11},
        {"chars": ["\uE104"], "file": "minecraft:item/sugar_cane.png", "type": "bitmap", "ascent": 9, "height": 11},
        {"chars": ["\uE105"], "file": "minecraft:item/bamboo.png", "type": "bitmap", "ascent": 9, "height": 11},
        {"chars": ["\uE106"], "file": "minecraft:item/sweet_berries.png", "type": "bitmap", "ascent": 9, "height": 11},
        {"chars": ["\uE107"], "file": "minecraft:block/red_mushroom.png", "type": "bitmap", "ascent": 9, "height": 11},
        {"chars": ["\uE108"], "file": "minecraft:block/brown_mushroom.png", "type": "bitmap", "ascent": 9, "height": 11},
        {"chars": ["\uE109"], "file": "minecraft:block/cactus_side.png", "type": "bitmap", "ascent": 9, "height": 11},
        {"chars": ["\uE10A"], "file": "minecraft:item/melon_slice.png", "type": "bitmap", "ascent": 9, "height": 11},
        {"chars": ["\uE10B"], "file": "minecraft:block/pumpkin_side.png", "type": "bitmap", "ascent": 9, "height": 11},
    
        {"chars": ["\uE110"], "file": "minecraft:custom/nether_portal.png", "type": "bitmap", "ascent": 9, "height": 11},
  
        {"chars": ["\uE200"], "file": "minecraft:custom/food.png", "type": "bitmap", "ascent": 9, "height": 11},
        {"chars": ["\uE201"], "file": "minecraft:custom/water.png", "type": "bitmap", "ascent": 10, "height": 12},
        {"chars": ["\uE202"], "file": "minecraft:custom/red_bed.png", "type": "bitmap", "ascent": 10, "height": 12},

        {"chars": ["\uE300"], "file": "minecraft:custom/info_logo.png", "type": "bitmap", "ascent": 8, "height": 9},
        {"chars": ["\uE301"], "file": "minecraft:custom/url_logo_left.png", "type": "bitmap", "ascent": 8, "height": 9},
        {"chars": ["\uE302"], "file": "minecraft:custom/url_logo_right.png", "type": "bitmap", "ascent": 8, "height": 9},

        {"chars": ["\uE400"], "file": "minecraft:custom/jobs/fisherman.png", "type": "bitmap", "ascent": 8, "height": 9},
        {"chars": ["\uE401"], "file": "minecraft:custom/jobs/farmer.png", "type": "bitmap", "ascent": 8, "height": 9},
        {"chars": ["\uE402"], "file": "minecraft:custom/jobs/butcher.png", "type": "bitmap", "ascent": 8, "height": 9},
        {"chars": ["\uE403"], "file": "minecraft:custom/jobs/lumberjack.png", "type": "bitmap", "ascent": 8, "height": 9},
        {"chars": ["\uE404"], "file": "minecraft:custom/jobs/cooker.png", "type": "bitmap", "ascent": 8, "height": 9},
        {"chars": ["\uE405"], "file": "minecraft:custom/jobs/crafter.png", "type": "bitmap", "ascent": 8, "height": 9},

        {"chars": ["\uF000"], "file": "minecraft:custom/gui/calendar.png", "type": "bitmap", "ascent": 13, "height": 256},
        {"chars": ["\uF001"], "file": "minecraft:custom/gui/bank.png", "type": "bitmap", "ascent": 13, "height": 256},
        {"chars": ["\uF002"], "file": "minecraft:custom/gui/1_row.png", "type": "bitmap", "ascent": 13, "height": 256}

    ]
}