{
"item.armor.equip_generic": {"replace": true, "sounds": [{"name": "custom/autre/silence", "volume": 1.00}]},
"ambiance.wooden.floor": {"sounds": ["custom/ambiance/wooden/floor/woodenfloor1", "custom/ambiance/wooden/floor/woodenfloor2", "custom/ambiance/wooden/floor/woodenfloor3", "custom/ambiance/wooden/floor/woodenfloor4", "custom/ambiance/wooden/floor/woodenfloor5", "custom/ambiance/wooden/floor/woodenfloor6", "custom/ambiance/wooden/floor/woodenfloor7"]},
"ambiance.tree.leaves": {"sounds": ["custom/ambiance/tree/leaves1", "custom/ambiance/tree/leaves2", "custom/ambiance/tree/leaves3"]},
"ambiance.day.birds": {"sounds": ["custom/ambiance/day/birds/birds1", "custom/ambiance/day/birds/birds2", "custom/ambiance/day/birds/birds3", "custom/ambiance/day/birds/birds4"]},
"ambiance.day.birdsfly": {"sounds": [{"name": "custom/ambiance/day/birds/birdsfly", "volume": 1.0}]},
"ambiance.crows": {"sounds": ["custom/ambiance/crows/crows1", "custom/ambiance/crows/crows2", "custom/ambiance/crows/crows3", "custom/ambiance/crows/crows4", "custom/ambiance/crows/crows5", "custom/ambiance/crows/crows6", "custom/ambiance/crows/crows7"]},
"ambiance.woodpecker": {"sounds": [{"name": "custom/ambiance/day/birds/woodpecker", "volume": 1.50}]},
"ambiance.bell": {"sounds": [{"name": "custom/ambiance/bell", "volume": 1.00}]},
"ambiance.cave": {"sounds": [{"name": "custom/ambiance/cave/cave", "volume": 1.00}]},
"ambiance.dripwater": {"sounds": ["custom/ambiance/cave/dripwater/dripwater1", "custom/ambiance/cave/dripwater/dripwater2", "custom/ambiance/cave/dripwater/dripwater3", "custom/ambiance/cave/dripwater/dripwater4"]},
"ambiance.wind1": {"sounds": [{"name": "custom/ambiance/wind/ambiance1", "volume": 0.03}]},
"ambiance.wind2": {"sounds": [{"name": "custom/ambiance/wind/ambiance2", "volume": 0.03}]},
"ambiance.day.cicadas1": {"sounds": [{"name": "custom/ambiance/day/cicadas1", "volume": 1}]},
"ambiance.night.cicadas1": {"sounds": [{"name": "custom/ambiance/night/cicadas1", "volume": 2}]},
"ambiance.river.waves1": {"sounds": [{"name": "custom/ambiance/river/waves1", "volume": 10}]},
"ambiance.beach.seagull": {"sounds": [{"name": "custom/ambiance/beach/seagull", "volume": 0.1}]},
"ambiance.beach.smallwave": {"sounds": [{"name": "custom/ambiance/beach/smallwave", "volume": 1, "attenuation_distance": 10}]},
"ambiance.beach.sea": {"sounds": [{"name": "custom/ambiance/beach/sea", "volume": 1, "attenuation_distance": 10}]},
"implosion": {"sounds": [{"name": "custom/autre/implosion", "volume": 5}]},
"chimique.1": {"sounds": [{"name": "custom/autre/chimique1", "volume": 5}]},
"chimique.2": {"sounds": [{"name": "custom/autre/chimique2", "volume": 5}]},
"lampoff": {"sounds": [{"name": "custom/autre/lampoff", "volume": 5}]},
"staminafull": {"sounds": ["custom/autre/staminafull"]},
"respawn1": {"sounds": [{"name": "custom/autre/respawn1", "volume": 0.01}]},
"respawn2": {"sounds": [{"name": "custom/autre/respawn2", "volume": 0.01}]},
"respawn3": {"sounds": [{"name": "custom/autre/respawn3", "volume": 0.01}]},
"overlay": {"sounds": [{"name": "custom/autre/overlay", "volume": 0.01}]},
"explosion.firechim": {"sounds": ["custom/autre/explosion_firechim"]},
"explosion.fire": {"sounds": ["custom/autre/explosion_fire"]},
"meteor.4": {"sounds": [{"name": "custom/autre/meteor_4","volume": 1000}]},
"meteor.3": {"sounds": ["custom/autre/meteor_3"]},
"meteor.2": {"sounds": ["custom/autre/meteor_2"]},
"meteor.1": {"sounds": ["custom/autre/meteor_1"]},
"victory": {"sounds": ["custom/autre/victory"]},
"bouclier.loop": {"sounds": [{"name": "custom/autre/bouclierloop","volume": 0.01}]},
"kill.krieg1": {"sounds": ["custom/kill/krieg1"]},
"kill.krieg2": {"sounds": ["custom/kill/krieg2"]},
"kill.krieg3": {"sounds": ["custom/kill/krieg3"]},
"kill.krieg4": {"sounds": ["custom/kill/krieg4"]},
"kill.krieg5": {"sounds": ["custom/kill/krieg5"]},
"kill.krieg6": {"sounds": ["custom/kill/krieg6"]},
"kill.krieg7": {"sounds": ["custom/kill/krieg7"]},
"kill.krieg8": {"sounds": ["custom/kill/krieg8"]},
"kill.krieg9": {"sounds": ["custom/kill/krieg9"]},
"kill.krieg10": {"sounds": ["custom/kill/krieg10"]},
"kill.krieg11": {"sounds": ["custom/kill/krieg11"]},
"kill.krieg12": {"sounds": ["custom/kill/krieg12"]},
"kill.krieg13": {"sounds": ["custom/kill/krieg13"]},
"kill.krieg14": {"sounds": ["custom/kill/krieg14"]},
"kill.krieg15": {"sounds": ["custom/kill/krieg15"]},
"kill.krieg16": {"sounds": ["custom/kill/krieg16"]},
"kill.krieg17": {"sounds": ["custom/kill/krieg17"]},
"kill.krieg18": {"sounds": ["custom/kill/krieg18"]},
"kill.krieg19": {"sounds": ["custom/kill/krieg19"]},
"kill.krieg20": {"sounds": ["custom/kill/krieg20"]},
"kill.krieg21": {"sounds": ["custom/kill/krieg21"]},
"kill.krieg22": {"sounds": ["custom/kill/krieg22"]},
"kill.krieg23": {"sounds": ["custom/kill/krieg23"]},
"kill.krieg24": {"sounds": ["custom/kill/krieg24"]},
"kill.krieg25": {"sounds": ["custom/kill/krieg25"]},
"kill.krieg26": {"sounds": ["custom/kill/krieg26"]},
"kill.krieg27": {"sounds": ["custom/kill/krieg27"]},
"kill.krieg28": {"sounds": ["custom/kill/krieg28"]},
"kill.krieg29": {"sounds": ["custom/kill/krieg29"]},
"kill.krieg30": {"sounds": ["custom/kill/krieg30"]},
"kill.krieg31": {"sounds": ["custom/kill/krieg31"]},
"kill.krieg32": {"sounds": ["custom/kill/krieg32"]},
"kill.krieg33": {"sounds": ["custom/kill/krieg33"]},
"kill.krieg34": {"sounds": ["custom/kill/krieg34"]},
"kill.krieg35": {"sounds": ["custom/kill/krieg35"]},
"kill.krieg36": {"sounds": ["custom/kill/krieg36"]},
"kill.krieg37": {"sounds": ["custom/kill/krieg37"]},
"kill.krieg38": {"sounds": ["custom/kill/krieg38"]},
"kill.krieg39": {"sounds": ["custom/kill/krieg39"]},
"kill.krieg40": {"sounds": ["custom/kill/krieg40"]},
"kill.krieg41": {"sounds": ["custom/kill/krieg41"]},
"kill.krieg42": {"sounds": ["custom/kill/krieg42"]},
"kill.krieg43": {"sounds": ["custom/kill/krieg43"]},
"kill.krieg44": {"sounds": ["custom/kill/krieg44"]},
"kill.krieg45": {"sounds": ["custom/kill/krieg45"]},
"kill.krieg46": {"sounds": ["custom/kill/krieg46"]},
"kill.krieg47": {"sounds": ["custom/kill/krieg47"]},
"kill.krieg48": {"sounds": ["custom/kill/krieg48"]},
"kill.krieg49": {"sounds": ["custom/kill/krieg49"]},
"kill.krieg50": {"sounds": ["custom/kill/krieg50"]},
"kill.krieg51": {"sounds": ["custom/kill/krieg51"]},
"kill.krieg52": {"sounds": ["custom/kill/krieg52"]},
"kill.krieg53": {"sounds": ["custom/kill/krieg53"]},
"kill.krieg54": {"sounds": ["custom/kill/krieg54"]},
"kill.krieg55": {"sounds": ["custom/kill/krieg55"]},
"kill.krieg56": {"sounds": ["custom/kill/krieg56"]},
"kill.krieg57": {"sounds": ["custom/kill/krieg57"]},
"damage.damage1": {"sounds": ["custom/damage/damage1"]},
"damage.damage2": {"sounds": ["custom/damage/damage2"]},
"damage.damage3": {"sounds": ["custom/damage/damage3"]},
"damage.damage4": {"sounds": ["custom/damage/damage4"]},
"damage.damage5": {"sounds": ["custom/damage/damage5"]},
"damage.damage6": {"sounds": ["custom/damage/damage6"]},
"damage.damage7": {"sounds": ["custom/damage/damage7"]},
"damage.damage8": {"sounds": ["custom/damage/damage8"]},
"damage.damage9": {"sounds": ["custom/damage/damage9"]},
"damage.damage10": {"sounds": ["custom/damage/damage10"]},
"damage.damage11": {"sounds": ["custom/damage/damage11"]},
"damage.damage12": {"sounds": ["custom/damage/damage12"]},
"damage.damage13": {"sounds": ["custom/damage/damage13"]},
"damage.damage14": {"sounds": ["custom/damage/damage14"]},
"damage.damage15": {"sounds": ["custom/damage/damage15"]},
"damage.damage16": {"sounds": ["custom/damage/damage16"]},
"damage.damage17": {"sounds": ["custom/damage/damage17"]},
"loot.loot1": {"sounds": ["custom/loot/loot1"]},
"loot.loot2": {"sounds": ["custom/loot/loot2"]},
"loot.loot3": {"sounds": ["custom/loot/loot3"]},
"loot.loot4": {"sounds": ["custom/loot/loot4"]},
"loot.loot5": {"sounds": ["custom/loot/loot5"]},
"loot.loot6": {"sounds": ["custom/loot/loot6"]},
"loot.loot7": {"sounds": ["custom/loot/loot7"]},
"loot.loot8": {"sounds": ["custom/loot/loot8"]},
"boom.boom1": {"sounds": ["custom/boom/boom1"]},
"boom.boom2": {"sounds": ["custom/boom/boom2"]},
"boom.boom3": {"sounds": ["custom/boom/boom3"]},
"boom.boom4": {"sounds": ["custom/boom/boom4"]},
"boom.boom5": {"sounds": ["custom/boom/boom5"]},
"boom.boom6": {"sounds": ["custom/boom/boom6"]},
"boom.boom7": {"sounds": ["custom/boom/boom7"]},
"respawn.respawn1": {"sounds": ["custom/respawn/respawn1"]},
"respawn.respawn2": {"sounds": ["custom/respawn/respawn2"]},
"respawn.respawn3": {"sounds": ["custom/respawn/respawn3"]},
"respawn.respawn4": {"sounds": ["custom/respawn/respawn4"]},
"respawn.respawn5": {"sounds": ["custom/respawn/respawn5"]},
"respawn.respawn6": {"sounds": ["custom/respawn/respawn6"]},
"respawn.respawn7": {"sounds": ["custom/respawn/respawn7"]},
"nausea.nausea1": {"sounds": ["custom/nausea/nausea1"]},
"nausea.nausea2": {"sounds": ["custom/nausea/nausea2"]},
"nausea.nausea3": {"sounds": ["custom/nausea/nausea3"]},
"nausea.nausea4": {"sounds": ["custom/nausea/nausea4"]},
"implosion.implosion1": {"sounds": ["custom/implosion/implosion1"]},
"implosion.implosion2": {"sounds": ["custom/implosion/implosion2"]},
"implosion.implosion3": {"sounds": ["custom/implosion/implosion3"]},
"implosion.implosion4": {"sounds": ["custom/implosion/implosion4"]},
"radar.radar1": {"sounds": ["custom/radar/radar1"]},
"radar.radar2": {"sounds": ["custom/radar/radar2"]},
"radar.radar3": {"sounds": ["custom/radar/radar3"]},
"radar.radar4": {"sounds": ["custom/radar/radar4"]},
"radar.radar5": {"sounds": ["custom/radar/radar5"]},
"radar.radar6": {"sounds": ["custom/radar/radar6"]},
"fire.fire1": {"sounds": ["custom/fire/fire1"]},
"fire.fire2": {"sounds": ["custom/fire/fire2"]},
"fire.fire3": {"sounds": ["custom/fire/fire3"]},
"fire.fire4": {"sounds": ["custom/fire/fire4"]},
"fire.fire5": {"sounds": ["custom/fire/fire5"]},
"fire.fire6": {"sounds": ["custom/fire/fire6"]},
"award.award1": {"sounds": ["custom/award/award1"]},
"award.award2": {"sounds": ["custom/award/award2"]},
"autre.immortel1": {"sounds": ["custom/autre/immortel1"]},
"autre.merci1": {"sounds": ["custom/autre/merci1"]},
"autre.non1": {"sounds": ["custom/autre/non1"]},
"autre.money": {"sounds": ["custom/autre/money"]},
"autre.kaching": {"sounds": ["custom/autre/kaching"]},
"autre.cena": {"sounds": [{"name": "custom/autre/cena", "volume": 0.02}]},
"autre.hz": {"sounds": ["custom/autre/hz"]},
"autre.iamdeath": {"sounds": ["custom/autre/iamdeath"]},
"autre.shiny": {"sounds": [{"name": "custom/autre/shiny", "volume": 5}]},
"autre.bonuschestopen": {"sounds": ["custom/autre/bonuschestopen"]},
"autre.portal": {"sounds": ["custom/autre/portal"]},
"autre.logo_btooom": {"sounds": ["custom/autre/logo_btooom"]},
"horror.heart": {"sounds": ["custom/horror/heartbeat"]},
"horror.ghost": {"sounds": ["custom/horror/ghost1","custom/horror/ghost2","custom/horror/ghost3"]},
"horror.laugh": {"sounds": ["custom/horror/laugh1","custom/horror/laugh2","custom/horror/laugh3"]},
"horror.child_cry": {"sounds": ["custom/horror/child_cry"]},
"breath.1": {"sounds": ["custom/breath/1/breath1","custom/breath/1/breath2","custom/breath/1/breath3","custom/breath/1/breath4","custom/breath/1/breath5"]},
"breath.2": {"sounds": ["custom/breath/2/breath6","custom/breath/2/breath7","custom/breath/2/breath8","custom/breath/2/breath9","custom/breath/2/breath10","custom/breath/2/breath11"]},
"breath.3": {"sounds": ["custom/breath/3/breath12","custom/breath/3/breath13"]},
"breath.4": {"sounds": ["custom/breath/4/breath14","custom/breath/4/breath15","custom/breath/4/breath16"]},
"breath.5": {"sounds": ["custom/breath/breath17"]},
"btooom.radar.activation": {"sounds": [{"name": "custom/radar/activation", "volume": 0.1}]}
}