{
"__comment": "Model generated using MrCrayfish's Model Creator (http://mrcrayfish.com/modelcreator/)",
"textures": {
    "0": "mcbt/anvil_base",
    "1": "mcbt/coal_block",
    "2": "mcbt/wool_colored_black",
    "3": "mcbt/cactus_bottom",
    "4": "mcbt/quartz_block_side",
    "5": "mcbt/modified_glass"
},
"display": {
    "thirdperson_righthand": {
        "rotation": [ 45, 180, 0 ],
        "translation": [ -0.4, 2, 2 ],
        "scale": [ 0.7, 0.7, 0.7 ]
    },
    "head": {
        "rotation": [ 0, 180, 0 ],
        "translation": [ -1, -8, 0 ],
        "scale": [ 2, 2, 2 ]
    },
    "ground": {
        "rotation": [ 0, 100, 25 ],
        "translation": [ 0, 3, 0 ],
        "scale": [ 0.7, 0.7, 0.7 ]
    },
    "fixed": {
        "rotation": [ 0, 180, 0 ],
        "translation": [ -1, 5, -2 ],
        "scale": [ 1.2, 1.2, 1.2 ]
    },
    "gui": {
        "rotation": [ 0, -25, 25 ],
        "translation": [ -2, 8, 0 ],
        "scale": [ 2, 2, 2 ]
    },
    "firstperson_righthand": {
        "rotation": [ 0, -35, 0 ],
        "translation": [ 0, 6, 2 ],
        "scale": [ 0.7, 0.7, 0.7 ]
    }
},
"elements": [
    {
        "name": "Cube",
        "from": [ 5.0, 1.0, 5.0 ], 
        "to": [ 10.0, 6.0, 9.0 ], 
        "faces": {
            "north": { "texture": "#0", "uv": [ 0.0, 0.0, 5.0, 5.0 ] },
            "east": { "texture": "#0", "uv": [ 0.0, 0.0, 4.0, 5.0 ] },
            "south": { "texture": "#1", "uv": [ 0.0, 0.0, 5.0, 5.0 ] },
            "west": { "texture": "#0", "uv": [ 0.0, 0.0, 4.0, 5.0 ] },
            "up": { "texture": "#0", "uv": [ 0.0, 0.0, 5.0, 4.0 ] },
            "down": { "texture": "#0", "uv": [ 0.0, 0.0, 5.0, 4.0 ] }
        }
    },
    {
        "name": "Cube",
        "from": [ 7.200000002980232, 6.0, 7.200000002980232 ], 
        "to": [ 7.699999995529652, 10.0, 7.699999995529652 ], 
        "faces": {
            "north": { "texture": "#2", "uv": [ 0.0, 0.0, 0.4999999925494194, 4.0 ] },
            "east": { "texture": "#2", "uv": [ 0.0, 0.0, 0.4999999925494194, 4.0 ] },
            "south": { "texture": "#2", "uv": [ 0.0, 0.0, 0.4999999925494194, 4.0 ] },
            "west": { "texture": "#2", "uv": [ 0.0, 0.0, 0.4999999925494194, 4.0 ] },
            "up": { "texture": "#2", "uv": [ 0.0, 0.0, 0.4999999925494194, 0.4999999925494194 ] },
            "down": { "texture": "#2", "uv": [ 0.0, 0.0, 0.4999999925494194, 0.4999999925494194 ] }
        }
    },
    {
        "name": "Cube",
        "from": [ 7.699999995529652, 9.50000000745058, 7.200000002980232 ], 
        "to": [ 11.699999995529652, 10.0, 7.699999995529652 ], 
        "faces": {
            "north": { "texture": "#2", "uv": [ 0.0, 0.0, 4.0, 0.4999999925494194 ] },
            "east": { "texture": "#2", "uv": [ 0.0, 0.0, 0.4999999925494194, 0.4999999925494194 ] },
            "south": { "texture": "#2", "uv": [ 0.0, 0.0, 4.0, 0.4999999925494194 ] },
            "west": { "texture": "#2", "uv": [ 0.0, 0.0, 0.4999999925494194, 0.4999999925494194 ] },
            "up": { "texture": "#2", "uv": [ 0.0, 0.0, 4.0, 0.4999999925494194 ] },
            "down": { "texture": "#2", "uv": [ 0.0, 0.0, 4.0, 0.4999999925494194 ] }
        }
    },
    {
        "name": "Cube",
        "from": [ 3.2000000029802322, 9.50000000745058, 7.200000002980232 ], 
        "to": [ 7.200000002980232, 10.0, 7.699999995529652 ], 
        "faces": {
            "north": { "texture": "#2", "uv": [ 0.0, 0.0, 4.0, 0.4999999925494194 ] },
            "east": { "texture": "#2", "uv": [ 0.0, 0.0, 0.4999999925494194, 0.4999999925494194 ] },
            "south": { "texture": "#2", "uv": [ 0.0, 0.0, 4.0, 0.4999999925494194 ] },
            "west": { "texture": "#2", "uv": [ 0.0, 0.0, 0.4999999925494194, 0.4999999925494194 ] },
            "up": { "texture": "#2", "uv": [ 0.0, 0.0, 4.0, 0.4999999925494194 ] },
            "down": { "texture": "#2", "uv": [ 0.0, 0.0, 4.0, 0.4999999925494194 ] }
        }
    },
    {
        "name": "Cube",
        "from": [ 7.200000002980232, 9.50000000745058, 3.2000000029802322 ], 
        "to": [ 7.699999995529652, 10.0, 7.200000002980232 ], 
        "faces": {
            "north": { "texture": "#2", "uv": [ 0.0, 0.0, 0.4999999925494194, 0.4999999925494194 ] },
            "east": { "texture": "#2", "uv": [ 0.0, 0.0, 4.0, 0.4999999925494194 ] },
            "south": { "texture": "#2", "uv": [ 0.0, 0.0, 0.4999999925494194, 0.4999999925494194 ] },
            "west": { "texture": "#2", "uv": [ 0.0, 0.0, 4.0, 0.4999999925494194 ] },
            "up": { "texture": "#2", "uv": [ 0.0, 0.0, 0.4999999925494194, 4.0 ] },
            "down": { "texture": "#2", "uv": [ 0.0, 0.0, 0.4999999925494194, 4.0 ] }
        }
    },
    {
        "name": "Cube",
        "from": [ 7.200000002980232, 9.50000000745058, 7.699999995529652 ], 
        "to": [ 7.699999995529652, 10.0, 11.699999995529652 ], 
        "faces": {
            "north": { "texture": "#2", "uv": [ 0.0, 0.0, 0.4999999925494194, 0.4999999925494194 ] },
            "east": { "texture": "#2", "uv": [ 0.0, 0.0, 4.0, 0.4999999925494194 ] },
            "south": { "texture": "#2", "uv": [ 0.0, 0.0, 0.4999999925494194, 0.4999999925494194 ] },
            "west": { "texture": "#2", "uv": [ 0.0, 0.0, 4.0, 0.4999999925494194 ] },
            "up": { "texture": "#2", "uv": [ 0.0, 0.0, 0.4999999925494194, 4.0 ] },
            "down": { "texture": "#2", "uv": [ 0.0, 0.0, 0.4999999925494194, 4.0 ] }
        }
    },
    {
        "name": "Cube",
        "from": [ 3.2000000029802322, 9.50000000745058, 7.699999995529652 ], 
        "to": [ 4.699999995529652, 10.0, 8.199999988079071 ], 
        "faces": {
            "north": { "texture": "#2", "uv": [ 0.0, 0.0, 1.4999999925494194, 0.4999999925494194 ] },
            "east": { "texture": "#2", "uv": [ 0.0, 0.0, 0.4999999925494194, 0.4999999925494194 ] },
            "south": { "texture": "#2", "uv": [ 0.0, 0.0, 1.4999999925494194, 0.4999999925494194 ] },
            "west": { "texture": "#2", "uv": [ 0.0, 0.0, 0.4999999925494194, 0.4999999925494194 ] },
            "up": { "texture": "#2", "uv": [ 0.0, 0.0, 1.4999999925494194, 0.4999999925494194 ] },
            "down": { "texture": "#2", "uv": [ 0.0, 0.0, 1.4999999925494194, 0.4999999925494194 ] }
        }
    },
    {
        "name": "Cube",
        "from": [ 10.200000002980232, 9.50000000745058, 6.700000010430813 ], 
        "to": [ 11.699999995529652, 10.0, 7.200000002980232 ], 
        "faces": {
            "north": { "texture": "#2", "uv": [ 0.0, 0.0, 1.4999999925494194, 0.4999999925494194 ] },
            "east": { "texture": "#2", "uv": [ 0.0, 0.0, 0.4999999925494194, 0.4999999925494194 ] },
            "south": { "texture": "#2", "uv": [ 0.0, 0.0, 1.4999999925494194, 0.4999999925494194 ] },
            "west": { "texture": "#2", "uv": [ 0.0, 0.0, 0.4999999925494194, 0.4999999925494194 ] },
            "up": { "texture": "#2", "uv": [ 0.0, 0.0, 1.4999999925494194, 0.4999999925494194 ] },
            "down": { "texture": "#2", "uv": [ 0.0, 0.0, 1.4999999925494194, 0.4999999925494194 ] }
        }
    },
    {
        "name": "Cube",
        "from": [ 7.699999995529652, 9.50000000745058, 10.200000002980232 ], 
        "to": [ 8.199999988079071, 10.0, 11.699999995529652 ], 
        "faces": {
            "north": { "texture": "#2", "uv": [ 0.0, 0.0, 0.4999999925494194, 0.4999999925494194 ] },
            "east": { "texture": "#2", "uv": [ 0.0, 0.0, 1.4999999925494194, 0.4999999925494194 ] },
            "south": { "texture": "#2", "uv": [ 0.0, 0.0, 0.4999999925494194, 0.4999999925494194 ] },
            "west": { "texture": "#2", "uv": [ 0.0, 0.0, 1.4999999925494194, 0.4999999925494194 ] },
            "up": { "texture": "#2", "uv": [ 0.0, 0.0, 0.4999999925494194, 1.4999999925494194 ] },
            "down": { "texture": "#2", "uv": [ 0.0, 0.0, 0.4999999925494194, 1.4999999925494194 ] }
        }
    },
    {
        "name": "Cube",
        "from": [ 6.700000010430813, 9.50000000745058, 3.2000000029802322 ], 
        "to": [ 7.200000002980232, 10.0, 4.699999995529652 ], 
        "faces": {
            "north": { "texture": "#2", "uv": [ 0.0, 0.0, 0.4999999925494194, 0.4999999925494194 ] },
            "east": { "texture": "#2", "uv": [ 0.0, 0.0, 1.4999999925494194, 0.4999999925494194 ] },
            "south": { "texture": "#2", "uv": [ 0.0, 0.0, 0.4999999925494194, 0.4999999925494194 ] },
            "west": { "texture": "#2", "uv": [ 0.0, 0.0, 1.4999999925494194, 0.4999999925494194 ] },
            "up": { "texture": "#2", "uv": [ 0.0, 0.0, 0.4999999925494194, 1.4999999925494194 ] },
            "down": { "texture": "#2", "uv": [ 0.0, 0.0, 0.4999999925494194, 1.4999999925494194 ] }
        }
    },
    {
        "name": "Cube",
        "from": [ 5.0, 1.0, 9.0 ], 
        "to": [ 6.0, 6.0, 10.0 ], 
        "faces": {
            "north": { "texture": "#0", "uv": [ 0.0, 0.0, 1.0, 5.0 ] },
            "east": { "texture": "#1", "uv": [ 0.0, 0.0, 1.0, 5.0 ] },
            "south": { "texture": "#0", "uv": [ 0.0, 0.0, 1.0, 5.0 ] },
            "west": { "texture": "#0", "uv": [ 0.0, 0.0, 1.0, 5.0 ] },
            "up": { "texture": "#0", "uv": [ 0.0, 0.0, 1.0, 1.0 ] },
            "down": { "texture": "#0", "uv": [ 0.0, 0.0, 1.0, 1.0 ] }
        }
    },
    {
        "name": "Cube",
        "from": [ 9.0, 1.0, 9.0 ], 
        "to": [ 10.0, 6.0, 10.0 ], 
        "faces": {
            "north": { "texture": "#0", "uv": [ 0.0, 0.0, 1.0, 5.0 ] },
            "east": { "texture": "#0", "uv": [ 0.0, 0.0, 1.0, 5.0 ] },
            "south": { "texture": "#0", "uv": [ 0.0, 0.0, 1.0, 5.0 ] },
            "west": { "texture": "#1", "uv": [ 0.0, 0.0, 1.0, 5.0 ] },
            "up": { "texture": "#0", "uv": [ 0.0, 0.0, 1.0, 1.0 ] },
            "down": { "texture": "#0", "uv": [ 0.0, 0.0, 1.0, 1.0 ] }
        }
    },
    {
        "name": "Cube",
        "from": [ 6.0, 1.0, 9.0 ], 
        "to": [ 9.0, 2.0, 10.0 ], 
        "faces": {
            "north": { "texture": "#0", "uv": [ 0.0, 0.0, 3.0, 1.0 ] },
            "east": { "texture": "#0", "uv": [ 0.0, 0.0, 1.0, 1.0 ] },
            "south": { "texture": "#0", "uv": [ 0.0, 0.0, 3.0, 1.0 ] },
            "west": { "texture": "#0", "uv": [ 0.0, 0.0, 1.0, 1.0 ] },
            "up": { "texture": "#1", "uv": [ 0.0, 0.0, 3.0, 1.0 ] },
            "down": { "texture": "#0", "uv": [ 0.0, 0.0, 3.0, 1.0 ] }
        }
    },
    {
        "name": "Cube",
        "from": [ 6.0, 5.0, 9.0 ], 
        "to": [ 9.0, 6.0, 10.0 ], 
        "faces": {
            "north": { "texture": "#0", "uv": [ 0.0, 0.0, 3.0, 1.0 ] },
            "east": { "texture": "#0", "uv": [ 0.0, 0.0, 1.0, 1.0 ] },
            "south": { "texture": "#0", "uv": [ 0.0, 0.0, 3.0, 1.0 ] },
            "west": { "texture": "#0", "uv": [ 0.0, 0.0, 1.0, 1.0 ] },
            "up": { "texture": "#0", "uv": [ 0.0, 0.0, 3.0, 1.0 ] },
            "down": { "texture": "#1", "uv": [ 0.0, 0.0, 3.0, 1.0 ] }
        }
    },
    {
        "name": "Cube",
        "from": [ 7.0, 3.0, 8.49999999254942 ], 
        "to": [ 8.0, 4.0, 9.49999999254942 ], 
        "faces": {
            "north": { "texture": "#3", "uv": [ 4.0, 4.0, 5.0, 5.0 ] },
            "east": { "texture": "#3", "uv": [ 4.0, 4.0, 5.0, 5.0 ] },
            "south": { "texture": "#3", "uv": [ 4.0, 4.0, 5.0, 5.0 ] },
            "west": { "texture": "#3", "uv": [ 4.0, 4.0, 5.0, 5.0 ] },
            "up": { "texture": "#3", "uv": [ 4.0, 4.0, 5.0, 5.0 ] },
            "down": { "texture": "#3", "uv": [ 5.0, 4.0, 6.0, 5.0 ] }
        }
    },
    {
        "name": "Cube",
        "from": [ 6.0, 3.2000000029802322, 9.0 ], 
        "to": [ 6.499999992549419, 3.6999999955296516, 9.299999989569187 ], 
        "faces": {
            "north": { "texture": "#4", "uv": [ 0.0, 0.0, 0.4999999925494194, 0.4999999925494194 ] },
            "east": { "texture": "#4", "uv": [ 0.0, 0.0, 0.29999998956918716, 0.4999999925494194 ] },
            "south": { "texture": "#4", "uv": [ 0.0, 0.0, 0.4999999925494194, 0.4999999925494194 ] },
            "west": { "texture": "#4", "uv": [ 0.0, 0.0, 0.29999998956918716, 0.4999999925494194 ] },
            "up": { "texture": "#4", "uv": [ 0.0, 0.0, 0.4999999925494194, 0.29999998956918716 ] },
            "down": { "texture": "#4", "uv": [ 0.0, 0.0, 0.4999999925494194, 0.29999998956918716 ] }
        }
    },
    {
        "name": "Cube",
        "from": [ 7.300000004470348, 2.0, 9.0 ], 
        "to": [ 7.799999997019768, 2.4999999925494194, 9.299999989569187 ], 
        "faces": {
            "north": { "texture": "#4", "uv": [ 0.0, 0.0, 0.4999999925494194, 0.4999999925494194 ] },
            "east": { "texture": "#4", "uv": [ 0.0, 0.0, 0.29999998956918716, 0.4999999925494194 ] },
            "south": { "texture": "#4", "uv": [ 0.0, 0.0, 0.4999999925494194, 0.4999999925494194 ] },
            "west": { "texture": "#4", "uv": [ 0.0, 0.0, 0.29999998956918716, 0.4999999925494194 ] },
            "up": { "texture": "#4", "uv": [ 0.0, 0.0, 0.4999999925494194, 0.29999998956918716 ] },
            "down": { "texture": "#4", "uv": [ 0.0, 0.0, 0.4999999925494194, 0.29999998956918716 ] }
        }
    },
    {
        "name": "Cube",
        "from": [ 8.50000000745058, 3.2000000029802322, 9.0 ], 
        "to": [ 9.0, 3.6999999955296516, 9.299999989569187 ], 
        "faces": {
            "north": { "texture": "#4", "uv": [ 0.0, 0.0, 0.4999999925494194, 0.4999999925494194 ] },
            "east": { "texture": "#4", "uv": [ 0.0, 0.0, 0.29999998956918716, 0.4999999925494194 ] },
            "south": { "texture": "#4", "uv": [ 0.0, 0.0, 0.4999999925494194, 0.4999999925494194 ] },
            "west": { "texture": "#4", "uv": [ 0.0, 0.0, 0.29999998956918716, 0.4999999925494194 ] },
            "up": { "texture": "#4", "uv": [ 0.0, 0.0, 0.4999999925494194, 0.29999998956918716 ] },
            "down": { "texture": "#4", "uv": [ 0.0, 0.0, 0.4999999925494194, 0.29999998956918716 ] }
        }
    },
    {
        "name": "Cube",
        "from": [ 7.200000002980232, 4.500000007450581, 9.0 ], 
        "to": [ 7.699999995529652, 5.0, 9.299999989569187 ], 
        "faces": {
            "north": { "texture": "#4", "uv": [ 0.0, 0.0, 0.4999999925494194, 0.4999999925494194 ] },
            "east": { "texture": "#4", "uv": [ 0.0, 0.0, 0.29999998956918716, 0.4999999925494194 ] },
            "south": { "texture": "#4", "uv": [ 0.0, 0.0, 0.4999999925494194, 0.4999999925494194 ] },
            "west": { "texture": "#4", "uv": [ 0.0, 0.0, 0.29999998956918716, 0.4999999925494194 ] },
            "up": { "texture": "#4", "uv": [ 0.0, 0.0, 0.4999999925494194, 0.29999998956918716 ] },
            "down": { "texture": "#4", "uv": [ 0.0, 0.0, 0.4999999925494194, 0.29999998956918716 ] }
        }
    },
    {
        "name": "Cube",
        "from": [ 5.499999992549419, 1.4999999925494194, 9.999999985098839 ], 
        "to": [ 9.49999999254942, 5.499999992549419, 10.19999997317791 ], 
        "faces": {

            "east": { "texture": "#5", "uv": [ 0.0, 0.0, 0.19999998807907104, 4.0 ] },
            "south": { "texture": "#5", "uv": [ 0.0, 0.0, 16.0, 16.0 ] },
            "west": { "texture": "#5", "uv": [ 0.0, 0.0, 0.19999998807907104, 4.0 ] },
            "up": { "texture": "#5", "uv": [ 0.0, 0.0, 4.0, 0.19999998807907104 ] },
            "down": { "texture": "#5", "uv": [ 0.0, 0.0, 4.0, 0.19999998807907104 ] }
        }
    },
    {
        "name": "Cube",
        "from": [ 7.300000004470348, 9.899999998509884, 7.4000000059604645 ], 
        "to": [ 7.499999992549419, 10.099999986588955, 7.5999999940395355 ], 
        "faces": {
            "north": { "texture": "#4", "uv": [ 0.0, 0.0, 0.09999998658895493, 0.19999998807907102 ] },
            "east": { "texture": "#4", "uv": [ 0.0, 0.0, 0.19999998807907104, 0.19999998807907104 ] },
            "south": { "texture": "#4", "uv": [ 0.0, 0.0, 0.19999998807907104, 0.19999998807907104 ] },
            "west": { "texture": "#4", "uv": [ 0.0, 0.0, 0.19999998807907104, 0.19999998807907104 ] },
            "up": { "texture": "#4", "uv": [ 0.0, 0.0, 0.19999998807907104, 0.19999998807907104 ] },
            "down": { "texture": "#4", "uv": [ 0.0, 0.0, 0.19999998807907104, 0.19999998807907104 ] }
        }
    },
    {
        "name": "Cube",
        "from": [ 6.899999998509884, 6.0, 6.899999998509884 ], 
        "to": [ 8.0, 6.199999988079071, 8.0 ], 
        "faces": {
            "north": { "texture": "#4", "uv": [ 0.0, 0.0, 1.1000000014901161, 0.19999998807907104 ] },
            "east": { "texture": "#4", "uv": [ 0.0, 0.0, 1.1000000014901161, 0.19999998807907104 ] },
            "south": { "texture": "#4", "uv": [ 0.0, 0.0, 1.1000000014901161, 0.19999998807907104 ] },
            "west": { "texture": "#4", "uv": [ 0.0, 0.0, 1.1000000014901161, 0.19999998807907104 ] },
            "up": { "texture": "#4", "uv": [ 0.0, 0.0, 1.1000000014901161, 1.1000000014901161 ] },
            "down": { "texture": "#4", "uv": [ 0.0, 0.0, 1.1000000014901161, 1.1000000014901161 ] }
        }
    }
]
}