{
"__comment": "Model generated using MrCrayfish's Model Creator (http://mrcrayfish.com/modelcreator/)",
"textures": {
    "0": "mcbt/coal_block",
    "1": "mcbt/anvil_base",
    "2": "mcbt/wool_colored_light_blue"
},
"display": {
    "thirdperson_righthand": {
        "rotation": [ 0, 0, 20 ],
        "translation": [ -0.7, 0.8, -1 ],
        "scale": [ 0.40, 0.40, 0.40 ]
    },
    "ground": {
        "rotation": [ 0, 100, 25 ],
        "translation": [ 0, 3, 0 ],
        "scale": [ 0.4, 0.4, 0.4 ]
    },
    "fixed": {
        "rotation": [ 0, 180, 0 ],
        "translation": [ 0, 0, -2 ],
        "scale": [ 0.8, 0.8, 0.8 ]
    },
    "gui": {
        "rotation": [ 0, -25, 25 ],
        "translation": [ 0, 1, 0 ],
        "scale": [ 2.7, 2.7, 2.7 ]
    },
    "firstperson_righthand": {
        "rotation": [ 0, 0, 20 ],
        "translation": [ 0, 2, 2 ],
        "scale": [ 0.4, 0.4, 0.4 ]
    }
},
"elements": [
    {
        "name": "Cube",
        "from": [ 4.0, 2.0, 4.0 ], 
        "to": [ 7.0, 6.0, 7.0 ], 
        "faces": {
            "north": { "texture": "#0", "uv": [ 0.0, 0.0, 3.0, 4.0 ] },
            "east": { "texture": "#0", "uv": [ 0.0, 0.0, 3.0, 4.0 ] },
            "south": { "texture": "#0", "uv": [ 0.0, 0.0, 3.0, 4.0 ] },
            "west": { "texture": "#0", "uv": [ 0.0, 0.0, 3.0, 4.0 ] },
            "up": { "texture": "#0", "uv": [ 0.0, 0.0, 3.0, 3.0 ] },
            "down": { "texture": "#0", "uv": [ 0.0, 0.0, 3.0, 3.0 ] }
        }
    },
    {
        "name": "Cube",
        "from": [ 9.0, 2.0, 4.0 ], 
        "to": [ 12.0, 6.0, 7.0 ], 
        "faces": {
            "north": { "texture": "#0", "uv": [ 0.0, 0.0, 3.0, 4.0 ] },
            "east": { "texture": "#0", "uv": [ 0.0, 0.0, 3.0, 4.0 ] },
            "south": { "texture": "#0", "uv": [ 0.0, 0.0, 3.0, 4.0 ] },
            "west": { "texture": "#0", "uv": [ 0.0, 0.0, 3.0, 4.0 ] },
            "up": { "texture": "#0", "uv": [ 0.0, 0.0, 3.0, 3.0 ] },
            "down": { "texture": "#0", "uv": [ 0.0, 0.0, 3.0, 3.0 ] }
        }
    },
    {
        "name": "Cube",
        "from": [ 9.0, 2.0, 9.0 ], 
        "to": [ 12.0, 6.0, 12.0 ], 
        "faces": {
            "north": { "texture": "#0", "uv": [ 0.0, 0.0, 3.0, 4.0 ] },
            "east": { "texture": "#0", "uv": [ 0.0, 0.0, 3.0, 4.0 ] },
            "south": { "texture": "#0", "uv": [ 0.0, 0.0, 3.0, 4.0 ] },
            "west": { "texture": "#0", "uv": [ 0.0, 0.0, 3.0, 4.0 ] },
            "up": { "texture": "#0", "uv": [ 0.0, 0.0, 3.0, 3.0 ] },
            "down": { "texture": "#0", "uv": [ 0.0, 0.0, 3.0, 3.0 ] }
        }
    },
    {
        "name": "Cube",
        "from": [ 4.0, 2.0, 9.0 ], 
        "to": [ 7.0, 6.0, 12.0 ], 
        "faces": {
            "north": { "texture": "#0", "uv": [ 0.0, 0.0, 3.0, 4.0 ] },
            "east": { "texture": "#0", "uv": [ 0.0, 0.0, 3.0, 4.0 ] },
            "south": { "texture": "#0", "uv": [ 0.0, 0.0, 3.0, 4.0 ] },
            "west": { "texture": "#0", "uv": [ 0.0, 0.0, 3.0, 4.0 ] },
            "up": { "texture": "#0", "uv": [ 0.0, 0.0, 3.0, 3.0 ] },
            "down": { "texture": "#0", "uv": [ 0.0, 0.0, 3.0, 3.0 ] }
        }
    },
    {
        "name": "Cube",
        "from": [ 5.0, 2.0, 5.0 ], 
        "to": [ 11.0, 13.0, 11.0 ], 
        "faces": {
            "north": { "texture": "#1", "uv": [ 0.0, 0.0, 6.0, 11.0 ] },
            "east": { "texture": "#1", "uv": [ 0.0, 0.0, 6.0, 11.0 ] },
            "south": { "texture": "#1", "uv": [ 0.0, 0.0, 6.0, 11.0 ] },
            "west": { "texture": "#1", "uv": [ 0.0, 0.0, 6.0, 11.0 ] },
            "up": { "texture": "#1", "uv": [ 0.0, 0.0, 6.0, 6.0 ] },
            "down": { "texture": "#1", "uv": [ 0.0, 0.0, 6.0, 6.0 ] }
        }
    },
    {
        "name": "Cube",
        "from": [ 7.0, 7.0, 4.500000007450581 ], 
        "to": [ 9.0, 8.0, 5.0 ], 
        "faces": {
            "north": { "texture": "#2", "uv": [ 0.0, 0.0, 2.0, 1.0 ] },
            "east": { "texture": "#2", "uv": [ 0.0, 0.0, 0.4999999925494194, 1.0 ] },
            "south": { "texture": "#2", "uv": [ 0.0, 0.0, 2.0, 1.0 ] },
            "west": { "texture": "#2", "uv": [ 0.0, 0.0, 0.4999999925494194, 1.0 ] },
            "up": { "texture": "#2", "uv": [ 0.0, 0.0, 2.0, 0.4999999925494194 ] },
            "down": { "texture": "#2", "uv": [ 0.0, 0.0, 2.0, 0.4999999925494194 ] }
        }
    },
    {
        "name": "Cube",
        "from": [ 7.0, 7.0, 11.0 ], 
        "to": [ 9.0, 8.0, 11.49999999254942 ], 
        "faces": {
            "north": { "texture": "#2", "uv": [ 0.0, 0.0, 2.0, 1.0 ] },
            "east": { "texture": "#2", "uv": [ 0.0, 0.0, 0.4999999925494194, 1.0 ] },
            "south": { "texture": "#2", "uv": [ 0.0, 0.0, 2.0, 1.0 ] },
            "west": { "texture": "#2", "uv": [ 0.0, 0.0, 0.4999999925494194, 1.0 ] },
            "up": { "texture": "#2", "uv": [ 0.0, 0.0, 2.0, 0.4999999925494194 ] },
            "down": { "texture": "#2", "uv": [ 0.0, 0.0, 2.0, 0.4999999925494194 ] }
        }
    },
    {
        "name": "Cube",
        "from": [ 11.0, 7.0, 7.0 ], 
        "to": [ 11.49999999254942, 8.0, 9.0 ], 
        "faces": {
            "north": { "texture": "#2", "uv": [ 0.0, 0.0, 0.4999999925494194, 1.0 ] },
            "east": { "texture": "#2", "uv": [ 0.0, 0.0, 2.0, 1.0 ] },
            "south": { "texture": "#2", "uv": [ 0.0, 0.0, 0.4999999925494194, 1.0 ] },
            "west": { "texture": "#2", "uv": [ 0.0, 0.0, 2.0, 1.0 ] },
            "up": { "texture": "#2", "uv": [ 0.0, 0.0, 0.4999999925494194, 2.0 ] },
            "down": { "texture": "#2", "uv": [ 0.0, 0.0, 0.4999999925494194, 2.0 ] }
        }
    },
    {
        "name": "Cube",
        "from": [ 4.500000007450581, 7.0, 7.0 ], 
        "to": [ 5.0, 8.0, 9.0 ], 
        "faces": {
            "north": { "texture": "#2", "uv": [ 0.0, 0.0, 0.4999999925494194, 1.0 ] },
            "east": { "texture": "#2", "uv": [ 0.0, 0.0, 2.0, 1.0 ] },
            "south": { "texture": "#2", "uv": [ 0.0, 0.0, 0.4999999925494194, 1.0 ] },
            "west": { "texture": "#2", "uv": [ 0.0, 0.0, 2.0, 1.0 ] },
            "up": { "texture": "#2", "uv": [ 0.0, 0.0, 0.4999999925494194, 2.0 ] },
            "down": { "texture": "#2", "uv": [ 0.0, 0.0, 0.4999999925494194, 2.0 ] }
        }
    },
    {
        "name": "Cube",
        "from": [ 4.0, 9.0, 4.0 ], 
        "to": [ 7.0, 13.0, 5.0 ], 
        "faces": {
            "north": { "texture": "#0", "uv": [ 0.0, 0.0, 3.0, 4.0 ] },
            "east": { "texture": "#0", "uv": [ 0.0, 0.0, 1.0, 4.0 ] },
            "south": { "texture": "#0", "uv": [ 0.0, 0.0, 3.0, 4.0 ] },
            "west": { "texture": "#0", "uv": [ 0.0, 0.0, 1.0, 4.0 ] },
            "up": { "texture": "#0", "uv": [ 0.0, 0.0, 3.0, 1.0 ] },
            "down": { "texture": "#0", "uv": [ 0.0, 0.0, 3.0, 1.0 ] }
        }
    },
    {
        "name": "Cube",
        "from": [ 7.0, 13.0, 7.0 ], 
        "to": [ 9.0, 13.49999999254942, 9.0 ], 
        "faces": {
            "north": { "texture": "#2", "uv": [ 0.0, 0.0, 2.0, 0.4999999925494194 ] },
            "east": { "texture": "#2", "uv": [ 0.0, 0.0, 2.0, 0.4999999925494194 ] },
            "south": { "texture": "#2", "uv": [ 0.0, 0.0, 2.0, 0.4999999925494194 ] },
            "west": { "texture": "#2", "uv": [ 0.0, 0.0, 2.0, 0.4999999925494194 ] },
            "up": { "texture": "#2", "uv": [ 0.0, 0.0, 2.0, 2.0 ] },
            "down": { "texture": "#2", "uv": [ 0.0, 0.0, 2.0, 2.0 ] }
        }
    },
    {
        "name": "Cube",
        "from": [ 7.0, 1.5000000074505806, 7.0 ], 
        "to": [ 9.0, 2.0, 9.0 ], 
        "faces": {
            "north": { "texture": "#2", "uv": [ 0.0, 0.0, 2.0, 0.4999999925494194 ] },
            "east": { "texture": "#2", "uv": [ 0.0, 0.0, 2.0, 0.4999999925494194 ] },
            "south": { "texture": "#2", "uv": [ 0.0, 0.0, 2.0, 0.4999999925494194 ] },
            "west": { "texture": "#2", "uv": [ 0.0, 0.0, 2.0, 0.4999999925494194 ] },
            "up": { "texture": "#2", "uv": [ 0.0, 0.0, 2.0, 2.0 ] },
            "down": { "texture": "#2", "uv": [ 0.0, 0.0, 2.0, 2.0 ] }
        }
    },
    {
        "name": "Cube",
        "from": [ 9.0, 9.0, 4.0 ], 
        "to": [ 12.0, 13.0, 5.0 ], 
        "faces": {
            "north": { "texture": "#0", "uv": [ 0.0, 0.0, 3.0, 4.0 ] },
            "east": { "texture": "#0", "uv": [ 0.0, 0.0, 1.0, 4.0 ] },
            "south": { "texture": "#0", "uv": [ 0.0, 0.0, 3.0, 4.0 ] },
            "west": { "texture": "#0", "uv": [ 0.0, 0.0, 1.0, 4.0 ] },
            "up": { "texture": "#0", "uv": [ 0.0, 0.0, 3.0, 1.0 ] },
            "down": { "texture": "#0", "uv": [ 0.0, 0.0, 3.0, 1.0 ] }
        }
    },
    {
        "name": "Cube",
        "from": [ 9.0, 9.0, 11.0 ], 
        "to": [ 12.0, 13.0, 12.0 ], 
        "faces": {
            "north": { "texture": "#0", "uv": [ 0.0, 0.0, 3.0, 4.0 ] },
            "east": { "texture": "#0", "uv": [ 0.0, 0.0, 1.0, 4.0 ] },
            "south": { "texture": "#0", "uv": [ 0.0, 0.0, 3.0, 4.0 ] },
            "west": { "texture": "#0", "uv": [ 0.0, 0.0, 1.0, 4.0 ] },
            "up": { "texture": "#0", "uv": [ 0.0, 0.0, 3.0, 1.0 ] },
            "down": { "texture": "#0", "uv": [ 0.0, 0.0, 3.0, 1.0 ] }
        }
    },
    {
        "name": "Cube",
        "from": [ 4.0, 9.0, 11.0 ], 
        "to": [ 7.0, 13.0, 12.0 ], 
        "faces": {
            "north": { "texture": "#0", "uv": [ 0.0, 0.0, 3.0, 4.0 ] },
            "east": { "texture": "#0", "uv": [ 0.0, 0.0, 1.0, 4.0 ] },
            "south": { "texture": "#0", "uv": [ 0.0, 0.0, 3.0, 4.0 ] },
            "west": { "texture": "#0", "uv": [ 0.0, 0.0, 1.0, 4.0 ] },
            "up": { "texture": "#0", "uv": [ 0.0, 0.0, 3.0, 1.0 ] },
            "down": { "texture": "#0", "uv": [ 0.0, 0.0, 3.0, 1.0 ] }
        }
    },
    {
        "name": "Cube",
        "from": [ 4.0, 9.0, 10.0 ], 
        "to": [ 5.0, 13.0, 11.0 ], 
        "faces": {
            "north": { "texture": "#0", "uv": [ 0.0, 0.0, 1.0, 4.0 ] },
            "east": { "texture": "#0", "uv": [ 0.0, 0.0, 1.0, 4.0 ] },
            "south": { "texture": "#0", "uv": [ 0.0, 0.0, 1.0, 4.0 ] },
            "west": { "texture": "#0", "uv": [ 0.0, 0.0, 1.0, 4.0 ] },
            "up": { "texture": "#0", "uv": [ 0.0, 0.0, 1.0, 1.0 ] },
            "down": { "texture": "#0", "uv": [ 0.0, 0.0, 1.0, 1.0 ] }
        }
    },
    {
        "name": "Cube",
        "from": [ 11.0, 9.0, 10.0 ], 
        "to": [ 12.0, 13.0, 11.0 ], 
        "faces": {
            "north": { "texture": "#0", "uv": [ 0.0, 0.0, 1.0, 4.0 ] },
            "east": { "texture": "#0", "uv": [ 0.0, 0.0, 1.0, 4.0 ] },
            "south": { "texture": "#0", "uv": [ 0.0, 0.0, 1.0, 4.0 ] },
            "west": { "texture": "#0", "uv": [ 0.0, 0.0, 1.0, 4.0 ] },
            "up": { "texture": "#0", "uv": [ 0.0, 0.0, 1.0, 1.0 ] },
            "down": { "texture": "#0", "uv": [ 0.0, 0.0, 1.0, 1.0 ] }
        }
    },
    {
        "name": "Cube",
        "from": [ 11.0, 9.0, 5.0 ], 
        "to": [ 12.0, 13.0, 6.0 ], 
        "faces": {
            "north": { "texture": "#0", "uv": [ 0.0, 0.0, 1.0, 4.0 ] },
            "east": { "texture": "#0", "uv": [ 0.0, 0.0, 1.0, 4.0 ] },
            "south": { "texture": "#0", "uv": [ 0.0, 0.0, 1.0, 4.0 ] },
            "west": { "texture": "#0", "uv": [ 0.0, 0.0, 1.0, 4.0 ] },
            "up": { "texture": "#0", "uv": [ 0.0, 0.0, 1.0, 1.0 ] },
            "down": { "texture": "#0", "uv": [ 0.0, 0.0, 1.0, 1.0 ] }
        }
    },
    {
        "name": "Cube",
        "from": [ 4.0, 9.0, 5.0 ], 
        "to": [ 5.0, 13.0, 6.0 ], 
        "faces": {
            "north": { "texture": "#0", "uv": [ 0.0, 0.0, 1.0, 4.0 ] },
            "east": { "texture": "#0", "uv": [ 0.0, 0.0, 1.0, 4.0 ] },
            "south": { "texture": "#0", "uv": [ 0.0, 0.0, 1.0, 4.0 ] },
            "west": { "texture": "#0", "uv": [ 0.0, 0.0, 1.0, 4.0 ] },
            "up": { "texture": "#0", "uv": [ 0.0, 0.0, 1.0, 1.0 ] },
            "down": { "texture": "#0", "uv": [ 0.0, 0.0, 1.0, 1.0 ] }
        }
    },
    {
        "name": "Cube",
        "from": [ 11.0, 9.0, 6.0 ], 
        "to": [ 12.0, 13.0, 7.0 ], 
        "faces": {
            "north": { "texture": "#0", "uv": [ 0.0, 0.0, 1.0, 4.0 ] },
            "east": { "texture": "#0", "uv": [ 0.0, 0.0, 1.0, 4.0 ] },
            "south": { "texture": "#0", "uv": [ 0.0, 0.0, 1.0, 4.0 ] },
            "west": { "texture": "#0", "uv": [ 0.0, 0.0, 1.0, 4.0 ] },
            "up": { "texture": "#0", "uv": [ 0.0, 0.0, 1.0, 1.0 ] },
            "down": { "texture": "#0", "uv": [ 0.0, 0.0, 1.0, 1.0 ] }
        }
    },
    {
        "name": "Cube",
        "from": [ 11.0, 9.0, 9.0 ], 
        "to": [ 12.0, 13.0, 10.0 ], 
        "faces": {
            "north": { "texture": "#0", "uv": [ 0.0, 0.0, 1.0, 4.0 ] },
            "east": { "texture": "#0", "uv": [ 0.0, 0.0, 1.0, 4.0 ] },
            "south": { "texture": "#0", "uv": [ 0.0, 0.0, 1.0, 4.0 ] },
            "west": { "texture": "#0", "uv": [ 0.0, 0.0, 1.0, 4.0 ] },
            "up": { "texture": "#0", "uv": [ 0.0, 0.0, 1.0, 1.0 ] },
            "down": { "texture": "#0", "uv": [ 0.0, 0.0, 1.0, 1.0 ] }
        }
    },
    {
        "name": "Cube",
        "from": [ 4.0, 9.0, 9.0 ], 
        "to": [ 5.0, 13.0, 10.0 ], 
        "faces": {
            "north": { "texture": "#0", "uv": [ 0.0, 0.0, 1.0, 4.0 ] },
            "east": { "texture": "#0", "uv": [ 0.0, 0.0, 1.0, 4.0 ] },
            "south": { "texture": "#0", "uv": [ 0.0, 0.0, 1.0, 4.0 ] },
            "west": { "texture": "#0", "uv": [ 0.0, 0.0, 1.0, 4.0 ] },
            "up": { "texture": "#0", "uv": [ 0.0, 0.0, 1.0, 1.0 ] },
            "down": { "texture": "#0", "uv": [ 0.0, 0.0, 1.0, 1.0 ] }
        }
    },
    {
        "name": "Cube",
        "from": [ 4.0, 9.0, 6.0 ], 
        "to": [ 5.0, 13.0, 7.0 ], 
        "faces": {
            "north": { "texture": "#0", "uv": [ 0.0, 0.0, 1.0, 4.0 ] },
            "east": { "texture": "#0", "uv": [ 0.0, 0.0, 1.0, 4.0 ] },
            "south": { "texture": "#0", "uv": [ 0.0, 0.0, 1.0, 4.0 ] },
            "west": { "texture": "#0", "uv": [ 0.0, 0.0, 1.0, 4.0 ] },
            "up": { "texture": "#0", "uv": [ 0.0, 0.0, 1.0, 1.0 ] },
            "down": { "texture": "#0", "uv": [ 0.0, 0.0, 1.0, 1.0 ] }
        }
    }
]
}