{
"__comment": "Model generated using MrCrayfish's Model Creator (http://mrcrayfish.com/modelcreator/)",
"textures": {
    "0": "mcbt/anvil_base",
    "1": "mcbt/wool_colored_purple",
    "2": "mcbt/quartz_block_side"
},
"display": {
    "thirdperson_righthand": {
        "rotation": [ 70, 0, 0 ],
        "translation": [ 0, 3, 3 ],
        "scale": [ 0.38, 0.38, 0.38 ]
    },
    "ground": {
        "rotation": [ 0, 100, 25 ],
        "translation": [ 0, 3, 0 ],
        "scale": [ 0.25, 0.25, 0.25 ]
    },
    "fixed": {
        "rotation": [ -90, 0, 0 ],
        "translation": [ 0, 0, -4 ],
        "scale": [ 0.6, 0.6, 0.6 ]
    },
    "gui": {
        "rotation": [ 90, 0, 30 ],
        "translation": [ -3, 0, 0 ],
        "scale": [ 1, 1, 1 ]
    },
    "firstperson_righthand": {
        "rotation": [ 70, 0, 40 ],
        "translation": [ 0, 2, 2 ],
        "scale": [ 0.38, 0.38, 0.38 ]
    }
},
"elements": [
    {
        "name": "Cube",
        "from": [ 1.0, 0.0, 1.0 ], 
        "to": [ 15.0, 3.0, 15.0 ], 
        "faces": {
            "north": { "texture": "#0", "uv": [ 0.0, 0.0, 14.0, 3.0 ] },
            "east": { "texture": "#0", "uv": [ 0.0, 0.0, 14.0, 3.0 ] },
            "south": { "texture": "#0", "uv": [ 0.0, 0.0, 14.0, 3.0 ] },
            "west": { "texture": "#0", "uv": [ 0.0, 0.0, 14.0, 3.0 ] },
            "up": { "texture": "#0", "uv": [ 0.0, 0.0, 14.0, 14.0 ] },
            "down": { "texture": "#0", "uv": [ 0.0, 0.0, 14.0, 14.0 ] }
        }
    },
    {
        "name": "Cube",
        "from": [ 7.0, 3.0, 7.0 ], 
        "to": [ 9.0, 4.0, 9.0 ], 
        "faces": {
            "north": { "texture": "#1", "uv": [ 0.0, 0.0, 2.0, 1.0 ] },
            "east": { "texture": "#1", "uv": [ 0.0, 0.0, 2.0, 1.0 ] },
            "south": { "texture": "#1", "uv": [ 0.0, 0.0, 2.0, 1.0 ] },
            "west": { "texture": "#1", "uv": [ 0.0, 0.0, 2.0, 1.0 ] },
            "up": { "texture": "#1", "uv": [ 0.0, 0.0, 2.0, 2.0 ] },
            "down": { "texture": "#1", "uv": [ 0.0, 0.0, 2.0, 2.0 ] }
        }
    },
    {
        "name": "Cube",
        "from": [ 7.0, 3.0, 0.0 ], 
        "to": [ 9.0, 4.0, 6.0 ], 
        "faces": {
            "north": { "texture": "#2", "uv": [ 0.0, 0.0, 2.0, 1.0 ] },
            "east": { "texture": "#2", "uv": [ 0.0, 0.0, 6.0, 1.0 ] },
            "south": { "texture": "#2", "uv": [ 0.0, 0.0, 2.0, 1.0 ] },
            "west": { "texture": "#2", "uv": [ 0.0, 0.0, 6.0, 1.0 ] },
            "up": { "texture": "#2", "uv": [ 0.0, 0.0, 2.0, 6.0 ] },
            "down": { "texture": "#2", "uv": [ 0.0, 0.0, 2.0, 6.0 ] }
        }
    },
    {
        "name": "Cube",
        "from": [ 7.0, 3.0, 10.0 ], 
        "to": [ 9.0, 4.0, 16.0 ], 
        "faces": {
            "north": { "texture": "#2", "uv": [ 0.0, 0.0, 2.0, 1.0 ] },
            "east": { "texture": "#2", "uv": [ 0.0, 0.0, 6.0, 1.0 ] },
            "south": { "texture": "#2", "uv": [ 0.0, 0.0, 2.0, 1.0 ] },
            "west": { "texture": "#2", "uv": [ 0.0, 0.0, 6.0, 1.0 ] },
            "up": { "texture": "#2", "uv": [ 0.0, 0.0, 2.0, 6.0 ] },
            "down": { "texture": "#2", "uv": [ 0.0, 0.0, 2.0, 6.0 ] }
        }
    },
    {
        "name": "Cube",
        "from": [ 0.0, 3.0, 7.0 ], 
        "to": [ 6.0, 4.0, 9.0 ], 
        "faces": {
            "north": { "texture": "#2", "uv": [ 0.0, 0.0, 6.0, 1.0 ] },
            "east": { "texture": "#2", "uv": [ 0.0, 0.0, 2.0, 1.0 ] },
            "south": { "texture": "#2", "uv": [ 0.0, 0.0, 6.0, 1.0 ] },
            "west": { "texture": "#2", "uv": [ 0.0, 0.0, 2.0, 1.0 ] },
            "up": { "texture": "#2", "uv": [ 0.0, 0.0, 6.0, 2.0 ] },
            "down": { "texture": "#2", "uv": [ 0.0, 0.0, 6.0, 2.0 ] }
        }
    },
    {
        "name": "Cube",
        "from": [ 10.0, 3.0, 7.0 ], 
        "to": [ 16.0, 4.0, 9.0 ], 
        "faces": {
            "north": { "texture": "#2", "uv": [ 0.0, 0.0, 6.0, 1.0 ] },
            "east": { "texture": "#2", "uv": [ 0.0, 0.0, 2.0, 1.0 ] },
            "south": { "texture": "#2", "uv": [ 0.0, 0.0, 6.0, 1.0 ] },
            "west": { "texture": "#2", "uv": [ 0.0, 0.0, 2.0, 1.0 ] },
            "up": { "texture": "#2", "uv": [ 0.0, 0.0, 6.0, 2.0 ] },
            "down": { "texture": "#2", "uv": [ 0.0, 0.0, 6.0, 2.0 ] }
        }
    },
    {
        "name": "Cube",
        "from": [ 7.0, 0.0, 0.0 ], 
        "to": [ 9.0, 3.0, 1.0 ], 
        "faces": {
            "north": { "texture": "#2", "uv": [ 0.0, 0.0, 2.0, 3.0 ] },
            "east": { "texture": "#2", "uv": [ 0.0, 0.0, 1.0, 3.0 ] },
            "south": { "texture": "#2", "uv": [ 0.0, 0.0, 2.0, 3.0 ] },
            "west": { "texture": "#2", "uv": [ 0.0, 0.0, 1.0, 3.0 ] },
            "up": { "texture": "#2", "uv": [ 0.0, 0.0, 2.0, 1.0 ] },
            "down": { "texture": "#2", "uv": [ 0.0, 0.0, 2.0, 1.0 ] }
        }
    },
    {
        "name": "Cube",
        "from": [ 0.0, 0.0, 7.0 ], 
        "to": [ 1.0, 3.0, 9.0 ], 
        "faces": {
            "north": { "texture": "#2", "uv": [ 0.0, 0.0, 1.0, 3.0 ] },
            "east": { "texture": "#2", "uv": [ 0.0, 0.0, 2.0, 3.0 ] },
            "south": { "texture": "#2", "uv": [ 0.0, 0.0, 1.0, 3.0 ] },
            "west": { "texture": "#2", "uv": [ 0.0, 0.0, 2.0, 3.0 ] },
            "up": { "texture": "#2", "uv": [ 0.0, 0.0, 1.0, 2.0 ] },
            "down": { "texture": "#2", "uv": [ 0.0, 0.0, 1.0, 2.0 ] }
        }
    },
    {
        "name": "Cube",
        "from": [ 7.0, 0.0, 15.0 ], 
        "to": [ 9.0, 3.0, 16.0 ], 
        "faces": {
            "north": { "texture": "#2", "uv": [ 0.0, 0.0, 2.0, 3.0 ] },
            "east": { "texture": "#2", "uv": [ 0.0, 0.0, 1.0, 3.0 ] },
            "south": { "texture": "#2", "uv": [ 0.0, 0.0, 2.0, 3.0 ] },
            "west": { "texture": "#2", "uv": [ 0.0, 0.0, 1.0, 3.0 ] },
            "up": { "texture": "#2", "uv": [ 0.0, 0.0, 2.0, 1.0 ] },
            "down": { "texture": "#2", "uv": [ 0.0, 0.0, 2.0, 1.0 ] }
        }
    },
    {
        "name": "Cube",
        "from": [ 15.0, 0.0, 7.0 ], 
        "to": [ 16.0, 3.0, 9.0 ], 
        "faces": {
            "north": { "texture": "#2", "uv": [ 0.0, 0.0, 1.0, 3.0 ] },
            "east": { "texture": "#2", "uv": [ 0.0, 0.0, 2.0, 3.0 ] },
            "south": { "texture": "#2", "uv": [ 0.0, 0.0, 1.0, 3.0 ] },
            "west": { "texture": "#2", "uv": [ 0.0, 0.0, 2.0, 3.0 ] },
            "up": { "texture": "#2", "uv": [ 0.0, 0.0, 1.0, 2.0 ] },
            "down": { "texture": "#2", "uv": [ 0.0, 0.0, 1.0, 2.0 ] }
        }
    },
    {
        "name": "Cube",
        "from": [ 4.0, 3.0, 4.0 ], 
        "to": [ 7.0, 4.0, 7.0 ], 
        "faces": {
            "north": { "texture": "#2", "uv": [ 0.0, 0.0, 3.0, 1.0 ] },
            "east": { "texture": "#2", "uv": [ 0.0, 0.0, 3.0, 1.0 ] },
            "south": { "texture": "#2", "uv": [ 0.0, 0.0, 3.0, 1.0 ] },
            "west": { "texture": "#2", "uv": [ 0.0, 0.0, 3.0, 1.0 ] },
            "up": { "texture": "#2", "uv": [ 0.0, 0.0, 3.0, 3.0 ] },
            "down": { "texture": "#2", "uv": [ 0.0, 0.0, 3.0, 3.0 ] }
        }
    },
    {
        "name": "Cube",
        "from": [ 9.0, 3.0, 4.0 ], 
        "to": [ 12.0, 4.0, 7.0 ], 
        "faces": {
            "north": { "texture": "#2", "uv": [ 0.0, 0.0, 3.0, 1.0 ] },
            "east": { "texture": "#2", "uv": [ 0.0, 0.0, 3.0, 1.0 ] },
            "south": { "texture": "#2", "uv": [ 0.0, 0.0, 3.0, 1.0 ] },
            "west": { "texture": "#2", "uv": [ 0.0, 0.0, 3.0, 1.0 ] },
            "up": { "texture": "#2", "uv": [ 0.0, 0.0, 3.0, 3.0 ] },
            "down": { "texture": "#2", "uv": [ 0.0, 0.0, 3.0, 3.0 ] }
        }
    },
    {
        "name": "Cube",
        "from": [ 9.0, 3.0, 9.0 ], 
        "to": [ 12.0, 4.0, 12.0 ], 
        "faces": {
            "north": { "texture": "#2", "uv": [ 0.0, 0.0, 3.0, 1.0 ] },
            "east": { "texture": "#2", "uv": [ 0.0, 0.0, 3.0, 1.0 ] },
            "south": { "texture": "#2", "uv": [ 0.0, 0.0, 3.0, 1.0 ] },
            "west": { "texture": "#2", "uv": [ 0.0, 0.0, 3.0, 1.0 ] },
            "up": { "texture": "#2", "uv": [ 0.0, 0.0, 3.0, 3.0 ] },
            "down": { "texture": "#2", "uv": [ 0.0, 0.0, 3.0, 3.0 ] }
        }
    },
    {
        "name": "Cube",
        "from": [ 4.0, 3.0, 9.0 ], 
        "to": [ 7.0, 4.0, 12.0 ], 
        "faces": {
            "north": { "texture": "#2", "uv": [ 0.0, 0.0, 3.0, 1.0 ] },
            "east": { "texture": "#2", "uv": [ 0.0, 0.0, 3.0, 1.0 ] },
            "south": { "texture": "#2", "uv": [ 0.0, 0.0, 3.0, 1.0 ] },
            "west": { "texture": "#2", "uv": [ 0.0, 0.0, 3.0, 1.0 ] },
            "up": { "texture": "#2", "uv": [ 0.0, 0.0, 3.0, 3.0 ] },
            "down": { "texture": "#2", "uv": [ 0.0, 0.0, 3.0, 3.0 ] }
        }
    }
]
}