{
"__comment": "Model generated using MrCrayfish's Model Creator (http://mrcrayfish.com/modelcreator/)",
"textures": {
    "0": "mcbt/anvil_base",
    "1": "mcbt/wool_colored_orange",
    "2": "mcbt/coal_block"
},
"display": {
    "thirdperson_righthand": {
        "rotation": [ 0, -20, 0 ],
        "translation": [ -0.8, 1, 0 ],
        "scale": [ 0.28, 0.28, 0.28 ]
    },
    "ground": {
        "rotation": [ 0, 100, 25 ],
        "translation": [ 0, 3, 0 ],
        "scale": [ 0.28, 0.28, 0.28 ]
    },
    "fixed": {
        "rotation": [ 0, 180, 0 ],
        "translation": [ 0, 0, -2 ],
        "scale": [ 0.7, 0.7, 0.7 ]
    },
    "gui": {
        "rotation": [ 0, -25, 25 ],
        "translation": [ 0, 0, 0 ],
        "scale": [ 1.8, 1.8, 1.8 ]
    },
    "firstperson_righthand": {
        "rotation": [ 0, -25, 0 ],
        "translation": [ 0, 2, 2 ],
        "scale": [ 0.28, 0.28, 0.28 ]
    }
},
"elements": [
    {
        "name": "Cube",
        "from": [ 2.0, 13.0, 2.0 ], 
        "to": [ 14.0, 16.0, 14.0 ], 
        "faces": {
            "north": { "texture": "#0", "uv": [ 0.0, 0.0, 12.0, 3.0 ] },
            "east": { "texture": "#0", "uv": [ 0.0, 0.0, 12.0, 3.0 ] },
            "south": { "texture": "#0", "uv": [ 0.0, 0.0, 12.0, 3.0 ] },
            "west": { "texture": "#0", "uv": [ 0.0, 0.0, 12.0, 3.0 ] },
            "up": { "texture": "#0", "uv": [ 0.0, 0.0, 12.0, 12.0 ] },
            "down": { "texture": "#0", "uv": [ 0.0, 0.0, 12.0, 12.0 ] }
        }
    },
    {
        "name": "Cube",
        "from": [ 4.0, 12.0, 4.0 ], 
        "to": [ 12.0, 13.0, 12.0 ], 
        "faces": {
            "north": { "texture": "#1", "uv": [ 0.0, 0.0, 8.0, 1.0 ] },
            "east": { "texture": "#1", "uv": [ 0.0, 0.0, 8.0, 1.0 ] },
            "south": { "texture": "#1", "uv": [ 0.0, 0.0, 8.0, 1.0 ] },
            "west": { "texture": "#1", "uv": [ 0.0, 0.0, 8.0, 1.0 ] },
            "up": { "texture": "#1", "uv": [ 0.0, 0.0, 8.0, 8.0 ] },
            "down": { "texture": "#1", "uv": [ 0.0, 0.0, 8.0, 8.0 ] }
        }
    },
    {
        "name": "Cube",
        "from": [ 2.0, 9.0, 2.0 ], 
        "to": [ 14.0, 12.0, 14.0 ], 
        "faces": {
            "north": { "texture": "#0", "uv": [ 0.0, 0.0, 12.0, 3.0 ] },
            "east": { "texture": "#0", "uv": [ 0.0, 0.0, 12.0, 3.0 ] },
            "south": { "texture": "#0", "uv": [ 0.0, 0.0, 12.0, 3.0 ] },
            "west": { "texture": "#0", "uv": [ 0.0, 0.0, 12.0, 3.0 ] },
            "up": { "texture": "#0", "uv": [ 0.0, 0.0, 12.0, 12.0 ] },
            "down": { "texture": "#0", "uv": [ 0.0, 0.0, 12.0, 12.0 ] }
        }
    },
    {
        "name": "Cube",
        "from": [ 4.0, 8.0, 4.0 ], 
        "to": [ 12.0, 9.0, 12.0 ], 
        "faces": {
            "north": { "texture": "#1", "uv": [ 0.0, 0.0, 8.0, 1.0 ] },
            "east": { "texture": "#1", "uv": [ 0.0, 0.0, 8.0, 1.0 ] },
            "south": { "texture": "#1", "uv": [ 0.0, 0.0, 8.0, 1.0 ] },
            "west": { "texture": "#1", "uv": [ 0.0, 0.0, 8.0, 1.0 ] },
            "up": { "texture": "#1", "uv": [ 0.0, 0.0, 8.0, 8.0 ] },
            "down": { "texture": "#1", "uv": [ 0.0, 0.0, 8.0, 8.0 ] }
        }
    },
    {
        "name": "Cube",
        "from": [ 2.0, 5.0, 2.0 ], 
        "to": [ 14.0, 8.0, 14.0 ], 
        "faces": {
            "north": { "texture": "#0", "uv": [ 0.0, 0.0, 12.0, 3.0 ] },
            "east": { "texture": "#0", "uv": [ 0.0, 0.0, 12.0, 3.0 ] },
            "south": { "texture": "#0", "uv": [ 0.0, 0.0, 12.0, 3.0 ] },
            "west": { "texture": "#0", "uv": [ 0.0, 0.0, 12.0, 3.0 ] },
            "up": { "texture": "#0", "uv": [ 0.0, 0.0, 12.0, 12.0 ] },
            "down": { "texture": "#0", "uv": [ 0.0, 0.0, 12.0, 12.0 ] }
        }
    },
    {
        "name": "Cube",
        "from": [ 4.0, 4.0, 4.0 ], 
        "to": [ 12.0, 5.0, 12.0 ], 
        "faces": {
            "north": { "texture": "#1", "uv": [ 0.0, 0.0, 8.0, 1.0 ] },
            "east": { "texture": "#1", "uv": [ 0.0, 0.0, 8.0, 1.0 ] },
            "south": { "texture": "#1", "uv": [ 0.0, 0.0, 8.0, 1.0 ] },
            "west": { "texture": "#1", "uv": [ 0.0, 0.0, 8.0, 1.0 ] },
            "up": { "texture": "#1", "uv": [ 0.0, 0.0, 8.0, 8.0 ] },
            "down": { "texture": "#1", "uv": [ 0.0, 0.0, 8.0, 8.0 ] }
        }
    },
    {
        "name": "Cube",
        "from": [ 2.0, 1.0, 2.0 ], 
        "to": [ 14.0, 4.0, 14.0 ], 
        "faces": {
            "north": { "texture": "#0", "uv": [ 0.0, 0.0, 12.0, 3.0 ] },
            "east": { "texture": "#0", "uv": [ 0.0, 0.0, 12.0, 3.0 ] },
            "south": { "texture": "#0", "uv": [ 0.0, 0.0, 12.0, 3.0 ] },
            "west": { "texture": "#0", "uv": [ 0.0, 0.0, 12.0, 3.0 ] },
            "up": { "texture": "#0", "uv": [ 0.0, 0.0, 12.0, 12.0 ] },
            "down": { "texture": "#0", "uv": [ 0.0, 0.0, 12.0, 12.0 ] }
        }
    },
    {
        "name": "Cube",
        "from": [ 3.0, 4.0, 12.0 ], 
        "to": [ 5.0, 5.0, 13.0 ], 
        "faces": {
            "north": { "texture": "#2", "uv": [ 0.0, 0.0, 2.0, 1.0 ] },
            "east": { "texture": "#2", "uv": [ 0.0, 0.0, 1.0, 1.0 ] },
            "south": { "texture": "#2", "uv": [ 0.0, 0.0, 2.0, 1.0 ] },
            "west": { "texture": "#2", "uv": [ 0.0, 0.0, 1.0, 1.0 ] },
            "up": { "texture": "#2", "uv": [ 0.0, 0.0, 2.0, 1.0 ] },
            "down": { "texture": "#2", "uv": [ 0.0, 0.0, 2.0, 1.0 ] }
        }
    },
    {
        "name": "Cube",
        "from": [ 11.0, 4.0, 12.0 ], 
        "to": [ 13.0, 5.0, 13.0 ], 
        "faces": {
            "north": { "texture": "#2", "uv": [ 0.0, 0.0, 2.0, 1.0 ] },
            "east": { "texture": "#2", "uv": [ 0.0, 0.0, 1.0, 1.0 ] },
            "south": { "texture": "#2", "uv": [ 0.0, 0.0, 2.0, 1.0 ] },
            "west": { "texture": "#2", "uv": [ 0.0, 0.0, 1.0, 1.0 ] },
            "up": { "texture": "#2", "uv": [ 0.0, 0.0, 2.0, 1.0 ] },
            "down": { "texture": "#2", "uv": [ 0.0, 0.0, 2.0, 1.0 ] }
        }
    },
    {
        "name": "Cube",
        "from": [ 11.0, 4.0, 3.0 ], 
        "to": [ 13.0, 5.0, 4.0 ], 
        "faces": {
            "north": { "texture": "#2", "uv": [ 0.0, 0.0, 2.0, 1.0 ] },
            "east": { "texture": "#2", "uv": [ 0.0, 0.0, 1.0, 1.0 ] },
            "south": { "texture": "#2", "uv": [ 0.0, 0.0, 2.0, 1.0 ] },
            "west": { "texture": "#2", "uv": [ 0.0, 0.0, 1.0, 1.0 ] },
            "up": { "texture": "#2", "uv": [ 0.0, 0.0, 2.0, 1.0 ] },
            "down": { "texture": "#2", "uv": [ 0.0, 0.0, 2.0, 1.0 ] }
        }
    },
    {
        "name": "Cube",
        "from": [ 3.0, 4.0, 3.0 ], 
        "to": [ 5.0, 5.0, 4.0 ], 
        "faces": {
            "north": { "texture": "#2", "uv": [ 0.0, 0.0, 2.0, 1.0 ] },
            "east": { "texture": "#2", "uv": [ 0.0, 0.0, 1.0, 1.0 ] },
            "south": { "texture": "#2", "uv": [ 0.0, 0.0, 2.0, 1.0 ] },
            "west": { "texture": "#2", "uv": [ 0.0, 0.0, 1.0, 1.0 ] },
            "up": { "texture": "#2", "uv": [ 0.0, 0.0, 2.0, 1.0 ] },
            "down": { "texture": "#2", "uv": [ 0.0, 0.0, 2.0, 1.0 ] }
        }
    },
    {
        "name": "Cube",
        "from": [ 3.0, 8.0, 3.0 ], 
        "to": [ 5.0, 9.0, 4.0 ], 
        "faces": {
            "north": { "texture": "#2", "uv": [ 0.0, 0.0, 2.0, 1.0 ] },
            "east": { "texture": "#2", "uv": [ 0.0, 0.0, 1.0, 1.0 ] },
            "south": { "texture": "#2", "uv": [ 0.0, 0.0, 2.0, 1.0 ] },
            "west": { "texture": "#2", "uv": [ 0.0, 0.0, 1.0, 1.0 ] },
            "up": { "texture": "#2", "uv": [ 0.0, 0.0, 2.0, 1.0 ] },
            "down": { "texture": "#2", "uv": [ 0.0, 0.0, 2.0, 1.0 ] }
        }
    },
    {
        "name": "Cube",
        "from": [ 3.0, 12.0, 3.0 ], 
        "to": [ 5.0, 13.0, 4.0 ], 
        "faces": {
            "north": { "texture": "#2", "uv": [ 0.0, 0.0, 2.0, 1.0 ] },
            "east": { "texture": "#2", "uv": [ 0.0, 0.0, 1.0, 1.0 ] },
            "south": { "texture": "#2", "uv": [ 0.0, 0.0, 2.0, 1.0 ] },
            "west": { "texture": "#2", "uv": [ 0.0, 0.0, 1.0, 1.0 ] },
            "up": { "texture": "#2", "uv": [ 0.0, 0.0, 2.0, 1.0 ] },
            "down": { "texture": "#2", "uv": [ 0.0, 0.0, 2.0, 1.0 ] }
        }
    },
    {
        "name": "Cube",
        "from": [ 3.0, 12.0, 12.0 ], 
        "to": [ 5.0, 13.0, 13.0 ], 
        "faces": {
            "north": { "texture": "#2", "uv": [ 0.0, 0.0, 2.0, 1.0 ] },
            "east": { "texture": "#2", "uv": [ 0.0, 0.0, 1.0, 1.0 ] },
            "south": { "texture": "#2", "uv": [ 0.0, 0.0, 2.0, 1.0 ] },
            "west": { "texture": "#2", "uv": [ 0.0, 0.0, 1.0, 1.0 ] },
            "up": { "texture": "#2", "uv": [ 0.0, 0.0, 2.0, 1.0 ] },
            "down": { "texture": "#2", "uv": [ 0.0, 0.0, 2.0, 1.0 ] }
        }
    },
    {
        "name": "Cube",
        "from": [ 3.0, 8.0, 12.0 ], 
        "to": [ 5.0, 9.0, 13.0 ], 
        "faces": {
            "north": { "texture": "#2", "uv": [ 0.0, 0.0, 2.0, 1.0 ] },
            "east": { "texture": "#2", "uv": [ 0.0, 0.0, 1.0, 1.0 ] },
            "south": { "texture": "#2", "uv": [ 0.0, 0.0, 2.0, 1.0 ] },
            "west": { "texture": "#2", "uv": [ 0.0, 0.0, 1.0, 1.0 ] },
            "up": { "texture": "#2", "uv": [ 0.0, 0.0, 2.0, 1.0 ] },
            "down": { "texture": "#2", "uv": [ 0.0, 0.0, 2.0, 1.0 ] }
        }
    },
    {
        "name": "Cube",
        "from": [ 11.0, 8.0, 12.0 ], 
        "to": [ 13.0, 9.0, 13.0 ], 
        "faces": {
            "north": { "texture": "#2", "uv": [ 0.0, 0.0, 2.0, 1.0 ] },
            "east": { "texture": "#2", "uv": [ 0.0, 0.0, 1.0, 1.0 ] },
            "south": { "texture": "#2", "uv": [ 0.0, 0.0, 2.0, 1.0 ] },
            "west": { "texture": "#2", "uv": [ 0.0, 0.0, 1.0, 1.0 ] },
            "up": { "texture": "#2", "uv": [ 0.0, 0.0, 2.0, 1.0 ] },
            "down": { "texture": "#2", "uv": [ 0.0, 0.0, 2.0, 1.0 ] }
        }
    },
    {
        "name": "Cube",
        "from": [ 11.0, 12.0, 12.0 ], 
        "to": [ 13.0, 13.0, 13.0 ], 
        "faces": {
            "north": { "texture": "#2", "uv": [ 0.0, 0.0, 2.0, 1.0 ] },
            "east": { "texture": "#2", "uv": [ 0.0, 0.0, 1.0, 1.0 ] },
            "south": { "texture": "#2", "uv": [ 0.0, 0.0, 2.0, 1.0 ] },
            "west": { "texture": "#2", "uv": [ 0.0, 0.0, 1.0, 1.0 ] },
            "up": { "texture": "#2", "uv": [ 0.0, 0.0, 2.0, 1.0 ] },
            "down": { "texture": "#2", "uv": [ 0.0, 0.0, 2.0, 1.0 ] }
        }
    },
    {
        "name": "Cube",
        "from": [ 11.0, 12.0, 3.0 ], 
        "to": [ 13.0, 13.0, 4.0 ], 
        "faces": {
            "north": { "texture": "#2", "uv": [ 0.0, 0.0, 2.0, 1.0 ] },
            "east": { "texture": "#2", "uv": [ 0.0, 0.0, 1.0, 1.0 ] },
            "south": { "texture": "#2", "uv": [ 0.0, 0.0, 2.0, 1.0 ] },
            "west": { "texture": "#2", "uv": [ 0.0, 0.0, 1.0, 1.0 ] },
            "up": { "texture": "#2", "uv": [ 0.0, 0.0, 2.0, 1.0 ] },
            "down": { "texture": "#2", "uv": [ 0.0, 0.0, 2.0, 1.0 ] }
        }
    },
    {
        "name": "Cube",
        "from": [ 11.0, 8.0, 3.0 ], 
        "to": [ 13.0, 9.0, 4.0 ], 
        "faces": {
            "north": { "texture": "#2", "uv": [ 0.0, 0.0, 2.0, 1.0 ] },
            "east": { "texture": "#2", "uv": [ 0.0, 0.0, 1.0, 1.0 ] },
            "south": { "texture": "#2", "uv": [ 0.0, 0.0, 2.0, 1.0 ] },
            "west": { "texture": "#2", "uv": [ 0.0, 0.0, 1.0, 1.0 ] },
            "up": { "texture": "#2", "uv": [ 0.0, 0.0, 2.0, 1.0 ] },
            "down": { "texture": "#2", "uv": [ 0.0, 0.0, 2.0, 1.0 ] }
        }
    },
    {
        "name": "Cube",
        "from": [ 3.0, 4.0, 4.0 ], 
        "to": [ 4.0, 5.0, 5.0 ], 
        "faces": {
            "north": { "texture": "#2", "uv": [ 0.0, 0.0, 1.0, 1.0 ] },
            "east": { "texture": "#2", "uv": [ 0.0, 0.0, 1.0, 1.0 ] },
            "south": { "texture": "#2", "uv": [ 0.0, 0.0, 1.0, 1.0 ] },
            "west": { "texture": "#2", "uv": [ 0.0, 0.0, 1.0, 1.0 ] },
            "up": { "texture": "#2", "uv": [ 0.0, 0.0, 1.0, 1.0 ] },
            "down": { "texture": "#2", "uv": [ 0.0, 0.0, 1.0, 1.0 ] }
        }
    },
    {
        "name": "Cube",
        "from": [ 3.0, 8.0, 4.0 ], 
        "to": [ 4.0, 9.0, 5.0 ], 
        "faces": {
            "north": { "texture": "#2", "uv": [ 7.0, 7.0, 8.0, 8.0 ] },
            "east": { "texture": "#2", "uv": [ 0.0, 0.0, 1.0, 1.0 ] },
            "south": { "texture": "#2", "uv": [ 0.0, 0.0, 1.0, 1.0 ] },
            "west": { "texture": "#2", "uv": [ 8.0, 8.0, 9.0, 9.0 ] },
            "up": { "texture": "#2", "uv": [ 0.0, 0.0, 1.0, 1.0 ] },
            "down": { "texture": "#2", "uv": [ 0.0, 0.0, 1.0, 1.0 ] }
        }
    },
    {
        "name": "Cube",
        "from": [ 3.0, 12.0, 4.0 ], 
        "to": [ 4.0, 13.0, 5.0 ], 
        "faces": {
            "north": { "texture": "#2", "uv": [ 0.0, 0.0, 1.0, 1.0 ] },
            "east": { "texture": "#2", "uv": [ 0.0, 0.0, 1.0, 1.0 ] },
            "south": { "texture": "#2", "uv": [ 0.0, 0.0, 1.0, 1.0 ] },
            "west": { "texture": "#2", "uv": [ 0.0, 0.0, 1.0, 1.0 ] },
            "up": { "texture": "#2", "uv": [ 0.0, 0.0, 1.0, 1.0 ] },
            "down": { "texture": "#2", "uv": [ 0.0, 0.0, 1.0, 1.0 ] }
        }
    },
    {
        "name": "Cube",
        "from": [ 3.0, 12.0, 11.0 ], 
        "to": [ 4.0, 13.0, 12.0 ], 
        "faces": {
            "north": { "texture": "#2", "uv": [ 0.0, 0.0, 1.0, 1.0 ] },
            "east": { "texture": "#2", "uv": [ 0.0, 0.0, 1.0, 1.0 ] },
            "south": { "texture": "#2", "uv": [ 0.0, 0.0, 1.0, 1.0 ] },
            "west": { "texture": "#2", "uv": [ 0.0, 0.0, 1.0, 1.0 ] },
            "up": { "texture": "#2", "uv": [ 0.0, 0.0, 1.0, 1.0 ] },
            "down": { "texture": "#2", "uv": [ 0.0, 0.0, 1.0, 1.0 ] }
        }
    },
    {
        "name": "Cube",
        "from": [ 3.0, 8.0, 11.0 ], 
        "to": [ 4.0, 9.0, 12.0 ], 
        "faces": {
            "north": { "texture": "#2", "uv": [ 0.0, 0.0, 1.0, 1.0 ] },
            "east": { "texture": "#2", "uv": [ 0.0, 0.0, 1.0, 1.0 ] },
            "south": { "texture": "#2", "uv": [ 0.0, 0.0, 1.0, 1.0 ] },
            "west": { "texture": "#2", "uv": [ 0.0, 0.0, 1.0, 1.0 ] },
            "up": { "texture": "#2", "uv": [ 0.0, 0.0, 1.0, 1.0 ] },
            "down": { "texture": "#2", "uv": [ 0.0, 0.0, 1.0, 1.0 ] }
        }
    },
    {
        "name": "Cube",
        "from": [ 3.0, 4.0, 11.0 ], 
        "to": [ 4.0, 5.0, 12.0 ], 
        "faces": {
            "north": { "texture": "#2", "uv": [ 0.0, 0.0, 1.0, 1.0 ] },
            "east": { "texture": "#2", "uv": [ 0.0, 0.0, 1.0, 1.0 ] },
            "south": { "texture": "#2", "uv": [ 0.0, 0.0, 1.0, 1.0 ] },
            "west": { "texture": "#2", "uv": [ 0.0, 0.0, 1.0, 1.0 ] },
            "up": { "texture": "#2", "uv": [ 0.0, 0.0, 1.0, 1.0 ] },
            "down": { "texture": "#2", "uv": [ 0.0, 0.0, 1.0, 1.0 ] }
        }
    },
    {
        "name": "Cube",
        "from": [ 12.0, 4.0, 11.0 ], 
        "to": [ 13.0, 5.0, 12.0 ], 
        "faces": {
            "north": { "texture": "#2", "uv": [ 0.0, 0.0, 1.0, 1.0 ] },
            "east": { "texture": "#2", "uv": [ 0.0, 0.0, 1.0, 1.0 ] },
            "south": { "texture": "#2", "uv": [ 0.0, 0.0, 1.0, 1.0 ] },
            "west": { "texture": "#2", "uv": [ 0.0, 0.0, 1.0, 1.0 ] },
            "up": { "texture": "#2", "uv": [ 0.0, 0.0, 1.0, 1.0 ] },
            "down": { "texture": "#2", "uv": [ 0.0, 0.0, 1.0, 1.0 ] }
        }
    },
    {
        "name": "Cube",
        "from": [ 12.0, 8.0, 11.0 ], 
        "to": [ 13.0, 9.0, 12.0 ], 
        "faces": {
            "north": { "texture": "#2", "uv": [ 0.0, 0.0, 1.0, 1.0 ] },
            "east": { "texture": "#2", "uv": [ 0.0, 0.0, 1.0, 1.0 ] },
            "south": { "texture": "#2", "uv": [ 0.0, 0.0, 1.0, 1.0 ] },
            "west": { "texture": "#2", "uv": [ 0.0, 0.0, 1.0, 1.0 ] },
            "up": { "texture": "#2", "uv": [ 0.0, 0.0, 1.0, 1.0 ] },
            "down": { "texture": "#2", "uv": [ 0.0, 0.0, 1.0, 1.0 ] }
        }
    },
    {
        "name": "Cube",
        "from": [ 12.0, 12.0, 11.0 ], 
        "to": [ 13.0, 13.0, 12.0 ], 
        "faces": {
            "north": { "texture": "#2", "uv": [ 0.0, 0.0, 1.0, 1.0 ] },
            "east": { "texture": "#2", "uv": [ 0.0, 0.0, 1.0, 1.0 ] },
            "south": { "texture": "#2", "uv": [ 0.0, 0.0, 1.0, 1.0 ] },
            "west": { "texture": "#2", "uv": [ 0.0, 0.0, 1.0, 1.0 ] },
            "up": { "texture": "#2", "uv": [ 0.0, 0.0, 1.0, 1.0 ] },
            "down": { "texture": "#2", "uv": [ 0.0, 0.0, 1.0, 1.0 ] }
        }
    },
    {
        "name": "Cube",
        "from": [ 12.0, 12.0, 4.0 ], 
        "to": [ 13.0, 13.0, 5.0 ], 
        "faces": {
            "north": { "texture": "#2", "uv": [ 0.0, 0.0, 1.0, 1.0 ] },
            "east": { "texture": "#2", "uv": [ 0.0, 0.0, 1.0, 1.0 ] },
            "south": { "texture": "#2", "uv": [ 0.0, 0.0, 1.0, 1.0 ] },
            "west": { "texture": "#2", "uv": [ 0.0, 0.0, 1.0, 1.0 ] },
            "up": { "texture": "#2", "uv": [ 0.0, 0.0, 1.0, 1.0 ] },
            "down": { "texture": "#2", "uv": [ 0.0, 0.0, 1.0, 1.0 ] }
        }
    },
    {
        "name": "Cube",
        "from": [ 12.0, 8.0, 4.0 ], 
        "to": [ 13.0, 9.0, 5.0 ], 
        "faces": {
            "north": { "texture": "#2", "uv": [ 0.0, 0.0, 1.0, 1.0 ] },
            "east": { "texture": "#2", "uv": [ 0.0, 0.0, 1.0, 1.0 ] },
            "south": { "texture": "#2", "uv": [ 0.0, 0.0, 1.0, 1.0 ] },
            "west": { "texture": "#2", "uv": [ 0.0, 0.0, 1.0, 1.0 ] },
            "up": { "texture": "#2", "uv": [ 0.0, 0.0, 1.0, 1.0 ] },
            "down": { "texture": "#2", "uv": [ 0.0, 0.0, 1.0, 1.0 ] }
        }
    },
    {
        "name": "Cube",
        "from": [ 12.0, 4.0, 4.0 ], 
        "to": [ 13.0, 5.0, 5.0 ], 
        "faces": {
            "north": { "texture": "#2", "uv": [ 0.0, 0.0, 1.0, 1.0 ] },
            "east": { "texture": "#2", "uv": [ 0.0, 0.0, 1.0, 1.0 ] },
            "south": { "texture": "#2", "uv": [ 0.0, 0.0, 1.0, 1.0 ] },
            "west": { "texture": "#2", "uv": [ 0.0, 0.0, 1.0, 1.0 ] },
            "up": { "texture": "#2", "uv": [ 0.0, 0.0, 1.0, 1.0 ] },
            "down": { "texture": "#2", "uv": [ 0.0, 0.0, 1.0, 1.0 ] }
        }
    },
    {
        "name": "Cube",
        "from": [ 7.0, 12.0, 3.0 ], 
        "to": [ 9.0, 13.0, 4.0 ], 
        "faces": {
            "north": { "texture": "#2", "uv": [ 0.0, 0.0, 2.0, 1.0 ] },
            "east": { "texture": "#2", "uv": [ 0.0, 0.0, 1.0, 1.0 ] },
            "south": { "texture": "#2", "uv": [ 0.0, 0.0, 2.0, 1.0 ] },
            "west": { "texture": "#2", "uv": [ 0.0, 0.0, 1.0, 1.0 ] },
            "up": { "texture": "#2", "uv": [ 0.0, 0.0, 2.0, 1.0 ] },
            "down": { "texture": "#2", "uv": [ 0.0, 0.0, 2.0, 1.0 ] }
        }
    },
    {
        "name": "Cube",
        "from": [ 7.0, 8.0, 3.0 ], 
        "to": [ 9.0, 9.0, 4.0 ], 
        "faces": {
            "north": { "texture": "#2", "uv": [ 0.0, 0.0, 2.0, 1.0 ] },
            "east": { "texture": "#2", "uv": [ 0.0, 0.0, 1.0, 1.0 ] },
            "south": { "texture": "#2", "uv": [ 0.0, 0.0, 2.0, 1.0 ] },
            "west": { "texture": "#2", "uv": [ 0.0, 0.0, 1.0, 1.0 ] },
            "up": { "texture": "#2", "uv": [ 0.0, 0.0, 2.0, 1.0 ] },
            "down": { "texture": "#2", "uv": [ 0.0, 0.0, 2.0, 1.0 ] }
        }
    },
    {
        "name": "Cube",
        "from": [ 7.0, 4.0, 3.0 ], 
        "to": [ 9.0, 5.0, 4.0 ], 
        "faces": {
            "north": { "texture": "#2", "uv": [ 0.0, 0.0, 2.0, 1.0 ] },
            "east": { "texture": "#2", "uv": [ 0.0, 0.0, 1.0, 1.0 ] },
            "south": { "texture": "#2", "uv": [ 0.0, 0.0, 2.0, 1.0 ] },
            "west": { "texture": "#2", "uv": [ 0.0, 0.0, 1.0, 1.0 ] },
            "up": { "texture": "#2", "uv": [ 0.0, 0.0, 2.0, 1.0 ] },
            "down": { "texture": "#2", "uv": [ 0.0, 0.0, 2.0, 1.0 ] }
        }
    },
    {
        "name": "Cube",
        "from": [ 7.0, 4.0, 12.0 ], 
        "to": [ 9.0, 5.0, 13.0 ], 
        "faces": {
            "north": { "texture": "#2", "uv": [ 0.0, 0.0, 2.0, 1.0 ] },
            "east": { "texture": "#2", "uv": [ 0.0, 0.0, 1.0, 1.0 ] },
            "south": { "texture": "#2", "uv": [ 0.0, 0.0, 2.0, 1.0 ] },
            "west": { "texture": "#2", "uv": [ 0.0, 0.0, 1.0, 1.0 ] },
            "up": { "texture": "#2", "uv": [ 0.0, 0.0, 2.0, 1.0 ] },
            "down": { "texture": "#2", "uv": [ 0.0, 0.0, 2.0, 1.0 ] }
        }
    },
    {
        "name": "Cube",
        "from": [ 7.0, 8.0, 12.0 ], 
        "to": [ 9.0, 9.0, 13.0 ], 
        "faces": {
            "north": { "texture": "#2", "uv": [ 0.0, 0.0, 2.0, 1.0 ] },
            "east": { "texture": "#2", "uv": [ 0.0, 0.0, 1.0, 1.0 ] },
            "south": { "texture": "#2", "uv": [ 0.0, 0.0, 2.0, 1.0 ] },
            "west": { "texture": "#2", "uv": [ 0.0, 0.0, 1.0, 1.0 ] },
            "up": { "texture": "#2", "uv": [ 0.0, 0.0, 2.0, 1.0 ] },
            "down": { "texture": "#2", "uv": [ 0.0, 0.0, 2.0, 1.0 ] }
        }
    },
    {
        "name": "Cube",
        "from": [ 7.0, 12.0, 12.0 ], 
        "to": [ 9.0, 13.0, 13.0 ], 
        "faces": {
            "north": { "texture": "#2", "uv": [ 0.0, 0.0, 2.0, 1.0 ] },
            "east": { "texture": "#2", "uv": [ 0.0, 0.0, 1.0, 1.0 ] },
            "south": { "texture": "#2", "uv": [ 0.0, 0.0, 2.0, 1.0 ] },
            "west": { "texture": "#2", "uv": [ 0.0, 0.0, 1.0, 1.0 ] },
            "up": { "texture": "#2", "uv": [ 0.0, 0.0, 2.0, 1.0 ] },
            "down": { "texture": "#2", "uv": [ 0.0, 0.0, 2.0, 1.0 ] }
        }
    },
    {
        "name": "Cube",
        "from": [ 12.0, 12.0, 7.0 ], 
        "to": [ 13.0, 13.0, 9.0 ], 
        "faces": {
            "north": { "texture": "#2", "uv": [ 0.0, 0.0, 1.0, 1.0 ] },
            "east": { "texture": "#2", "uv": [ 0.0, 0.0, 2.0, 1.0 ] },
            "south": { "texture": "#2", "uv": [ 0.0, 0.0, 1.0, 1.0 ] },
            "west": { "texture": "#2", "uv": [ 0.0, 0.0, 2.0, 1.0 ] },
            "up": { "texture": "#2", "uv": [ 0.0, 0.0, 1.0, 2.0 ] },
            "down": { "texture": "#2", "uv": [ 0.0, 0.0, 1.0, 2.0 ] }
        }
    },
    {
        "name": "Cube",
        "from": [ 12.0, 8.0, 7.0 ], 
        "to": [ 13.0, 9.0, 9.0 ], 
        "faces": {
            "north": { "texture": "#2", "uv": [ 0.0, 0.0, 1.0, 1.0 ] },
            "east": { "texture": "#2", "uv": [ 0.0, 0.0, 2.0, 1.0 ] },
            "south": { "texture": "#2", "uv": [ 0.0, 0.0, 1.0, 1.0 ] },
            "west": { "texture": "#2", "uv": [ 0.0, 0.0, 2.0, 1.0 ] },
            "up": { "texture": "#2", "uv": [ 0.0, 0.0, 1.0, 2.0 ] },
            "down": { "texture": "#2", "uv": [ 0.0, 0.0, 1.0, 2.0 ] }
        }
    },
    {
        "name": "Cube",
        "from": [ 12.0, 4.0, 7.0 ], 
        "to": [ 13.0, 5.0, 9.0 ], 
        "faces": {
            "north": { "texture": "#2", "uv": [ 0.0, 0.0, 1.0, 1.0 ] },
            "east": { "texture": "#2", "uv": [ 0.0, 0.0, 2.0, 1.0 ] },
            "south": { "texture": "#2", "uv": [ 0.0, 0.0, 1.0, 1.0 ] },
            "west": { "texture": "#2", "uv": [ 0.0, 0.0, 2.0, 1.0 ] },
            "up": { "texture": "#2", "uv": [ 0.0, 0.0, 1.0, 2.0 ] },
            "down": { "texture": "#2", "uv": [ 0.0, 0.0, 1.0, 2.0 ] }
        }
    },
    {
        "name": "Cube",
        "from": [ 3.0, 4.0, 7.0 ], 
        "to": [ 4.0, 5.0, 9.0 ], 
        "faces": {
            "north": { "texture": "#2", "uv": [ 0.0, 0.0, 1.0, 1.0 ] },
            "east": { "texture": "#2", "uv": [ 0.0, 0.0, 2.0, 1.0 ] },
            "south": { "texture": "#2", "uv": [ 0.0, 0.0, 1.0, 1.0 ] },
            "west": { "texture": "#2", "uv": [ 0.0, 0.0, 2.0, 1.0 ] },
            "up": { "texture": "#2", "uv": [ 0.0, 0.0, 1.0, 2.0 ] },
            "down": { "texture": "#2", "uv": [ 0.0, 0.0, 1.0, 2.0 ] }
        }
    },
    {
        "name": "Cube",
        "from": [ 3.0, 8.0, 7.0 ], 
        "to": [ 4.0, 9.0, 9.0 ], 
        "faces": {
            "north": { "texture": "#2", "uv": [ 0.0, 0.0, 1.0, 1.0 ] },
            "east": { "texture": "#2", "uv": [ 0.0, 0.0, 2.0, 1.0 ] },
            "south": { "texture": "#2", "uv": [ 0.0, 0.0, 1.0, 1.0 ] },
            "west": { "texture": "#2", "uv": [ 0.0, 0.0, 2.0, 1.0 ] },
            "up": { "texture": "#2", "uv": [ 0.0, 0.0, 1.0, 2.0 ] },
            "down": { "texture": "#2", "uv": [ 0.0, 0.0, 1.0, 2.0 ] }
        }
    },
    {
        "name": "Cube",
        "from": [ 3.0, 12.0, 7.0 ], 
        "to": [ 4.0, 13.0, 9.0 ], 
        "faces": {
            "north": { "texture": "#2", "uv": [ 0.0, 0.0, 1.0, 1.0 ] },
            "east": { "texture": "#2", "uv": [ 0.0, 0.0, 2.0, 1.0 ] },
            "south": { "texture": "#2", "uv": [ 0.0, 0.0, 1.0, 1.0 ] },
            "west": { "texture": "#2", "uv": [ 0.0, 0.0, 2.0, 1.0 ] },
            "up": { "texture": "#2", "uv": [ 0.0, 0.0, 1.0, 2.0 ] },
            "down": { "texture": "#2", "uv": [ 0.0, 0.0, 1.0, 2.0 ] }
        }
    },
    {
        "name": "Cube",
        "from": [ 3.0, 12.0, 7.0 ], 
        "to": [ 4.0, 13.0, 9.0 ], 
        "faces": {
            "north": { "texture": "#2", "uv": [ 0.0, 0.0, 1.0, 1.0 ] },
            "east": { "texture": "#2", "uv": [ 0.0, 0.0, 2.0, 1.0 ] },
            "south": { "texture": "#2", "uv": [ 0.0, 0.0, 1.0, 1.0 ] },
            "west": { "texture": "#2", "uv": [ 0.0, 0.0, 2.0, 1.0 ] },
            "up": { "texture": "#2", "uv": [ 0.0, 0.0, 1.0, 2.0 ] },
            "down": { "texture": "#2", "uv": [ 0.0, 0.0, 1.0, 2.0 ] }
        }
    },
    {
        "name": "Cube",
        "from": [ 5.0, 16.0, 5.0 ], 
        "to": [ 11.0, 16.19999998807907, 11.0 ], 
        "faces": {
            "north": { "texture": "#2", "uv": [ 0.0, 0.0, 6.0, 0.19999998807907104 ] },
            "east": { "texture": "#2", "uv": [ 0.0, 0.0, 6.0, 0.19999998807907104 ] },
            "south": { "texture": "#2", "uv": [ 0.0, 0.0, 6.0, 0.19999998807907104 ] },
            "west": { "texture": "#2", "uv": [ 0.0, 0.0, 6.0, 0.19999998807907104 ] },
            "up": { "texture": "#2", "uv": [ 0.0, 0.0, 6.0, 6.0 ] },
            "down": { "texture": "#2", "uv": [ 0.0, 0.0, 6.0, 6.0 ] }
        }
    },
    {
        "name": "Cube",
        "from": [ 5.0, 0.800000011920929, 5.0 ], 
        "to": [ 11.0, 1.0000000149011612, 11.0 ], 
        "faces": {
            "north": { "texture": "#2", "uv": [ 0.0, 0.0, 6.0, 0.20000000298023224 ] },
            "east": { "texture": "#2", "uv": [ 0.0, 0.0, 6.0, 0.20000000298023224 ] },
            "south": { "texture": "#2", "uv": [ 0.0, 0.0, 6.0, 0.20000000298023224 ] },
            "west": { "texture": "#2", "uv": [ 0.0, 0.0, 6.0, 0.20000000298023224 ] },
            "up": { "texture": "#2", "uv": [ 0.0, 0.0, 6.0, 6.0 ] },
            "down": { "texture": "#2", "uv": [ 0.0, 0.0, 6.0, 6.0 ] }
        }
    }
]
}