{
    "parent": "minecraft:item/generated",
    "textures": {
        "layer0": "custom/air"
    },
    "display": {
        "thirdperson_righthand": {
            "scale": [ 0.0, 0.0, 0.0 ]
        },
        "head": {
            "scale": [ 0.0, 0.0, 0.0 ]
        },
        "ground": {
            "scale": [ 0.0, 0.0, 0.0 ]
        },
        "fixed": {
            "scale": [ 0.0, 0.0, 0.0 ]
        },
        "gui": {
            "scale": [ 0.0, 0.0, 0.0 ]
        },
        "firstperson_righthand": {
            "scale": [ 0.0, 0.0, 0.0 ]
        }
    }
}