{
    "gui_light": "front",
    "textures": {
        "layer0": "mcbt/empty",
        "layer1": "mcbt/gui_background"
    },
    "display": {
        "fixed": {
            "rotation": [ 0, 0, 0 ],
            "translation": [ 0, 0, 0 ],
            "scale": [ 2, 2, 2 ]
        },
        "gui": {
            "rotation": [ 0, 0, 0 ],
            "translation": [ 0, 0, 0 ],
            "scale": [ 1.2, 1.2, 1.2 ]
        }
    },
    "elements": [
        {
            "name": "Cube",
            "from": [ 0.0, 0.0, 0 ], 
            "to": [ 16.0, 16.0, 0 ], 
            "faces": {
                "south": { "texture": "#layer1", "uv": [ 0.0, 0.0, 16.0, 16.0 ] }
            }
        },
        {
            "name": "Cube",
            "from": [ 0.0, 0.0, 0.0 ], 
            "to": [ 16.0, 16.0, 0.0 ], 
            "faces": {
                "north": { "texture": "#layer0", "uv": [ 0.0, 0.0, 16.0, 16.0 ] },
                "south": { "texture": "#layer0", "uv": [ 0.0, 0.0, 16.0, 16.0 ] }
            }
        }
    ]
}