{
"gui_light": "front",
"textures": {
	"0": "mcbt/gui_background",
    "1": "mcbt/gui_background"
},
"display": {
    "thirdperson_righthand": {
        "rotation": [ 0, 100, 25 ],
        "translation": [ 0, 3, -0.2 ],
        "scale": [ 0.55, 0.55, 0.55 ]
    },
    "ground": {
        "rotation": [ 0, 100, 25 ],
        "translation": [ 0, 3, 0 ],
        "scale": [ 0.55, 0.55, 0.55 ]
    },
    "fixed": {
        "rotation": [ 0, 0, 0 ],
        "translation": [ 0, 4.5, -2 ],
        "scale": [ 1.15, 1.15, 1.15 ]
    },
    "gui": {
        "rotation": [ 0, 0, 0 ],
        "translation": [ -40, -1.8, 50 ],
        "scale": [ 4, 3.6, 4 ]
    },
    "firstperson_righthand": {
        "rotation": [ 0, -100, 0 ],
        "translation": [ 0, 4, 2 ],
        "scale": [ 0.55, 0.55, 0.55 ]
    }
},
"elements": [
{
    "name": "Cube",
    "from": [ -16.0, 6.0, 0.0 ], 
    "to": [ 16.0, 24.0, 0.0 ],
    "faces": {
        "south": { "texture": "#0", "uv": [ 0.0, 0.0, 16.0, 16.0 ] }
    }
},
{
    "name": "Cube",
    "from": [ 16.0, 6.0, 0.0 ], 
    "to": [ 20.4, 11, 0.0 ],
    "faces": {
        "south": { "texture": "#1", "uv": [ 0.0, 0.0, 16.0, 16.0 ] }
    }
}
]
}