{
 "parent": "item/generated",
  "textures": {
  "layer0": "block/red_stained_glass"
 },
 "overrides": [
 {"predicate": {"custom_model_data": 1},"model": "gui/num_0_red"},
 {"predicate": {"custom_model_data": 2},"model": "gui/num_1_red"},
 {"predicate": {"custom_model_data": 3},"model": "gui/num_2_red"},
 {"predicate": {"custom_model_data": 4},"model": "gui/num_3_red"},
 {"predicate": {"custom_model_data": 5},"model": "gui/num_4_red"},
 {"predicate": {"custom_model_data": 6},"model": "gui/num_5_red"},
 {"predicate": {"custom_model_data": 7},"model": "gui/num_6_red"},
 {"predicate": {"custom_model_data": 8},"model": "gui/num_7_red"},
 {"predicate": {"custom_model_data": 9},"model": "gui/num_8_red"},
 {"predicate": {"custom_model_data": 10},"model": "gui/num_9_red"},
 {"predicate": {"custom_model_data": 11},"model": "gui/num_dot_red"},
 {"predicate": {"custom_model_data": 100},"model": "gui/background"}
 ]
}

