{
  "parent": "minecraft:item/generated",
  "textures": {
    "layer0": "minecraft:item/totem_of_undying"
  },
    "overrides": [
        {"predicate": {"custom_model_data": 1},"model": "bims/bim_fragmentation"},
        {"predicate": {"custom_model_data": 2},"model": "bims/bim_timer"},
        {"predicate": {"custom_model_data": 3},"model": "bims/bim_tracker"},
        {"predicate": {"custom_model_data": 4},"model": "bims/bim_remote"},
        {"predicate": {"custom_model_data": 5},"model": "bims/bim_gaz"},
        {"predicate": {"custom_model_data": 6},"model": "bims/bim_shield"},
        {"predicate": {"custom_model_data": 7},"model": "bims/bim_incendiary"},
        {"predicate": {"custom_model_data": 8},"model": "bims/bim_implosion"}
    ]
}