{
    "parent": "item/handheld",
    "textures": {
        "layer0": "items/wood_hoe"
    },
    "overrides": [
        {"predicate": {"damage": 0.01},"model": "bims/logo_remote"},
        {"predicate": {"damage": 0.03},"model": "bims/logo_fragmentation"},
        {"predicate": {"damage": 0.05},"model": "bims/logo_timer"},
        {"predicate": {"damage": 0.06},"model": "bims/logo_gaz"},
        {"predicate": {"damage": 0.08},"model": "bims/logo_incendiary"},
        {"predicate": {"damage": 0.09},"model": "bims/logo_implosion"},
        {"predicate": {"damage": 0.11},"model": "bims/logo_shield"},
        {"predicate": {"damage": 0.12},"model": "bims/logo_tracker"}
    ]
}