{
    "__comment": "Model made by Anarchick",
    "ambientocclusion": false,
    "textures": {
        "0": "mcbt/dash_red",
        "particle": "mcbt/lead"
    },
"display": {
    "thirdperson_righthand": {
        "rotation": [ 25, 0, 0 ],
        "translation": [ 0, 0, 0 ],
        "scale": [ 0.3, 0.3, 0.3 ]
    },
    "head": {
        "rotation": [ 0, 0, 0 ],
        "translation": [ 0, -16, 0 ],
        "scale": [ 1, 1, 3 ]
    },
    "ground": {
        "rotation": [ 25, 0, 0 ],
        "translation": [ 0, 0, 0 ],
        "scale": [ 0.3, 0.3, 0.3 ]
    },
    "fixed": {
        "rotation": [ 0, 180, 0 ],
        "translation": [ -1, 5, -5 ],
        "scale": [ 2, 2, 2 ]
    },
    "gui": {
        "rotation": [ 0, 180, 0 ],
        "translation": [ 0, 0, 0 ],
        "scale": [ 1, 1, 1 ]
    },
    "firstperson_righthand": {
        "rotation": [ -45, 130, 0 ],
        "translation": [ 1, 1, 0 ],
        "scale": [ 0.3, 0.3, 0.3 ]
    }
},
    "elements": [
        {
            "name": "Cube",
            "from": [ 0.0, -16.0, 0.0 ], 
            "to": [0.0, 32.0, 16.0],
            "shade": false,
            "faces": {
                "east": { "texture": "#0", "uv": [ 16.0, 0.0, 0.0, 16.0 ] },
                "west": { "texture": "#0", "uv": [ 0.0, 0.0, 16.0, 16.0 ] }
            }
        },
        {
            "name": "Cube",
            "from": [ 16.0, -16.0, 0.0 ], 
            "to": [16.0, 32.0, 16.0],
            "shade": false,
            "faces": {
                "east": { "texture": "#0", "uv": [ 16.0, 0.0, 0.0, 16.0 ] },
                "west": { "texture": "#0", "uv": [ 0.0, 0.0, 16.0, 16.0 ] }
            }
        }
    ]
}